latitud,longitud,code,id,state_id,name
21.524736,-102.174577,1001,42000000-0000-0000-0000-000000000001,40000000-0000-0000-0000-000000000001,Aguascalientes
22.141794,-102.052139,1002,42000000-0000-0000-0000-000000000002,40000000-0000-0000-0000-000000000001,Asientos
21.504887,-102.43075,1003,42000000-0000-0000-0000-000000000003,40000000-0000-0000-0000-000000000001,Calvillo
22.215907,-102.180016,1004,42000000-0000-0000-0000-000000000004,40000000-0000-0000-0000-000000000001,Cosio
21.574058,-102.20363,1005,42000000-0000-0000-0000-000000000005,40000000-0000-0000-0000-000000000001,Jesus Maria
22.085713,-102.163555,1006,42000000-0000-0000-0000-000000000006,40000000-0000-0000-0000-000000000001,Pabellon de Arteaga
22.134524,-102.192305,1007,42000000-0000-0000-0000-000000000007,40000000-0000-0000-0000-000000000001,Rincon de Romos
22.090078,-102.245628,1008,42000000-0000-0000-0000-000000000008,40000000-0000-0000-0000-000000000001,San Jose de Gracia
22.132722,-102.10011,1009,42000000-0000-0000-0000-000000000009,40000000-0000-0000-0000-000000000001,Tepezala
21.550793,-101.575511,1010,42000000-0000-0000-0000-000000000010,40000000-0000-0000-0000-000000000001,El Llano
22.042062,-102.162164,1011,42000000-0000-0000-0000-000000000011,40000000-0000-0000-0000-000000000001,San Francisco de los Romo
31.48322,-116.354248,2001,42000000-0000-0000-0000-000000000012,40000000-0000-0000-0000-000000000002,Ensenada
32.382823,-115.283208,2002,42000000-0000-0000-0000-000000000013,40000000-0000-0000-0000-000000000002,Mexicali
32.342164,-116.373558,2003,42000000-0000-0000-0000-000000000014,40000000-0000-0000-0000-000000000002,Tecate
32.315686,-117.010809,2004,42000000-0000-0000-0000-000000000015,40000000-0000-0000-0000-000000000002,Tijuana
32.214926,-117.031605,2005,42000000-0000-0000-0000-000000000016,40000000-0000-0000-0000-000000000002,Playas de Rosarito
30.332335,-115.562062,2006,42000000-0000-0000-0000-000000000017,40000000-0000-0000-0000-000000000002,San Quintin
,,2007,42000000-0000-0000-0000-000000000018,40000000-0000-0000-0000-000000000002,San Felipe
25.020469,-111.402402,3001,42000000-0000-0000-0000-000000000019,40000000-0000-0000-0000-000000000003,Comondu
27.201273,-112.160579,3002,42000000-0000-0000-0000-000000000020,40000000-0000-0000-0000-000000000003,Mulege
24.085548,-110.182372,3003,42000000-0000-0000-0000-000000000021,40000000-0000-0000-0000-000000000003,La Paz
23.034173,-109.41411,3008,42000000-0000-0000-0000-000000000022,40000000-0000-0000-0000-000000000003,Los Cabos
26.0046,-111.2036,3009,42000000-0000-0000-0000-000000000023,40000000-0000-0000-0000-000000000003,Loreto
20.221641,-90.030266,4001,42000000-0000-0000-0000-000000000024,40000000-0000-0000-0000-000000000004,Calkini
19.504133,-90.322274,4002,42000000-0000-0000-0000-000000000025,40000000-0000-0000-0000-000000000004,Campeche
18.381604,-91.501122,4003,42000000-0000-0000-0000-000000000026,40000000-0000-0000-0000-000000000004,Carmen
19.212239,-90.432601,4004,42000000-0000-0000-0000-000000000027,40000000-0000-0000-0000-000000000004,Champoton
20.103708,-90.080426,4005,42000000-0000-0000-0000-000000000028,40000000-0000-0000-0000-000000000004,Hecelchakan
19.444397,-89.504216,4006,42000000-0000-0000-0000-000000000029,40000000-0000-0000-0000-000000000004,Hopelchen
18.151295,-92.052725,4007,42000000-0000-0000-0000-000000000030,40000000-0000-0000-0000-000000000004,Palizada
20.022284,-90.133275,4008,42000000-0000-0000-0000-000000000031,40000000-0000-0000-0000-000000000004,Tenabo
18.361553,-90.43552,4009,42000000-0000-0000-0000-000000000032,40000000-0000-0000-0000-000000000004,Escarcega
18.301934,-89.235019,4010,42000000-0000-0000-0000-000000000033,40000000-0000-0000-0000-000000000004,Calakmul
18.110042,-91.024666,4011,42000000-0000-0000-0000-000000000034,40000000-0000-0000-0000-000000000004,Candelaria
19.382111,-90.411788,4012,42000000-0000-0000-0000-000000000035,40000000-0000-0000-0000-000000000004,Seybaplaya
,,4013,42000000-0000-0000-0000-000000000036,40000000-0000-0000-0000-000000000004,Dzitbalche
27.1055,-101.2535,5001,42000000-0000-0000-0000-000000000037,40000000-0000-0000-0000-000000000005,Abasolo
29.194802,-100.584173,5002,42000000-0000-0000-0000-000000000038,40000000-0000-0000-0000-000000000005,Acuna
28.205,-100.5115,5003,42000000-0000-0000-0000-000000000039,40000000-0000-0000-0000-000000000005,Allende
25.270223,-100.505864,5004,42000000-0000-0000-0000-000000000040,40000000-0000-0000-0000-000000000005,Arteaga
26.5025,-100.395,5005,42000000-0000-0000-0000-000000000041,40000000-0000-0000-0000-000000000005,Candela
26.4707,-101.255,5006,42000000-0000-0000-0000-000000000042,40000000-0000-0000-0000-000000000005,Castanos
26.591271,-102.040156,5007,42000000-0000-0000-0000-000000000043,40000000-0000-0000-0000-000000000005,Cuatro Cienegas
27.1405,-101.2445,5008,42000000-0000-0000-0000-000000000044,40000000-0000-0000-0000-000000000005,Escobedo
25.463,-103.1623,5009,42000000-0000-0000-0000-000000000045,40000000-0000-0000-0000-000000000005,Francisco I. Madero
26.5534,-101.2658,5010,42000000-0000-0000-0000-000000000046,40000000-0000-0000-0000-000000000005,Frontera
25.224767,-101.284545,5011,42000000-0000-0000-0000-000000000047,40000000-0000-0000-0000-000000000005,General Cepeda
28.183031,-100.224341,5012,42000000-0000-0000-0000-000000000048,40000000-0000-0000-0000-000000000005,Guerrero
27.473005,-99.52338,5013,42000000-0000-0000-0000-000000000049,40000000-0000-0000-0000-000000000005,Hidalgo
29.041311,-100.402722,5014,42000000-0000-0000-0000-000000000050,40000000-0000-0000-0000-000000000005,Jimenez
27.362342,-100.433763,5015,42000000-0000-0000-0000-000000000051,40000000-0000-0000-0000-000000000005,Juarez
27.025458,-101.473696,5016,42000000-0000-0000-0000-000000000052,40000000-0000-0000-0000-000000000005,Lamadrid
25.314129,-103.134938,5017,42000000-0000-0000-0000-000000000053,40000000-0000-0000-0000-000000000005,Matamoros
26.540447,-101.250201,5018,42000000-0000-0000-0000-000000000054,40000000-0000-0000-0000-000000000005,Monclova
28.243638,-100.531187,5019,42000000-0000-0000-0000-000000000055,40000000-0000-0000-0000-000000000005,Morelos
27.523918,-101.305946,5020,42000000-0000-0000-0000-000000000056,40000000-0000-0000-0000-000000000005,Muzquiz
27.014451,-101.353128,5021,42000000-0000-0000-0000-000000000057,40000000-0000-0000-0000-000000000005,Nadadores
28.251875,-100.460319,5022,42000000-0000-0000-0000-000000000058,40000000-0000-0000-0000-000000000005,Nava
27.184037,-102.235066,5023,42000000-0000-0000-0000-000000000059,40000000-0000-0000-0000-000000000005,Ocampo
25.261457,-102.110301,5024,42000000-0000-0000-0000-000000000060,40000000-0000-0000-0000-000000000005,Parras
28.422914,-100.314239,5025,42000000-0000-0000-0000-000000000061,40000000-0000-0000-0000-000000000005,Piedras Negras
27.254432,-100.591404,5026,42000000-0000-0000-0000-000000000062,40000000-0000-0000-0000-000000000005,Progreso
25.323564,-100.570282,5027,42000000-0000-0000-0000-000000000063,40000000-0000-0000-0000-000000000005,Ramos Arizpe
27.5056,-101.071196,5028,42000000-0000-0000-0000-000000000064,40000000-0000-0000-0000-000000000005,Sabinas
27.001598,-101.433013,5029,42000000-0000-0000-0000-000000000065,40000000-0000-0000-0000-000000000005,Sacramento
25.251799,-100.5959,5030,42000000-0000-0000-0000-000000000066,40000000-0000-0000-0000-000000000005,Saltillo
27.033693,-101.33001,5031,42000000-0000-0000-0000-000000000067,40000000-0000-0000-0000-000000000005,San Buenaventura
27.554581,-101.181186,5032,42000000-0000-0000-0000-000000000068,40000000-0000-0000-0000-000000000005,San Juan de Sabinas
25.4528,-102.585937,5033,42000000-0000-0000-0000-000000000069,40000000-0000-0000-0000-000000000005,San Pedro
27.171276,-103.420524,5034,42000000-0000-0000-0000-000000000070,40000000-0000-0000-0000-000000000005,Sierra Mojada
25.323031,-103.271102,5035,42000000-0000-0000-0000-000000000071,40000000-0000-0000-0000-000000000005,Torreon
25.203698,-102.482286,5036,42000000-0000-0000-0000-000000000072,40000000-0000-0000-0000-000000000005,Viesca
28.131379,-100.433056,5037,42000000-0000-0000-0000-000000000073,40000000-0000-0000-0000-000000000005,Villa Union
28.291336,-100.550344,5038,42000000-0000-0000-0000-000000000074,40000000-0000-0000-0000-000000000005,Zaragoza
18.561346,-103.575399,6001,42000000-0000-0000-0000-000000000075,40000000-0000-0000-0000-000000000006,Armeria
19.143452,-103.434123,6002,42000000-0000-0000-0000-000000000076,40000000-0000-0000-0000-000000000006,Colima
19.192352,-103.453168,6003,42000000-0000-0000-0000-000000000077,40000000-0000-0000-0000-000000000006,Comala
19.120508,-103.48393,6004,42000000-0000-0000-0000-000000000078,40000000-0000-0000-0000-000000000006,Coquimatlan
19.194359,-103.36067,6005,42000000-0000-0000-0000-000000000079,40000000-0000-0000-0000-000000000006,Cuauhtemoc
19.000426,-103.441894,6006,42000000-0000-0000-0000-000000000080,40000000-0000-0000-0000-000000000006,Ixtlahuacan
19.031154,-104.185897,6007,42000000-0000-0000-0000-000000000081,40000000-0000-0000-0000-000000000006,Manzanillo
19.231,-104.025869,6008,42000000-0000-0000-0000-000000000082,40000000-0000-0000-0000-000000000006,Minatitlan
18.543818,-103.522564,6009,42000000-0000-0000-0000-000000000083,40000000-0000-0000-0000-000000000006,Tecoman
19.15532,-103.441233,6010,42000000-0000-0000-0000-000000000084,40000000-0000-0000-0000-000000000006,Villa de Alvarez
15.202748,-92.402862,7001,42000000-0000-0000-0000-000000000085,40000000-0000-0000-0000-000000000007,Acacoyagua
16.330603,-92.482703,7002,42000000-0000-0000-0000-000000000086,40000000-0000-0000-0000-000000000007,Acala
15.165822,-92.412088,7003,42000000-0000-0000-0000-000000000087,40000000-0000-0000-0000-000000000007,Acapetahua
16.440931,-92.021894,7004,42000000-0000-0000-0000-000000000088,40000000-0000-0000-0000-000000000007,Altamirano
17.222225,-92.490884,7005,42000000-0000-0000-0000-000000000089,40000000-0000-0000-0000-000000000007,Amatan
15.260604,-92.065457,7006,42000000-0000-0000-0000-000000000090,40000000-0000-0000-0000-000000000007,Amatenango de la Frontera
16.314261,-92.260777,7007,42000000-0000-0000-0000-000000000091,40000000-0000-0000-0000-000000000007,Amatenango del Valle
15.522152,-92.433029,7008,42000000-0000-0000-0000-000000000092,40000000-0000-0000-0000-000000000007,Angel Albino Corzo
16.140983,-93.53581,7009,42000000-0000-0000-0000-000000000093,40000000-0000-0000-0000-000000000007,Arriaga
15.271942,-92.093027,7010,42000000-0000-0000-0000-000000000094,40000000-0000-0000-0000-000000000007,Bejucal de Ocampo
15.345879,-92.144145,7011,42000000-0000-0000-0000-000000000095,40000000-0000-0000-0000-000000000007,Bella Vista
16.480116,-93.162378,7012,42000000-0000-0000-0000-000000000096,40000000-0000-0000-0000-000000000007,Berriozabal
16.594698,-92.532479,7013,42000000-0000-0000-0000-000000000097,40000000-0000-0000-0000-000000000007,Bochil
17.034396,-92.431707,7014,42000000-0000-0000-0000-000000000098,40000000-0000-0000-0000-000000000007,El Bosque
14.592324,-92.10052,7015,42000000-0000-0000-0000-000000000099,40000000-0000-0000-0000-000000000007,Cacahoatan
17.434196,-92.005892,7016,42000000-0000-0000-0000-000000000100,40000000-0000-0000-0000-000000000007,Catazaja
16.415526,-93.431354,7017,42000000-0000-0000-0000-000000000101,40000000-0000-0000-0000-000000000007,Cintalapa de Figueroa
17.075085,-93.093248,7018,42000000-0000-0000-0000-000000000102,40000000-0000-0000-0000-000000000007,Coapilla
16.150886,-92.080901,7019,42000000-0000-0000-0000-000000000103,40000000-0000-0000-0000-000000000007,Comitan de Dominguez
16.070018,-92.411656,7020,42000000-0000-0000-0000-000000000104,40000000-0000-0000-0000-000000000007,La Concordia
17.0537,-93.1238,7021,42000000-0000-0000-0000-000000000105,40000000-0000-0000-0000-000000000007,Copainala
16.574826,-92.370622,7022,42000000-0000-0000-0000-000000000106,40000000-0000-0000-0000-000000000007,Chalchihuitan
16.4715,-92.4121,7023,42000000-0000-0000-0000-000000000107,40000000-0000-0000-0000-000000000007,Chamula
16.393622,-92.153579,7024,42000000-0000-0000-0000-000000000108,40000000-0000-0000-0000-000000000007,Chanal
17.202544,-93.074828,7025,42000000-0000-0000-0000-000000000109,40000000-0000-0000-0000-000000000007,Chapultenango
16.53394,-92.373413,7026,42000000-0000-0000-0000-000000000110,40000000-0000-0000-0000-000000000007,Chenalho
16.422865,-93.005745,7027,42000000-0000-0000-0000-000000000111,40000000-0000-0000-0000-000000000007,Chiapa de Corzo
16.341378,-92.431209,7028,42000000-0000-0000-0000-000000000112,40000000-0000-0000-0000-000000000007,Chiapilla
16.580212,-93.061885,7029,42000000-0000-0000-0000-000000000113,40000000-0000-0000-0000-000000000007,Chicoasen
15.444177,-92.165983,7030,42000000-0000-0000-0000-000000000114,40000000-0000-0000-0000-000000000007,Chicomuselo
17.061977,-92.16175,7031,42000000-0000-0000-0000-000000000115,40000000-0000-0000-0000-000000000007,Chilon
15.190937,-92.393081,7032,42000000-0000-0000-0000-000000000116,40000000-0000-0000-0000-000000000007,Escuintla
17.210064,-93.183441,7033,42000000-0000-0000-0000-000000000117,40000000-0000-0000-0000-000000000007,Francisco Leon
15.393659,-92.082778,7034,42000000-0000-0000-0000-000000000118,40000000-0000-0000-0000-000000000007,Frontera Comalapa
14.464022,-92.103354,7035,42000000-0000-0000-0000-000000000119,40000000-0000-0000-0000-000000000007,Frontera Hidalgo
15.303647,-92.133317,7036,42000000-0000-0000-0000-000000000120,40000000-0000-0000-0000-000000000007,La Grandeza
15.010667,-92.230305,7037,42000000-0000-0000-0000-000000000121,40000000-0000-0000-0000-000000000007,Huehuetan
16.424374,-92.271655,7038,42000000-0000-0000-0000-000000000122,40000000-0000-0000-0000-000000000007,Huixtan
17.102363,-92.410936,7039,42000000-0000-0000-0000-000000000123,40000000-0000-0000-0000-000000000007,Huitiupan
15.081784,-92.275694,7040,42000000-0000-0000-0000-000000000124,40000000-0000-0000-0000-000000000007,Huixtla
16.151495,-92.012583,7041,42000000-0000-0000-0000-000000000125,40000000-0000-0000-0000-000000000007,La Independencia
17.173578,-93.003018,7042,42000000-0000-0000-0000-000000000126,40000000-0000-0000-0000-000000000007,Ixhuatan
17.255086,-93.054766,7043,42000000-0000-0000-0000-000000000127,40000000-0000-0000-0000-000000000007,Ixtacomitan
16.481269,-92.542125,7044,42000000-0000-0000-0000-000000000128,40000000-0000-0000-0000-000000000007,Ixtapa
17.295114,-93.0006,7045,42000000-0000-0000-0000-000000000129,40000000-0000-0000-0000-000000000007,Ixtapangajoya
16.40038,-93.390171,7046,42000000-0000-0000-0000-000000000130,40000000-0000-0000-0000-000000000007,Jiquipilas
17.040468,-92.514441,7047,42000000-0000-0000-0000-000000000131,40000000-0000-0000-0000-000000000007,Jitotol
17.362934,-93.113599,7048,42000000-0000-0000-0000-000000000132,40000000-0000-0000-0000-000000000007,Juarez
16.530401,-92.424773,7049,42000000-0000-0000-0000-000000000133,40000000-0000-0000-0000-000000000007,Larrainzar
17.412449,-91.430862,7050,42000000-0000-0000-0000-000000000134,40000000-0000-0000-0000-000000000007,La Libertad
15.262808,-92.532978,7051,42000000-0000-0000-0000-000000000135,40000000-0000-0000-0000-000000000007,Mapastepec
16.185741,-91.585365,7052,42000000-0000-0000-0000-000000000136,40000000-0000-0000-0000-000000000007,Las Margaritas
15.231668,-92.111585,7053,42000000-0000-0000-0000-000000000137,40000000-0000-0000-0000-000000000007,Mazapa de Madero
14.514689,-92.26581,7054,42000000-0000-0000-0000-000000000138,40000000-0000-0000-0000-000000000007,Mazatan
14.501433,-92.11274,7055,42000000-0000-0000-0000-000000000139,40000000-0000-0000-0000-000000000007,Metapa
16.51521,-92.374675,7056,42000000-0000-0000-0000-000000000140,40000000-0000-0000-0000-000000000007,Mitontic
15.21474,-92.145188,7057,42000000-0000-0000-0000-000000000141,40000000-0000-0000-0000-000000000007,Motozintla
16.261346,-92.350725,7058,42000000-0000-0000-0000-000000000142,40000000-0000-0000-0000-000000000007,Nicolas Ruiz
16.542894,-92.054498,7059,42000000-0000-0000-0000-000000000143,40000000-0000-0000-0000-000000000007,Ocosingo
17.133011,-93.095186,7060,42000000-0000-0000-0000-000000000144,40000000-0000-0000-0000-000000000007,Ocotepec
16.454126,-93.223235,7061,42000000-0000-0000-0000-000000000145,40000000-0000-0000-0000-000000000007,Ocozocoautla de Espinosa
17.242013,-93.201369,7062,42000000-0000-0000-0000-000000000146,40000000-0000-0000-0000-000000000007,Ostuacan
16.560768,-93.052881,7063,42000000-0000-0000-0000-000000000147,40000000-0000-0000-0000-000000000007,Osumacinta
16.471003,-92.20057,7064,42000000-0000-0000-0000-000000000148,40000000-0000-0000-0000-000000000007,Oxchuc
17.303288,-91.585172,7065,42000000-0000-0000-0000-000000000149,40000000-0000-0000-0000-000000000007,Palenque
17.002397,-92.281049,7066,42000000-0000-0000-0000-000000000150,40000000-0000-0000-0000-000000000007,Pantelho
17.111713,-93.025837,7067,42000000-0000-0000-0000-000000000151,40000000-0000-0000-0000-000000000007,Pantepec
17.303078,-93.070396,7068,42000000-0000-0000-0000-000000000152,40000000-0000-0000-0000-000000000007,Pichucalco
15.413003,-93.123354,7069,42000000-0000-0000-0000-000000000153,40000000-0000-0000-0000-000000000007,Pijijiapan
15.272292,-92.164671,7070,42000000-0000-0000-0000-000000000154,40000000-0000-0000-0000-000000000007,El Porvenir
15.124298,-92.343369,7071,42000000-0000-0000-0000-000000000155,40000000-0000-0000-0000-000000000007,Villa Comaltitlan
17.092725,-92.535036,7072,42000000-0000-0000-0000-000000000156,40000000-0000-0000-0000-000000000007,Pueblo Nuevo Solistahuacan
17.120181,-93.004038,7073,42000000-0000-0000-0000-000000000157,40000000-0000-0000-0000-000000000007,Rayon
17.515692,-93.084959,7074,42000000-0000-0000-0000-000000000158,40000000-0000-0000-0000-000000000007,Reforma
16.215088,-92.221049,7075,42000000-0000-0000-0000-000000000159,40000000-0000-0000-0000-000000000007,Las Rosas
17.170054,-92.330619,7076,42000000-0000-0000-0000-000000000160,40000000-0000-0000-0000-000000000007,Sabanilla
17.332528,-92.200032,7077,42000000-0000-0000-0000-000000000161,40000000-0000-0000-0000-000000000007,Salto de Agua
16.441328,-92.381523,7078,42000000-0000-0000-0000-000000000162,40000000-0000-0000-0000-000000000007,San Cristobal de las Casas
16.521816,-93.122263,7079,42000000-0000-0000-0000-000000000163,40000000-0000-0000-0000-000000000007,San Fernando
15.332587,-92.19223,7080,42000000-0000-0000-0000-000000000164,40000000-0000-0000-0000-000000000007,Siltepec
17.082697,-92.425475,7081,42000000-0000-0000-0000-000000000165,40000000-0000-0000-0000-000000000007,Simojovel
17.013018,-92.182787,7082,42000000-0000-0000-0000-000000000166,40000000-0000-0000-0000-000000000007,Sitala
16.143462,-92.210114,7083,42000000-0000-0000-0000-000000000167,40000000-0000-0000-0000-000000000007,Socoltenango
17.254316,-93.015225,7084,42000000-0000-0000-0000-000000000168,40000000-0000-0000-0000-000000000007,Solosuchiapa
16.532757,-92.553104,7085,42000000-0000-0000-0000-000000000169,40000000-0000-0000-0000-000000000007,Soyalo
16.371905,-93.061726,7086,42000000-0000-0000-0000-000000000170,40000000-0000-0000-0000-000000000007,Suchiapa
14.404603,-92.090339,7087,42000000-0000-0000-0000-000000000171,40000000-0000-0000-0000-000000000007,Suchiate
17.292176,-93.143541,7088,42000000-0000-0000-0000-000000000172,40000000-0000-0000-0000-000000000007,Sunuapa
14.543986,-92.155155,7089,42000000-0000-0000-0000-000000000173,40000000-0000-0000-0000-000000000007,Tapachula
17.112417,-93.061658,7090,42000000-0000-0000-0000-000000000174,40000000-0000-0000-0000-000000000007,Tapalapa
17.145425,-93.005853,7091,42000000-0000-0000-0000-000000000175,40000000-0000-0000-0000-000000000007,Tapilula
17.081318,-93.184128,7092,42000000-0000-0000-0000-000000000176,40000000-0000-0000-0000-000000000007,Tecpatan
16.490846,-92.302337,7093,42000000-0000-0000-0000-000000000177,40000000-0000-0000-0000-000000000007,Tenejapa
16.322945,-92.282135,7094,42000000-0000-0000-0000-000000000178,40000000-0000-0000-0000-000000000007,Teopisca
17.180229,-92.253311,7096,42000000-0000-0000-0000-000000000179,40000000-0000-0000-0000-000000000007,Tila
16.052888,-93.450642,7097,42000000-0000-0000-0000-000000000180,40000000-0000-0000-0000-000000000007,Tonala
16.324104,-92.404935,7098,42000000-0000-0000-0000-000000000181,40000000-0000-0000-0000-000000000007,Totolapa
16.070861,-92.030169,7099,42000000-0000-0000-0000-000000000182,40000000-0000-0000-0000-000000000007,La Trinitaria
17.164247,-92.185756,7100,42000000-0000-0000-0000-000000000183,40000000-0000-0000-0000-000000000007,Tumbala
16.45143,-93.065469,7101,42000000-0000-0000-0000-000000000184,40000000-0000-0000-0000-000000000007,Tuxtla Gutierrez
14.562468,-92.100829,7102,42000000-0000-0000-0000-000000000185,40000000-0000-0000-0000-000000000007,Tuxtla Chico
15.084583,-92.251783,7103,42000000-0000-0000-0000-000000000186,40000000-0000-0000-0000-000000000007,Tuzantan
16.110323,-92.111657,7104,42000000-0000-0000-0000-000000000187,40000000-0000-0000-0000-000000000007,Tzimol
15.033855,-92.045505,7105,42000000-0000-0000-0000-000000000188,40000000-0000-0000-0000-000000000007,Union Juarez
16.202262,-92.335449,7106,42000000-0000-0000-0000-000000000189,40000000-0000-0000-0000-000000000007,Venustiano Carranza
16.11051,-93.160366,7107,42000000-0000-0000-0000-000000000190,40000000-0000-0000-0000-000000000007,Villa Corzo
16.140775,-93.160375,7108,42000000-0000-0000-0000-000000000191,40000000-0000-0000-0000-000000000007,Villaflores
17.102608,-92.20022,7109,42000000-0000-0000-0000-000000000192,40000000-0000-0000-0000-000000000007,Yajalon
16.364189,-92.430963,7110,42000000-0000-0000-0000-000000000193,40000000-0000-0000-0000-000000000007,San Lucas
16.453643,-92.432489,7111,42000000-0000-0000-0000-000000000194,40000000-0000-0000-0000-000000000007,Zinacantan
16.533208,-92.221903,7112,42000000-0000-0000-0000-000000000195,40000000-0000-0000-0000-000000000007,San Juan Cancuc
16.550414,-92.411749,7113,42000000-0000-0000-0000-000000000196,40000000-0000-0000-0000-000000000007,Aldama
16.305698,-90.391189,7114,42000000-0000-0000-0000-000000000197,40000000-0000-0000-0000-000000000007,Benemerito de las Americas
16.082543,-91.174237,7115,42000000-0000-0000-0000-000000000198,40000000-0000-0000-0000-000000000007,Maravilla Tenejapa
16.195928,-90.455502,7116,42000000-0000-0000-0000-000000000199,40000000-0000-0000-0000-000000000007,Marques de Comillas
15.41381,-92.370934,7117,42000000-0000-0000-0000-000000000200,40000000-0000-0000-0000-000000000007,Montecristo de Guerrero
17.075519,-92.481796,7118,42000000-0000-0000-0000-000000000201,40000000-0000-0000-0000-000000000007,San Andres Duraznal
16.562918,-92.425255,7119,42000000-0000-0000-0000-000000000202,40000000-0000-0000-0000-000000000007,Santiago el Pinar
15.360406,-92.374475,7120,42000000-0000-0000-0000-000000000203,40000000-0000-0000-0000-000000000007,Capitan Luis Angel Vidal
17.12341,-92.561525,7121,42000000-0000-0000-0000-000000000204,40000000-0000-0000-0000-000000000007,Rincon Chamula San Pedro
16.215842,-93.002416,7122,42000000-0000-0000-0000-000000000205,40000000-0000-0000-0000-000000000007,El Parral
16.322102,-92.534821,7123,42000000-0000-0000-0000-000000000206,40000000-0000-0000-0000-000000000007,Emiliano Zapata
17.11212,-93.361718,7124,42000000-0000-0000-0000-000000000207,40000000-0000-0000-0000-000000000007,Mezcalapa
15.352279,-92.283381,7125,42000000-0000-0000-0000-000000000208,40000000-0000-0000-0000-000000000007,Honduras de la Sierra
30.370384,-106.30447,8001,42000000-0000-0000-0000-000000000209,40000000-0000-0000-0000-000000000008,Ahumada
28.501817,-105.544065,8002,42000000-0000-0000-0000-000000000210,40000000-0000-0000-0000-000000000008,Aldama
26.562193,-105.234228,8003,42000000-0000-0000-0000-000000000211,40000000-0000-0000-0000-000000000008,Allende
28.354021,-105.531491,8004,42000000-0000-0000-0000-000000000212,40000000-0000-0000-0000-000000000008,Aquiles Serdan
31.053183,-107.594542,8005,42000000-0000-0000-0000-000000000213,40000000-0000-0000-0000-000000000008,Ascension
28.455303,-107.15157,8006,42000000-0000-0000-0000-000000000214,40000000-0000-0000-0000-000000000008,Bachiniva
26.571479,-106.204892,8007,42000000-0000-0000-0000-000000000215,40000000-0000-0000-0000-000000000008,Balleza
27.013595,-107.442296,8008,42000000-0000-0000-0000-000000000216,40000000-0000-0000-0000-000000000008,Batopilas de Manuel Gomez Morin
27.502667,-107.352131,8009,42000000-0000-0000-0000-000000000217,40000000-0000-0000-0000-000000000008,Bocoyna
29.503627,-107.281673,8010,42000000-0000-0000-0000-000000000218,40000000-0000-0000-0000-000000000008,Buenaventura
27.414187,-105.101783,8011,42000000-0000-0000-0000-000000000219,40000000-0000-0000-0000-000000000008,Camargo
27.545952,-107.032452,8012,42000000-0000-0000-0000-000000000220,40000000-0000-0000-0000-000000000008,Carichi
30.223253,-107.56557,8013,42000000-0000-0000-0000-000000000221,40000000-0000-0000-0000-000000000008,Casas Grandes
26.441541,-105.092992,8014,42000000-0000-0000-0000-000000000222,40000000-0000-0000-0000-000000000008,Coronado
29.274335,-105.053969,8015,42000000-0000-0000-0000-000000000223,40000000-0000-0000-0000-000000000008,Coyame del Sotol
27.515,-105.1147,8016,42000000-0000-0000-0000-000000000224,40000000-0000-0000-0000-000000000008,La Cruz
28.242272,-106.515776,8017,42000000-0000-0000-0000-000000000225,40000000-0000-0000-0000-000000000008,Cuauhtemoc
28.1428,-106.5012,8018,42000000-0000-0000-0000-000000000226,40000000-0000-0000-0000-000000000008,Cusihuiriachi
28.381246,-106.04347,8019,42000000-0000-0000-0000-000000000227,40000000-0000-0000-0000-000000000008,Chihuahua
27.233412,-108.321043,8020,42000000-0000-0000-0000-000000000228,40000000-0000-0000-0000-000000000008,Chinipas
28.113461,-105.281577,8021,42000000-0000-0000-0000-000000000229,40000000-0000-0000-0000-000000000008,Delicias
28.09168,-106.283731,8022,42000000-0000-0000-0000-000000000230,40000000-0000-0000-0000-000000000008,Dr. Belisario Dominguez
30.064662,-107.370028,8023,42000000-0000-0000-0000-000000000231,40000000-0000-0000-0000-000000000008,Galeana
28.203605,-106.2205,8024,42000000-0000-0000-0000-000000000232,40000000-0000-0000-0000-000000000008,Santa Isabel
29.212527,-107.441916,8025,42000000-0000-0000-0000-000000000233,40000000-0000-0000-0000-000000000008,Gomez Farias
28.145217,-106.303644,8026,42000000-0000-0000-0000-000000000234,40000000-0000-0000-0000-000000000008,Gran Morelos
26.490895,-107.04097,8027,42000000-0000-0000-0000-000000000235,40000000-0000-0000-0000-000000000008,Guachochi
31.232439,-106.060631,8028,42000000-0000-0000-0000-000000000236,40000000-0000-0000-0000-000000000008,Guadalupe
26.054026,-106.575173,8029,42000000-0000-0000-0000-000000000237,40000000-0000-0000-0000-000000000008,Guadalupe y Calvo
27.163497,-108.164784,8030,42000000-0000-0000-0000-000000000238,40000000-0000-0000-0000-000000000008,Guazapares
28.325349,-107.291293,8031,42000000-0000-0000-0000-000000000239,40000000-0000-0000-0000-000000000008,Guerrero
26.551952,-105.400172,8032,42000000-0000-0000-0000-000000000240,40000000-0000-0000-0000-000000000008,Hidalgo del Parral
27.031681,-106.104604,8033,42000000-0000-0000-0000-000000000241,40000000-0000-0000-0000-000000000008,Huejotitan
29.383556,-107.45511,8034,42000000-0000-0000-0000-000000000242,40000000-0000-0000-0000-000000000008,Ignacio Zaragoza
30.531413,-108.112346,8035,42000000-0000-0000-0000-000000000243,40000000-0000-0000-0000-000000000008,Janos
27.074998,-104.552272,8036,42000000-0000-0000-0000-000000000244,40000000-0000-0000-0000-000000000008,Jimenez
31.444728,-106.290607,8037,42000000-0000-0000-0000-000000000245,40000000-0000-0000-0000-000000000008,Juarez
28.2523,-105.255,8038,42000000-0000-0000-0000-000000000246,40000000-0000-0000-0000-000000000008,Julimes
27.0009,-105.0159,8039,42000000-0000-0000-0000-000000000247,40000000-0000-0000-0000-000000000008,Lopez
29.1124,-108.0829,8040,42000000-0000-0000-0000-000000000248,40000000-0000-0000-0000-000000000008,Madera
27.513349,-107.593824,8041,42000000-0000-0000-0000-000000000249,40000000-0000-0000-0000-000000000008,Maguarichi
29.062659,-103.542814,8042,42000000-0000-0000-0000-000000000250,40000000-0000-0000-0000-000000000008,Manuel Benavides
28.503562,-107.451673,8043,42000000-0000-0000-0000-000000000251,40000000-0000-0000-0000-000000000008,Matachi
26.454996,-105.345999,8044,42000000-0000-0000-0000-000000000252,40000000-0000-0000-0000-000000000008,Matamoros
28.160407,-105.284905,8045,42000000-0000-0000-0000-000000000253,40000000-0000-0000-0000-000000000008,Meoqui
26.40139,-107.403809,8046,42000000-0000-0000-0000-000000000254,40000000-0000-0000-0000-000000000008,Morelos
28.085418,-108.312366,8047,42000000-0000-0000-0000-000000000255,40000000-0000-0000-0000-000000000008,Moris
29.150274,-107.243194,8048,42000000-0000-0000-0000-000000000256,40000000-0000-0000-0000-000000000008,Namiquipa
27.28194,-106.44072,8049,42000000-0000-0000-0000-000000000257,40000000-0000-0000-0000-000000000008,Nonoava
30.245035,-107.544357,8050,42000000-0000-0000-0000-000000000258,40000000-0000-0000-0000-000000000008,Nuevo Casas Grandes
28.11378,-108.220027,8051,42000000-0000-0000-0000-000000000259,40000000-0000-0000-0000-000000000008,Ocampo
29.33522,-104.245639,8052,42000000-0000-0000-0000-000000000260,40000000-0000-0000-0000-000000000008,Ojinaga
31.221944,-106.001942,8053,42000000-0000-0000-0000-000000000261,40000000-0000-0000-0000-000000000008,Praxedis G. Guerrero
28.324563,-106.300948,8054,42000000-0000-0000-0000-000000000262,40000000-0000-0000-0000-000000000008,Riva Palacio
28.1113,-105.3316,8055,42000000-0000-0000-0000-000000000263,40000000-0000-0000-0000-000000000008,Rosales
27.191071,-106.174379,8056,42000000-0000-0000-0000-000000000264,40000000-0000-0000-0000-000000000008,Valle del Rosario
27.540656,-106.41057,8057,42000000-0000-0000-0000-000000000265,40000000-0000-0000-0000-000000000008,San Francisco de Borja
27.351879,-105.200471,8058,42000000-0000-0000-0000-000000000266,40000000-0000-0000-0000-000000000008,San Francisco de Conchos
26.513238,-105.510029,8059,42000000-0000-0000-0000-000000000267,40000000-0000-0000-0000-000000000008,San Francisco del Oro
26.480756,-105.490516,8060,42000000-0000-0000-0000-000000000268,40000000-0000-0000-0000-000000000008,Santa Barbara
27.572172,-106.062594,8061,42000000-0000-0000-0000-000000000269,40000000-0000-0000-0000-000000000008,Satevo
28.015763,-105.171692,8062,42000000-0000-0000-0000-000000000270,40000000-0000-0000-0000-000000000008,Saucillo
28.570993,-107.494742,8063,42000000-0000-0000-0000-000000000271,40000000-0000-0000-0000-000000000008,Temosachic
27.031301,-106.155851,8064,42000000-0000-0000-0000-000000000272,40000000-0000-0000-0000-000000000008,El Tule
27.124577,-107.54515,8065,42000000-0000-0000-0000-000000000273,40000000-0000-0000-0000-000000000008,Urique
27.520453,-108.12547,8066,42000000-0000-0000-0000-000000000274,40000000-0000-0000-0000-000000000008,Uruachi
27.272567,-105.483958,8067,42000000-0000-0000-0000-000000000275,40000000-0000-0000-0000-000000000008,Valle de Zaragoza
19.290277,-99.11037,9002,42000000-0000-0000-0000-000000000276,40000000-0000-0000-0000-000000000009,Azcapotzalco
19.210077,-99.094372,9003,42000000-0000-0000-0000-000000000277,40000000-0000-0000-0000-000000000009,Coyoacan
19.212646,-99.175925,9004,42000000-0000-0000-0000-000000000278,40000000-0000-0000-0000-000000000009,Cuajimalpa de Morelos
19.28586,-99.06485,9005,42000000-0000-0000-0000-000000000279,40000000-0000-0000-0000-000000000009,Gustavo A. Madero
19.234525,-99.055141,9006,42000000-0000-0000-0000-000000000280,40000000-0000-0000-0000-000000000009,Iztacalco
19.213241,-99.053344,9007,42000000-0000-0000-0000-000000000281,40000000-0000-0000-0000-000000000009,Iztapalapa
19.181763,-99.142946,9008,42000000-0000-0000-0000-000000000282,40000000-0000-0000-0000-000000000009,La Magdalena Contreras
19.11285,-99.012414,9009,42000000-0000-0000-0000-000000000283,40000000-0000-0000-0000-000000000009,Milpa Alta
19.23269,-99.114349,9010,42000000-0000-0000-0000-000000000284,40000000-0000-0000-0000-000000000009,Alvaro Obregon
19.161404,-99.001745,9011,42000000-0000-0000-0000-000000000285,40000000-0000-0000-0000-000000000009,Tlahuac
19.171779,-99.100165,9012,42000000-0000-0000-0000-000000000286,40000000-0000-0000-0000-000000000009,Tlalpan
19.154846,-99.061769,9013,42000000-0000-0000-0000-000000000287,40000000-0000-0000-0000-000000000009,Xochimilco
19.221917,-99.092827,9014,42000000-0000-0000-0000-000000000288,40000000-0000-0000-0000-000000000009,Benito Juarez
19.262993,-99.090678,9015,42000000-0000-0000-0000-000000000289,40000000-0000-0000-0000-000000000009,Cuauhtemoc
19.242617,-99.112672,9016,42000000-0000-0000-0000-000000000290,40000000-0000-0000-0000-000000000009,Miguel Hidalgo
19.250934,-99.064932,9017,42000000-0000-0000-0000-000000000291,40000000-0000-0000-0000-000000000009,Venustiano Carranza
24.313815,-104.464215,10001,42000000-0000-0000-0000-000000000292,40000000-0000-0000-0000-000000000010,Canatlan
25.07227,-106.324428,10002,42000000-0000-0000-0000-000000000293,40000000-0000-0000-0000-000000000010,Canelas
24.584485,-104.46081,10003,42000000-0000-0000-0000-000000000294,40000000-0000-0000-0000-000000000010,Coneto de Comonfort
24.521538,-103.415446,10004,42000000-0000-0000-0000-000000000295,40000000-0000-0000-0000-000000000010,Cuencame
24.012636,-104.40127,10005,42000000-0000-0000-0000-000000000296,40000000-0000-0000-0000-000000000010,Durango
24.412067,-103.133351,10006,42000000-0000-0000-0000-000000000297,40000000-0000-0000-0000-000000000010,General Simon Bolivar
25.341239,-103.29471,10007,42000000-0000-0000-0000-000000000298,40000000-0000-0000-0000-000000000010,Gomez Palacio
24.264716,-104.072518,10008,42000000-0000-0000-0000-000000000299,40000000-0000-0000-0000-000000000010,Guadalupe Victoria
25.555398,-105.571596,10009,42000000-0000-0000-0000-000000000300,40000000-0000-0000-0000-000000000010,Guanacevi
26.15052,-104.544852,10010,42000000-0000-0000-0000-000000000301,40000000-0000-0000-0000-000000000010,Hidalgo
25.544328,-105.132565,10011,42000000-0000-0000-0000-000000000302,40000000-0000-0000-0000-000000000010,Inde
25.321159,-103.312946,10012,42000000-0000-0000-0000-000000000303,40000000-0000-0000-0000-000000000010,Lerdo
25.495997,-103.50535,10013,42000000-0000-0000-0000-000000000304,40000000-0000-0000-0000-000000000010,Mapimi
23.282471,-104.234828,10014,42000000-0000-0000-0000-000000000305,40000000-0000-0000-0000-000000000010,Mezquital
25.134,-104.064969,10015,42000000-0000-0000-0000-000000000306,40000000-0000-0000-0000-000000000010,Nazas
23.505356,-104.144094,10016,42000000-0000-0000-0000-000000000307,40000000-0000-0000-0000-000000000010,Nombre de Dios
26.262962,-105.302318,10017,42000000-0000-0000-0000-000000000308,40000000-0000-0000-0000-000000000010,Ocampo
25.565757,-105.215352,10018,42000000-0000-0000-0000-000000000309,40000000-0000-0000-0000-000000000010,El Oro
24.415528,-105.593861,10019,42000000-0000-0000-0000-000000000310,40000000-0000-0000-0000-000000000010,Otaez
24.240369,-104.190935,10020,42000000-0000-0000-0000-000000000311,40000000-0000-0000-0000-000000000010,Panuco de Coronado
24.473303,-104.020336,10021,42000000-0000-0000-0000-000000000312,40000000-0000-0000-0000-000000000010,Penon Blanco
23.583033,-104.023889,10022,42000000-0000-0000-0000-000000000313,40000000-0000-0000-0000-000000000010,Poanas
23.464134,-105.213669,10023,42000000-0000-0000-0000-000000000314,40000000-0000-0000-0000-000000000010,Pueblo Nuevo
25.105059,-104.33376,10024,42000000-0000-0000-0000-000000000315,40000000-0000-0000-0000-000000000010,Rodeo
26.000283,-105.312372,10025,42000000-0000-0000-0000-000000000316,40000000-0000-0000-0000-000000000010,San Bernardo
24.060785,-105.555248,10026,42000000-0000-0000-0000-000000000317,40000000-0000-0000-0000-000000000010,San Dimas
24.375107,-102.46554,10027,42000000-0000-0000-0000-000000000318,40000000-0000-0000-0000-000000000010,San Juan de Guadalupe
24.464172,-104.273321,10028,42000000-0000-0000-0000-000000000319,40000000-0000-0000-0000-000000000010,San Juan del Rio
25.250354,-104.164003,10029,42000000-0000-0000-0000-000000000320,40000000-0000-0000-0000-000000000010,San Luis del Cordero
25.335711,-104.17342,10030,42000000-0000-0000-0000-000000000321,40000000-0000-0000-0000-000000000010,San Pedro del Gallo
24.28316,-103.2126,10031,42000000-0000-0000-0000-000000000322,40000000-0000-0000-0000-000000000010,Santa Clara
25.022069,-105.25154,10032,42000000-0000-0000-0000-000000000323,40000000-0000-0000-0000-000000000010,Santiago Papasquiaro
23.371979,-103.551873,10033,42000000-0000-0000-0000-000000000324,40000000-0000-0000-0000-000000000010,Suchil
24.581314,-106.575977,10034,42000000-0000-0000-0000-000000000325,40000000-0000-0000-0000-000000000010,Tamazula
25.203555,-105.432281,10035,42000000-0000-0000-0000-000000000326,40000000-0000-0000-0000-000000000010,Tepehuanes
26.062659,-103.262125,10036,42000000-0000-0000-0000-000000000327,40000000-0000-0000-0000-000000000010,Tlahualilo
25.123248,-106.341631,10037,42000000-0000-0000-0000-000000000328,40000000-0000-0000-0000-000000000010,Topia
23.4352,-103.5916,10038,42000000-0000-0000-0000-000000000329,40000000-0000-0000-0000-000000000010,Vicente Guerrero
24.531793,-105.042714,10039,42000000-0000-0000-0000-000000000330,40000000-0000-0000-0000-000000000010,Nuevo Ideal
20.270324,-101.31421,11001,42000000-0000-0000-0000-000000000331,40000000-0000-0000-0000-000000000011,Abasolo
20.020737,-100.430958,11002,42000000-0000-0000-0000-000000000332,40000000-0000-0000-0000-000000000011,Acambaro
20.541445,-100.424817,11003,42000000-0000-0000-0000-000000000333,40000000-0000-0000-0000-000000000011,San Miguel de Allende
20.272582,-100.371786,11004,42000000-0000-0000-0000-000000000334,40000000-0000-0000-0000-000000000011,Apaseo el Alto
20.324302,-100.411758,11005,42000000-0000-0000-0000-000000000335,40000000-0000-0000-0000-000000000011,Apaseo el Grande
21.160135,-99.431296,11006,42000000-0000-0000-0000-000000000336,40000000-0000-0000-0000-000000000011,Atarjea
20.311749,-100.484886,11007,42000000-0000-0000-0000-000000000337,40000000-0000-0000-0000-000000000011,Celaya
20.433907,-101.571005,11008,42000000-0000-0000-0000-000000000338,40000000-0000-0000-0000-000000000011,Manuel Doblado
20.431217,-100.454033,11009,42000000-0000-0000-0000-000000000339,40000000-0000-0000-0000-000000000011,Comonfort
20.1155,-100.2152,11010,42000000-0000-0000-0000-000000000340,40000000-0000-0000-0000-000000000011,Coroneo
20.290062,-100.574942,11011,42000000-0000-0000-0000-000000000341,40000000-0000-0000-0000-000000000011,Cortazar
20.373532,-101.401339,11012,42000000-0000-0000-0000-000000000342,40000000-0000-0000-0000-000000000011,Cueramaro
21.08335,-100.190822,11013,42000000-0000-0000-0000-000000000343,40000000-0000-0000-0000-000000000011,Doctor Mora
21.093312,-100.550205,11014,42000000-0000-0000-0000-000000000344,40000000-0000-0000-0000-000000000011,Dolores Hidalgo Cuna de la Independencia Nacional
21.005795,-101.151304,11015,42000000-0000-0000-0000-000000000345,40000000-0000-0000-0000-000000000011,Guanajuato
20.220579,-101.294872,11016,42000000-0000-0000-0000-000000000346,40000000-0000-0000-0000-000000000011,Huanimaro
20.402209,-101.205322,11017,42000000-0000-0000-0000-000000000347,40000000-0000-0000-0000-000000000011,Irapuato
20.223546,-101.035031,11018,42000000-0000-0000-0000-000000000348,40000000-0000-0000-0000-000000000011,Jaral del Progreso
20.090012,-100.30379,11019,42000000-0000-0000-0000-000000000349,40000000-0000-0000-0000-000000000011,Jerecuaro
21.07191,-101.405952,11020,42000000-0000-0000-0000-000000000350,40000000-0000-0000-0000-000000000011,Leon
20.075473,-101.112115,11021,42000000-0000-0000-0000-000000000351,40000000-0000-0000-0000-000000000011,Moroleon
21.385457,-101.284086,11022,42000000-0000-0000-0000-000000000352,40000000-0000-0000-0000-000000000011,Ocampo
20.255446,-101.433016,11023,42000000-0000-0000-0000-000000000353,40000000-0000-0000-0000-000000000011,Penjamo
20.313345,-101.221505,11024,42000000-0000-0000-0000-000000000354,40000000-0000-0000-0000-000000000011,Pueblo Nuevo
21.014649,-101.524116,11025,42000000-0000-0000-0000-000000000355,40000000-0000-0000-0000-000000000011,Purisima del Rincon
20.521637,-101.310162,11026,42000000-0000-0000-0000-000000000356,40000000-0000-0000-0000-000000000011,Romita
20.340725,-101.11597,11027,42000000-0000-0000-0000-000000000357,40000000-0000-0000-0000-000000000011,Salamanca
20.125802,-100.52529,11028,42000000-0000-0000-0000-000000000358,40000000-0000-0000-0000-000000000011,Salvatierra
21.275899,-100.522394,11029,42000000-0000-0000-0000-000000000359,40000000-0000-0000-0000-000000000011,San Diego de la Union
21.284561,-101.12574,11030,42000000-0000-0000-0000-000000000360,40000000-0000-0000-0000-000000000011,San Felipe
21.010725,-101.513067,11031,42000000-0000-0000-0000-000000000361,40000000-0000-0000-0000-000000000011,San Francisco del Rincon
21.000296,-100.230859,11032,42000000-0000-0000-0000-000000000362,40000000-0000-0000-0000-000000000011,San Jose de Iturbide
21.175574,-100.305445,11033,42000000-0000-0000-0000-000000000363,40000000-0000-0000-0000-000000000011,San Luis de la Paz
21.082356,-100.040089,11034,42000000-0000-0000-0000-000000000364,40000000-0000-0000-0000-000000000011,Santa Catarina
20.383552,-100.593853,11035,42000000-0000-0000-0000-000000000365,40000000-0000-0000-0000-000000000011,Santa Cruz de Juventino Rosas
20.102067,-100.594281,11036,42000000-0000-0000-0000-000000000366,40000000-0000-0000-0000-000000000011,Santiago Maravatio
20.564002,-101.253438,11037,42000000-0000-0000-0000-000000000367,40000000-0000-0000-0000-000000000011,Silao de la Victoria
20.001429,-100.305878,11038,42000000-0000-0000-0000-000000000368,40000000-0000-0000-0000-000000000011,Tarandacuao
20.171875,-100.452139,11039,42000000-0000-0000-0000-000000000369,40000000-0000-0000-0000-000000000011,Tarimoro
21.060001,-100.093295,11040,42000000-0000-0000-0000-000000000370,40000000-0000-0000-0000-000000000011,Tierra Blanca
20.082764,-101.104098,11041,42000000-0000-0000-0000-000000000371,40000000-0000-0000-0000-000000000011,Uriangato
20.232876,-101.105315,11042,42000000-0000-0000-0000-000000000372,40000000-0000-0000-0000-000000000011,Valle de Santiago
21.124382,-100.125737,11043,42000000-0000-0000-0000-000000000373,40000000-0000-0000-0000-000000000011,Victoria
20.304094,-100.594741,11044,42000000-0000-0000-0000-000000000374,40000000-0000-0000-0000-000000000011,Villagran
21.175499,-100.03346,11045,42000000-0000-0000-0000-000000000375,40000000-0000-0000-0000-000000000011,Xichu
20.124588,-101.075136,11046,42000000-0000-0000-0000-000000000376,40000000-0000-0000-0000-000000000011,Yuriria
16.514272,-99.531161,12001,42000000-0000-0000-0000-000000000377,40000000-0000-0000-0000-000000000012,Acapulco de Juarez
17.425072,-98.560567,12002,42000000-0000-0000-0000-000000000378,40000000-0000-0000-0000-000000000012,Ahuacuotzingo
18.09344,-100.294581,12003,42000000-0000-0000-0000-000000000379,40000000-0000-0000-0000-000000000012,Ajuchitlan del Progreso
17.274869,-98.2302,12004,42000000-0000-0000-0000-000000000380,40000000-0000-0000-0000-000000000012,Alcozauca de Guerrero
17.401223,-98.304766,12005,42000000-0000-0000-0000-000000000381,40000000-0000-0000-0000-000000000012,Alpoyeca
18.074828,-99.555633,12006,42000000-0000-0000-0000-000000000382,40000000-0000-0000-0000-000000000012,Apaxtla de Castrejon
18.185697,-100.170223,12007,42000000-0000-0000-0000-000000000383,40000000-0000-0000-0000-000000000012,Arcelia
18.061564,-99.062809,12008,42000000-0000-0000-0000-000000000384,40000000-0000-0000-0000-000000000012,Atenango del Rio
17.184196,-98.361831,12009,42000000-0000-0000-0000-000000000385,40000000-0000-0000-0000-000000000012,Atlamajalcingo del Monte
17.334925,-98.555964,12010,42000000-0000-0000-0000-000000000386,40000000-0000-0000-0000-000000000012,Atlixtac
17.124586,-100.255927,12011,42000000-0000-0000-0000-000000000387,40000000-0000-0000-0000-000000000012,Atoyac de Alvarez
16.575503,-99.055058,12012,42000000-0000-0000-0000-000000000388,40000000-0000-0000-0000-000000000012,Ayutla de los Libres
16.435866,-98.360393,12013,42000000-0000-0000-0000-000000000389,40000000-0000-0000-0000-000000000012,Azoyu
17.081093,-100.280721,12014,42000000-0000-0000-0000-000000000390,40000000-0000-0000-0000-000000000012,Benito Juarez
18.272839,-99.241923,12015,42000000-0000-0000-0000-000000000391,40000000-0000-0000-0000-000000000012,Buenavista de Cuellar
18.185902,-101.44046,12016,42000000-0000-0000-0000-000000000392,40000000-0000-0000-0000-000000000012,Coahuayutla de Jose Maria Izazaga
18.140912,-99.394028,12017,42000000-0000-0000-0000-000000000393,40000000-0000-0000-0000-000000000012,Cocula
16.363153,-98.584305,12018,42000000-0000-0000-0000-000000000394,40000000-0000-0000-0000-000000000012,Copala
18.020295,-99.023021,12019,42000000-0000-0000-0000-000000000395,40000000-0000-0000-0000-000000000012,Copalillo
17.274264,-98.424847,12020,42000000-0000-0000-0000-000000000396,40000000-0000-0000-0000-000000000012,Copanatoyac
17.003241,-100.052172,12021,42000000-0000-0000-0000-000000000397,40000000-0000-0000-0000-000000000012,Coyuca de Benitez
18.195167,-100.415484,12022,42000000-0000-0000-0000-000000000398,40000000-0000-0000-0000-000000000012,Coyuca de Catalan
16.281915,-98.250028,12023,42000000-0000-0000-0000-000000000399,40000000-0000-0000-0000-000000000012,Cuajinicuilapa
17.443394,-98.393862,12024,42000000-0000-0000-0000-000000000400,40000000-0000-0000-0000-000000000012,Cualac
16.445641,-99.000556,12025,42000000-0000-0000-0000-000000000401,40000000-0000-0000-0000-000000000012,Cuautepec
18.080291,-99.495335,12026,42000000-0000-0000-0000-000000000402,40000000-0000-0000-0000-000000000012,Cuetzala del Progreso
18.275488,-100.344265,12027,42000000-0000-0000-0000-000000000403,40000000-0000-0000-0000-000000000012,Cutzamala de Pinzon
17.353924,-99.103965,12028,42000000-0000-0000-0000-000000000404,40000000-0000-0000-0000-000000000012,Chilapa de Alvarez
17.330594,-99.300383,12029,42000000-0000-0000-0000-000000000405,40000000-0000-0000-0000-000000000012,Chilpancingo de los Bravo
16.432597,-99.072563,12030,42000000-0000-0000-0000-000000000406,40000000-0000-0000-0000-000000000012,Florencio Villarreal
18.250655,-100.041939,12031,42000000-0000-0000-0000-000000000407,40000000-0000-0000-0000-000000000012,General Canuto A. Neri
17.472201,-99.584194,12032,42000000-0000-0000-0000-000000000408,40000000-0000-0000-0000-000000000012,General Heliodoro Castillo
17.480783,-98.335503,12033,42000000-0000-0000-0000-000000000409,40000000-0000-0000-0000-000000000012,Huamuxtitlan
18.182153,-99.200349,12034,42000000-0000-0000-0000-000000000410,40000000-0000-0000-0000-000000000012,Huitzuco de los Figueroa
18.204038,-99.321813,12035,42000000-0000-0000-0000-000000000411,40000000-0000-0000-0000-000000000012,Iguala de la Independencia
16.443737,-98.283582,12036,42000000-0000-0000-0000-000000000412,40000000-0000-0000-0000-000000000012,Igualapa
18.300883,-99.473685,12037,42000000-0000-0000-0000-000000000413,40000000-0000-0000-0000-000000000012,Ixcateopan de Cuauhtemoc
17.390165,-101.325343,12038,42000000-0000-0000-0000-000000000414,40000000-0000-0000-0000-000000000012,Zihuatanejo de Azueta
17.100842,-99.311937,12039,42000000-0000-0000-0000-000000000415,40000000-0000-0000-0000-000000000012,Juan R. Escudero
17.393889,-99.403843,12040,42000000-0000-0000-0000-000000000416,40000000-0000-0000-0000-000000000012,Leonardo Bravo
17.144066,-98.401599,12041,42000000-0000-0000-0000-000000000417,40000000-0000-0000-0000-000000000012,Malinaltepec
17.443093,-99.194563,12042,42000000-0000-0000-0000-000000000418,40000000-0000-0000-0000-000000000012,Martir de Cuilapan
17.114334,-98.242556,12043,42000000-0000-0000-0000-000000000419,40000000-0000-0000-0000-000000000012,Metlatonoc
17.282049,-99.221666,12044,42000000-0000-0000-0000-000000000420,40000000-0000-0000-0000-000000000012,Mochitlan
17.4642,-98.442852,12045,42000000-0000-0000-0000-000000000421,40000000-0000-0000-0000-000000000012,Olinala
16.410632,-98.241592,12046,42000000-0000-0000-0000-000000000422,40000000-0000-0000-0000-000000000012,Ometepec
18.304451,-99.531326,12047,42000000-0000-0000-0000-000000000423,40000000-0000-0000-0000-000000000012,Pedro Ascencio Alquisiras
17.321754,-101.162839,12048,42000000-0000-0000-0000-000000000424,40000000-0000-0000-0000-000000000012,Petatlan
18.44513,-99.403423,12049,42000000-0000-0000-0000-000000000425,40000000-0000-0000-0000-000000000012,Pilcaya
18.214418,-100.400567,12050,42000000-0000-0000-0000-000000000426,40000000-0000-0000-0000-000000000012,Pungarabato
17.2433,-99.1427,12051,42000000-0000-0000-0000-000000000427,40000000-0000-0000-0000-000000000012,Quechultenango
16.48309,-98.440101,12052,42000000-0000-0000-0000-000000000428,40000000-0000-0000-0000-000000000012,San Luis Acatlan
16.475044,-99.232417,12053,42000000-0000-0000-0000-000000000429,40000000-0000-0000-0000-000000000012,San Marcos
18.094056,-100.232696,12054,42000000-0000-0000-0000-000000000430,40000000-0000-0000-0000-000000000012,San Miguel Totolapan
18.332658,-99.361654,12055,42000000-0000-0000-0000-000000000431,40000000-0000-0000-0000-000000000012,Taxco de Alarcon
16.591988,-99.153916,12056,42000000-0000-0000-0000-000000000432,40000000-0000-0000-0000-000000000012,Tecoanapa
17.132139,-100.375656,12057,42000000-0000-0000-0000-000000000433,40000000-0000-0000-0000-000000000012,Tecpan de Galeana
18.221851,-99.521046,12058,42000000-0000-0000-0000-000000000434,40000000-0000-0000-0000-000000000012,Teloloapan
18.171316,-99.28001,12059,42000000-0000-0000-0000-000000000435,40000000-0000-0000-0000-000000000012,Tepecoacuilco de Trujano
18.385779,-99.385634,12060,42000000-0000-0000-0000-000000000436,40000000-0000-0000-0000-000000000012,Tetipac
17.340021,-99.235378,12061,42000000-0000-0000-0000-000000000437,40000000-0000-0000-0000-000000000012,Tixtla de Guerrero
16.483567,-98.18063,12062,42000000-0000-0000-0000-000000000438,40000000-0000-0000-0000-000000000012,Tlacoachistlahuaca
17.153581,-98.445356,12063,42000000-0000-0000-0000-000000000439,40000000-0000-0000-0000-000000000012,Tlacoapa
18.243123,-100.284171,12064,42000000-0000-0000-0000-000000000440,40000000-0000-0000-0000-000000000012,Tlalchapa
17.342814,-98.22115,12065,42000000-0000-0000-0000-000000000441,40000000-0000-0000-0000-000000000012,Tlalixtaquilla de Maldonado
17.324902,-98.34557,12066,42000000-0000-0000-0000-000000000442,40000000-0000-0000-0000-000000000012,Tlapa de Comonfort
18.142314,-100.322967,12067,42000000-0000-0000-0000-000000000443,40000000-0000-0000-0000-000000000012,Tlapehuala
17.58564,-101.482047,12068,42000000-0000-0000-0000-000000000444,40000000-0000-0000-0000-000000000012,La Union de Isidoro Montes de Oca
17.281515,-98.362322,12069,42000000-0000-0000-0000-000000000445,40000000-0000-0000-0000-000000000012,Xalpatlahuac
17.542031,-98.291558,12070,42000000-0000-0000-0000-000000000446,40000000-0000-0000-0000-000000000012,Xochihuehuetlan
16.473273,-98.143288,12071,42000000-0000-0000-0000-000000000447,40000000-0000-0000-0000-000000000012,Xochistlahuaca
17.252239,-98.465415,12072,42000000-0000-0000-0000-000000000448,40000000-0000-0000-0000-000000000012,Zapotitlan Tablas
18.284488,-100.583308,12073,42000000-0000-0000-0000-000000000449,40000000-0000-0000-0000-000000000012,Zirandaro
17.412523,-99.110689,12074,42000000-0000-0000-0000-000000000450,40000000-0000-0000-0000-000000000012,Zitlala
17.391151,-99.313337,12075,42000000-0000-0000-0000-000000000451,40000000-0000-0000-0000-000000000012,Eduardo Neri
17.193079,-98.54372,12076,42000000-0000-0000-0000-000000000452,40000000-0000-0000-0000-000000000012,Acatepec
16.345993,-98.490427,12077,42000000-0000-0000-0000-000000000453,40000000-0000-0000-0000-000000000012,Marquelia
17.113468,-98.271901,12078,42000000-0000-0000-0000-000000000454,40000000-0000-0000-0000-000000000012,Cochoapa el Grande
17.265541,-99.01278,12079,42000000-0000-0000-0000-000000000455,40000000-0000-0000-0000-000000000012,Jose Joaquin de Herrera
16.373745,-98.381217,12080,42000000-0000-0000-0000-000000000456,40000000-0000-0000-0000-000000000012,Juchitan
17.024391,-98.410892,12081,42000000-0000-0000-0000-000000000457,40000000-0000-0000-0000-000000000012,Iliatenco
,,12082,42000000-0000-0000-0000-000000000458,40000000-0000-0000-0000-000000000012,Las Vigas
,,12083,42000000-0000-0000-0000-000000000459,40000000-0000-0000-0000-000000000012,Nuu Savi
,,12084,42000000-0000-0000-0000-000000000460,40000000-0000-0000-0000-000000000012,Santa Cruz del Rincon
,,12085,42000000-0000-0000-0000-000000000461,40000000-0000-0000-0000-000000000012,San Nicolas
20.084525,-98.261814,13001,42000000-0000-0000-0000-000000000462,40000000-0000-0000-0000-000000000013,Acatlan
20.09313,-98.121168,13002,42000000-0000-0000-0000-000000000463,40000000-0000-0000-0000-000000000013,Acaxochitlan
20.160871,-98.563444,13003,42000000-0000-0000-0000-000000000464,40000000-0000-0000-0000-000000000013,Actopan
20.205821,-98.212299,13004,42000000-0000-0000-0000-000000000465,40000000-0000-0000-0000-000000000013,Agua Blanca de Iturbide
20.053309,-99.071968,13005,42000000-0000-0000-0000-000000000466,40000000-0000-0000-0000-000000000013,Ajacuba
20.24359,-99.205852,13006,42000000-0000-0000-0000-000000000467,40000000-0000-0000-0000-000000000013,Alfajayucan
19.421195,-98.241186,13007,42000000-0000-0000-0000-000000000468,40000000-0000-0000-0000-000000000013,Almoloya
19.4236,-98.2707,13008,42000000-0000-0000-0000-000000000469,40000000-0000-0000-0000-000000000013,Apan
20.131713,-98.543976,13009,42000000-0000-0000-0000-000000000470,40000000-0000-0000-0000-000000000013,El Arenal
20.033296,-99.131606,13010,42000000-0000-0000-0000-000000000471,40000000-0000-0000-0000-000000000013,Atitalaquia
21.010161,-98.205347,13011,42000000-0000-0000-0000-000000000472,40000000-0000-0000-0000-000000000013,Atlapexco
20.171277,-98.400862,13012,42000000-0000-0000-0000-000000000473,40000000-0000-0000-0000-000000000013,Atotonilco el Grande
20.002796,-99.131269,13013,42000000-0000-0000-0000-000000000474,40000000-0000-0000-0000-000000000013,Atotonilco de Tula
20.534984,-98.350072,13014,42000000-0000-0000-0000-000000000475,40000000-0000-0000-0000-000000000013,Calnali
20.36482,-99.070145,13015,42000000-0000-0000-0000-000000000476,40000000-0000-0000-0000-000000000013,Cardonal
20.020769,-98.183506,13016,42000000-0000-0000-0000-000000000477,40000000-0000-0000-0000-000000000013,Cuautepec de Hinojosa
20.170714,-99.244763,13017,42000000-0000-0000-0000-000000000478,40000000-0000-0000-0000-000000000013,Chapantongo
21.09339,-98.541652,13018,42000000-0000-0000-0000-000000000479,40000000-0000-0000-0000-000000000013,Chapulhuacan
20.195146,-99.135429,13019,42000000-0000-0000-0000-000000000480,40000000-0000-0000-0000-000000000013,Chilcuautla
20.444818,-98.483291,13020,42000000-0000-0000-0000-000000000481,40000000-0000-0000-0000-000000000013,Eloxochitlan
19.392523,-98.32507,13021,42000000-0000-0000-0000-000000000482,40000000-0000-0000-0000-000000000013,Emiliano Zapata
20.010488,-98.381035,13022,42000000-0000-0000-0000-000000000483,40000000-0000-0000-0000-000000000013,Epazoyucan
20.144267,-99.052002,13023,42000000-0000-0000-0000-000000000484,40000000-0000-0000-0000-000000000013,Francisco I. Madero
20.1213,-98.343941,13024,42000000-0000-0000-0000-000000000485,40000000-0000-0000-0000-000000000013,Huasca de Ocampo
21.015299,-98.171256,13025,42000000-0000-0000-0000-000000000486,40000000-0000-0000-0000-000000000013,Huautla
20.584909,-98.302789,13026,42000000-0000-0000-0000-000000000487,40000000-0000-0000-0000-000000000013,Huazalingo
20.27371,-98.044233,13027,42000000-0000-0000-0000-000000000488,40000000-0000-0000-0000-000000000013,Huehuetla
21.082116,-98.251414,13028,42000000-0000-0000-0000-000000000489,40000000-0000-0000-0000-000000000013,Huejutla de Reyes
20.223113,-99.390425,13029,42000000-0000-0000-0000-000000000490,40000000-0000-0000-0000-000000000013,Huichapan
20.290552,-99.130759,13030,42000000-0000-0000-0000-000000000491,40000000-0000-0000-0000-000000000013,Ixmiquilpan
21.002987,-99.111885,13031,42000000-0000-0000-0000-000000000492,40000000-0000-0000-0000-000000000013,Jacala de Ledezma
21.075928,-98.321797,13032,42000000-0000-0000-0000-000000000493,40000000-0000-0000-0000-000000000013,Jaltocan
20.470138,-98.49439,13033,42000000-0000-0000-0000-000000000494,40000000-0000-0000-0000-000000000013,Juarez Hidalgo
20.502819,-98.430224,13034,42000000-0000-0000-0000-000000000495,40000000-0000-0000-0000-000000000013,Lolotla
20.141828,-98.191979,13035,42000000-0000-0000-0000-000000000496,40000000-0000-0000-0000-000000000013,Metepec
20.315737,-98.381904,13036,42000000-0000-0000-0000-000000000497,40000000-0000-0000-0000-000000000013,San Agustin Metzquititlan
20.354092,-98.455092,13037,42000000-0000-0000-0000-000000000498,40000000-0000-0000-0000-000000000013,Metztitlan
20.125605,-98.435242,13038,42000000-0000-0000-0000-000000000499,40000000-0000-0000-0000-000000000013,Mineral del Chico
20.082577,-98.401751,13039,42000000-0000-0000-0000-000000000500,40000000-0000-0000-0000-000000000013,Mineral del Monte
21.055791,-99.072347,13040,42000000-0000-0000-0000-000000000501,40000000-0000-0000-0000-000000000013,La Mision
20.134577,-99.124967,13041,42000000-0000-0000-0000-000000000502,40000000-0000-0000-0000-000000000013,Mixquiahuala de Juarez
20.471139,-98.435093,13042,42000000-0000-0000-0000-000000000503,40000000-0000-0000-0000-000000000013,Molango de Escamilla
20.4604,-99.0902,13043,42000000-0000-0000-0000-000000000504,40000000-0000-0000-0000-000000000013,Nicolas Flores
20.150681,-99.383926,13044,42000000-0000-0000-0000-000000000505,40000000-0000-0000-0000-000000000013,Nopala de Villagran
20.10102,-98.38551,13045,42000000-0000-0000-0000-000000000506,40000000-0000-0000-0000-000000000013,Omitlan de Juarez
21.10154,-98.362814,13046,42000000-0000-0000-0000-000000000507,40000000-0000-0000-0000-000000000013,San Felipe Orizatlan
21.030296,-99.174596,13047,42000000-0000-0000-0000-000000000508,40000000-0000-0000-0000-000000000013,Pacula
20.07205,-98.44132,13048,42000000-0000-0000-0000-000000000509,40000000-0000-0000-0000-000000000013,Pachuca de Soto
21.114122,-99.002159,13049,42000000-0000-0000-0000-000000000510,40000000-0000-0000-0000-000000000013,Pisaflores
20.14535,-99.112169,13050,42000000-0000-0000-0000-000000000511,40000000-0000-0000-0000-000000000013,Progreso de Obregon
20.042054,-98.414573,13051,42000000-0000-0000-0000-000000000512,40000000-0000-0000-0000-000000000013,Mineral de la Reforma
20.065638,-98.53124,13052,42000000-0000-0000-0000-000000000513,40000000-0000-0000-0000-000000000013,San Agustin Tlaxiaca
20.235691,-98.120742,13053,42000000-0000-0000-0000-000000000514,40000000-0000-0000-0000-000000000013,San Bartolo Tutotepec
20.170445,-99.005617,13054,42000000-0000-0000-0000-000000000515,40000000-0000-0000-0000-000000000013,San Salvador
20.22573,-98.575023,13055,42000000-0000-0000-0000-000000000516,40000000-0000-0000-0000-000000000013,Santiago de Anaya
20.02211,-98.212522,13056,42000000-0000-0000-0000-000000000517,40000000-0000-0000-0000-000000000013,Santiago Tulantepec de Lugo Guerrero
19.5803,-98.3102,13057,42000000-0000-0000-0000-000000000518,40000000-0000-0000-0000-000000000013,Singuilucan
20.330638,-99.18452,13058,42000000-0000-0000-0000-000000000519,40000000-0000-0000-0000-000000000013,Tasquillo
20.320194,-99.380573,13059,42000000-0000-0000-0000-000000000520,40000000-0000-0000-0000-000000000013,Tecozautla
20.2017,-98.133622,13060,42000000-0000-0000-0000-000000000521,40000000-0000-0000-0000-000000000013,Tenango de Doria
19.470843,-98.331318,13061,42000000-0000-0000-0000-000000000522,40000000-0000-0000-0000-000000000013,Tepeapulco
21.00507,-98.503744,13062,42000000-0000-0000-0000-000000000523,40000000-0000-0000-0000-000000000013,Tepehuacan de Guerrero
19.541878,-99.203053,13063,42000000-0000-0000-0000-000000000524,40000000-0000-0000-0000-000000000013,Tepeji del Rio de Ocampo
20.111302,-99.224922,13064,42000000-0000-0000-0000-000000000525,40000000-0000-0000-0000-000000000013,Tepetitlan
20.060956,-99.092204,13065,42000000-0000-0000-0000-000000000526,40000000-0000-0000-0000-000000000013,Tetepango
19.52475,-98.490944,13066,42000000-0000-0000-0000-000000000527,40000000-0000-0000-0000-000000000013,Villa de Tezontepec
20.113394,-99.162166,13067,42000000-0000-0000-0000-000000000528,40000000-0000-0000-0000-000000000013,Tezontepec de Aldama
20.434157,-98.375106,13068,42000000-0000-0000-0000-000000000529,40000000-0000-0000-0000-000000000013,Tianguistengo
19.502792,-98.58537,13069,42000000-0000-0000-0000-000000000530,40000000-0000-0000-0000-000000000013,Tizayuca
20.075026,-99.140485,13070,42000000-0000-0000-0000-000000000531,40000000-0000-0000-0000-000000000013,Tlahuelilpan
20.552609,-98.570072,13071,42000000-0000-0000-0000-000000000532,40000000-0000-0000-0000-000000000013,Tlahuiltepa
19.490442,-98.361409,13072,42000000-0000-0000-0000-000000000533,40000000-0000-0000-0000-000000000013,Tlanalapa
20.592164,-98.393702,13073,42000000-0000-0000-0000-000000000534,40000000-0000-0000-0000-000000000013,Tlanchinol
20.052981,-99.131774,13074,42000000-0000-0000-0000-000000000535,40000000-0000-0000-0000-000000000013,Tlaxcoapan
19.572373,-98.551834,13075,42000000-0000-0000-0000-000000000536,40000000-0000-0000-0000-000000000013,Tolcayuca
20.031879,-99.203548,13076,42000000-0000-0000-0000-000000000537,40000000-0000-0000-0000-000000000013,Tula de Allende
20.045018,-98.220506,13077,42000000-0000-0000-0000-000000000538,40000000-0000-0000-0000-000000000013,Tulancingo de Bravo
20.500774,-98.170431,13078,42000000-0000-0000-0000-000000000539,40000000-0000-0000-0000-000000000013,Xochiatipan
20.463668,-98.404701,13079,42000000-0000-0000-0000-000000000540,40000000-0000-0000-0000-000000000013,Xochicoatlan
20.570594,-98.225832,13080,42000000-0000-0000-0000-000000000541,40000000-0000-0000-0000-000000000013,Yahualica
20.384265,-98.391306,13081,42000000-0000-0000-0000-000000000542,40000000-0000-0000-0000-000000000013,Zacualtipan de Angeles
19.582657,-98.514278,13082,42000000-0000-0000-0000-000000000543,40000000-0000-0000-0000-000000000013,Zapotlan de Juarez
19.545543,-98.400527,13083,42000000-0000-0000-0000-000000000544,40000000-0000-0000-0000-000000000013,Zempoala
20.441705,-99.225921,13084,42000000-0000-0000-0000-000000000545,40000000-0000-0000-0000-000000000013,Zimapan
20.4646,-102.5419,14001,42000000-0000-0000-0000-000000000546,40000000-0000-0000-0000-000000000014,Acatic
20.2517,-103.3514,14002,42000000-0000-0000-0000-000000000547,40000000-0000-0000-0000-000000000014,Acatlan de Juarez
20.4202,-103.583,14003,42000000-0000-0000-0000-000000000548,40000000-0000-0000-0000-000000000014,Ahualulco de Mercado
20.0038,-103.3546,14004,42000000-0000-0000-0000-000000000549,40000000-0000-0000-0000-000000000014,Amacueca
20.5006,-103.4348,14005,42000000-0000-0000-0000-000000000550,40000000-0000-0000-0000-000000000014,Amatitan
20.3255,-104.0235,14006,42000000-0000-0000-0000-000000000551,40000000-0000-0000-0000-000000000014,Ameca
20.480168,-104.000355,14007,42000000-0000-0000-0000-000000000552,40000000-0000-0000-0000-000000000014,San Juanito de Escobedo
20.422,-102.2025,14008,42000000-0000-0000-0000-000000000553,40000000-0000-0000-0000-000000000014,Arandas
20.4634,-103.4138,14009,42000000-0000-0000-0000-000000000554,40000000-0000-0000-0000-000000000014,El Arenal
20.082202,-103.432833,14010,42000000-0000-0000-0000-000000000555,40000000-0000-0000-0000-000000000014,Atemajac de Brizuela
20.1632,-104.1404,14011,42000000-0000-0000-0000-000000000556,40000000-0000-0000-0000-000000000014,Atengo
20.2453,-104.2933,14012,42000000-0000-0000-0000-000000000557,40000000-0000-0000-0000-000000000014,Atenguillo
20.3302,-102.3015,14013,42000000-0000-0000-0000-000000000558,40000000-0000-0000-0000-000000000014,Atotonilco el Alto
20.0038,-103.3059,14014,42000000-0000-0000-0000-000000000559,40000000-0000-0000-0000-000000000014,Atoyac
19.4617,-104.2155,14015,42000000-0000-0000-0000-000000000560,40000000-0000-0000-0000-000000000014,Autlan de Navarro
20.3141,-102.1942,14016,42000000-0000-0000-0000-000000000561,40000000-0000-0000-0000-000000000014,Ayotlan
20.0745,-104.2052,14017,42000000-0000-0000-0000-000000000562,40000000-0000-0000-0000-000000000014,Ayutla
20.1725,-102.3231,14018,42000000-0000-0000-0000-000000000563,40000000-0000-0000-0000-000000000014,La Barca
21.495113,-103.46534,14019,42000000-0000-0000-0000-000000000564,40000000-0000-0000-0000-000000000014,Bolanos
20.1906,-105.1926,14020,42000000-0000-0000-0000-000000000565,40000000-0000-0000-0000-000000000014,Cabo Corrientes
19.3613,-104.2605,14021,42000000-0000-0000-0000-000000000566,40000000-0000-0000-0000-000000000014,Casimiro Castillo
19.141804,-104.334679,14022,42000000-0000-0000-0000-000000000567,40000000-0000-0000-0000-000000000014,Cihuatlan
19.4231,-103.2751,14023,42000000-0000-0000-0000-000000000568,40000000-0000-0000-0000-000000000014,Zapotlan el Grande
20.2203,-103.4927,14024,42000000-0000-0000-0000-000000000569,40000000-0000-0000-0000-000000000014,Cocula
22.0702,-103.1553,14025,42000000-0000-0000-0000-000000000570,40000000-0000-0000-0000-000000000014,Colotlan
19.5843,-103.1526,14026,42000000-0000-0000-0000-000000000571,40000000-0000-0000-0000-000000000014,Concepcion de Buenos Aires
19.2659,-104.2125,14027,42000000-0000-0000-0000-000000000572,40000000-0000-0000-0000-000000000014,Cuautitlan de Garcia Barragan
20.1205,-104.2427,14028,42000000-0000-0000-0000-000000000573,40000000-0000-0000-0000-000000000014,Cuautla
20.5539,-103.0126,14029,42000000-0000-0000-0000-000000000574,40000000-0000-0000-0000-000000000014,Cuquio
20.1736,-103.1123,14030,42000000-0000-0000-0000-000000000575,40000000-0000-0000-0000-000000000014,Chapala
21.464392,-103.465054,14031,42000000-0000-0000-0000-000000000576,40000000-0000-0000-0000-000000000014,Chimaltitan
20.0519,-103.5129,14032,42000000-0000-0000-0000-000000000577,40000000-0000-0000-0000-000000000014,Chiquilistlan
20.2651,-102.0806,14033,42000000-0000-0000-0000-000000000578,40000000-0000-0000-0000-000000000014,Degollado
19.5423,-104.0943,14034,42000000-0000-0000-0000-000000000579,40000000-0000-0000-0000-000000000014,Ejutla
21.3128,-102.1359,14035,42000000-0000-0000-0000-000000000580,40000000-0000-0000-0000-000000000014,Encarnacion de Diaz
20.4602,-104.0442,14036,42000000-0000-0000-0000-000000000581,40000000-0000-0000-0000-000000000014,Etzatlan
19.4827,-104.1256,14037,42000000-0000-0000-0000-000000000582,40000000-0000-0000-0000-000000000014,El Grullo
20.3435,-104.2238,14038,42000000-0000-0000-0000-000000000583,40000000-0000-0000-0000-000000000014,Guachinango
20.4035,-103.2032,14039,42000000-0000-0000-0000-000000000584,40000000-0000-0000-0000-000000000014,Guadalajara
21.0329,-104.0301,14040,42000000-0000-0000-0000-000000000585,40000000-0000-0000-0000-000000000014,Hostotipaquillo
22.2144,-103.1242,14041,42000000-0000-0000-0000-000000000586,40000000-0000-0000-0000-000000000014,Huejucar
22.3743,-103.5339,14042,42000000-0000-0000-0000-000000000587,40000000-0000-0000-0000-000000000014,Huejuquilla el Alto
19.2906,-104.3836,14043,42000000-0000-0000-0000-000000000588,40000000-0000-0000-0000-000000000014,La Huerta
20.205689,-103.113468,14044,42000000-0000-0000-0000-000000000589,40000000-0000-0000-0000-000000000014,Ixtlahuacan de los Membrillos
20.5151,-103.1421,14045,42000000-0000-0000-0000-000000000590,40000000-0000-0000-0000-000000000014,Ixtlahuacan del Rio
21.1007,-102.274,14046,42000000-0000-0000-0000-000000000591,40000000-0000-0000-0000-000000000014,Jalostotitlan
20.17402,-102.423498,14047,42000000-0000-0000-0000-000000000592,40000000-0000-0000-0000-000000000014,Jamay
20.3627,-102.1312,14048,42000000-0000-0000-0000-000000000593,40000000-0000-0000-0000-000000000014,Jesus Maria
19.2214,-103.0111,14049,42000000-0000-0000-0000-000000000594,40000000-0000-0000-0000-000000000014,Jilotlan de los Dolores
20.1704,-103.2531,14050,42000000-0000-0000-0000-000000000595,40000000-0000-0000-0000-000000000014,Jocotepec
20.3034,-103.1002,14051,42000000-0000-0000-0000-000000000596,40000000-0000-0000-0000-000000000014,Juanacatlan
20.050188,-104.05465,14052,42000000-0000-0000-0000-000000000597,40000000-0000-0000-0000-000000000014,Juchitlan
21.2123,-101.5545,14053,42000000-0000-0000-0000-000000000598,40000000-0000-0000-0000-000000000014,Lagos de Moreno
19.4928,-104.0908,14054,42000000-0000-0000-0000-000000000599,40000000-0000-0000-0000-000000000014,El Limon
20.5423,-103.5834,14055,42000000-0000-0000-0000-000000000600,40000000-0000-0000-0000-000000000014,Magdalena
19.3515,-102.543,14056,42000000-0000-0000-0000-000000000601,40000000-0000-0000-0000-000000000014,Santa Maria del Oro
20.0016,-103.09,14057,42000000-0000-0000-0000-000000000602,40000000-0000-0000-0000-000000000014,La Manzanilla de la Paz
20.3132,-104.4656,14058,42000000-0000-0000-0000-000000000603,40000000-0000-0000-0000-000000000014,Mascota
19.5502,-103.0113,14059,42000000-0000-0000-0000-000000000604,40000000-0000-0000-0000-000000000014,Mazamitla
21.1547,-102.464,14060,42000000-0000-0000-0000-000000000605,40000000-0000-0000-0000-000000000014,Mexticacan
22.2324,-103.434124,14061,42000000-0000-0000-0000-000000000606,40000000-0000-0000-0000-000000000014,Mezquitic
20.2626,-104.2432,14062,42000000-0000-0000-0000-000000000607,40000000-0000-0000-0000-000000000014,Mixtlan
20.2105,-102.4605,14063,42000000-0000-0000-0000-000000000608,40000000-0000-0000-0000-000000000014,Ocotlan
21.5151,-101.3536,14064,42000000-0000-0000-0000-000000000609,40000000-0000-0000-0000-000000000014,Ojuelos de Jalisco
19.150878,-103.223014,14065,42000000-0000-0000-0000-000000000610,40000000-0000-0000-0000-000000000014,Pihuamo
20.2253,-102.5527,14066,42000000-0000-0000-0000-000000000611,40000000-0000-0000-0000-000000000014,Poncitlan
20.3649,-105.1338,14067,42000000-0000-0000-0000-000000000612,40000000-0000-0000-0000-000000000014,Puerto Vallarta
19.4309,-104.3618,14068,42000000-0000-0000-0000-000000000613,40000000-0000-0000-0000-000000000014,Villa Purificacion
19.553955,-102.521975,14069,42000000-0000-0000-0000-000000000614,40000000-0000-0000-0000-000000000014,Quitupan
20.311,-103.1054,14070,42000000-0000-0000-0000-000000000615,40000000-0000-0000-0000-000000000014,El Salto
21.024,-103.2545,14071,42000000-0000-0000-0000-000000000616,40000000-0000-0000-0000-000000000014,San Cristobal de la Barranca
20.5935,-101.5937,14072,42000000-0000-0000-0000-000000000617,40000000-0000-0000-0000-000000000014,San Diego de Alejandria
21.1452,-102.1958,14073,42000000-0000-0000-0000-000000000618,40000000-0000-0000-0000-000000000014,San Juan de los Lagos
21.0035,-102.1051,14074,42000000-0000-0000-0000-000000000619,40000000-0000-0000-0000-000000000014,San Julian
20.4724,-104.1151,14075,42000000-0000-0000-0000-000000000620,40000000-0000-0000-0000-000000000014,San Marcos
21.41008,-103.485112,14076,42000000-0000-0000-0000-000000000621,40000000-0000-0000-0000-000000000014,San Martin de Bolanos
20.2606,-103.5543,14077,42000000-0000-0000-0000-000000000622,40000000-0000-0000-0000-000000000014,San Martin Hidalgo
21.015,-102.2353,14078,42000000-0000-0000-0000-000000000623,40000000-0000-0000-0000-000000000014,San Miguel el Alto
19.474,-103.2823,14079,42000000-0000-0000-0000-000000000624,40000000-0000-0000-0000-000000000014,Gomez Farias
20.4539,-104.5106,14080,42000000-0000-0000-0000-000000000625,40000000-0000-0000-0000-000000000014,San Sebastian del Oeste
22.1024,-103.1323,14081,42000000-0000-0000-0000-000000000626,40000000-0000-0000-0000-000000000014,Santa Maria de los Angeles
19.5301,-103.355,14082,42000000-0000-0000-0000-000000000627,40000000-0000-0000-0000-000000000014,Sayula
20.3909,-103.421,14083,42000000-0000-0000-0000-000000000628,40000000-0000-0000-0000-000000000014,Tala
20.2253,-104.4905,14084,42000000-0000-0000-0000-000000000629,40000000-0000-0000-0000-000000000014,Talpa de Allende
19.4035,-103.15,14085,42000000-0000-0000-0000-000000000630,40000000-0000-0000-0000-000000000014,Tamazula de Gordiano
19.5644,-103.4515,14086,42000000-0000-0000-0000-000000000631,40000000-0000-0000-0000-000000000014,Tapalpa
19.281,-103.1824,14087,42000000-0000-0000-0000-000000000632,40000000-0000-0000-0000-000000000014,Tecalitlan
20.1213,-104.0242,14088,42000000-0000-0000-0000-000000000633,40000000-0000-0000-0000-000000000014,Tecolotlan
20.0427,-103.3306,14089,42000000-0000-0000-0000-000000000634,40000000-0000-0000-0000-000000000014,Techaluta de Montenegro
20.1307,-104.0937,14090,42000000-0000-0000-0000-000000000635,40000000-0000-0000-0000-000000000014,Tenamaxtlan
21.2604,-102.3413,14091,42000000-0000-0000-0000-000000000636,40000000-0000-0000-0000-000000000014,Teocaltiche
20.0536,-103.2248,14092,42000000-0000-0000-0000-000000000637,40000000-0000-0000-0000-000000000014,Teocuitatlan de Corona
20.4903,-102.4526,14093,42000000-0000-0000-0000-000000000638,40000000-0000-0000-0000-000000000014,Tepatitlan de Morelos
20.524598,-103.500833,14094,42000000-0000-0000-0000-000000000639,40000000-0000-0000-0000-000000000014,Tequila
20.4107,-103.5057,14095,42000000-0000-0000-0000-000000000640,40000000-0000-0000-0000-000000000014,Teuchitlan
20.0931,-103.0221,14096,42000000-0000-0000-0000-000000000641,40000000-0000-0000-0000-000000000014,Tizapan el Alto
20.2825,-103.2635,14097,42000000-0000-0000-0000-000000000642,40000000-0000-0000-0000-000000000014,Tlajomulco de Zuniga
20.3819,-103.1826,14098,42000000-0000-0000-0000-000000000643,40000000-0000-0000-0000-000000000014,San Pedro Tlaquepaque
19.36,-103.5452,14099,42000000-0000-0000-0000-000000000644,40000000-0000-0000-0000-000000000014,Toliman
19.562949,-105.144298,14100,42000000-0000-0000-0000-000000000645,40000000-0000-0000-0000-000000000014,Tomatlan
20.3724,-103.1444,14101,42000000-0000-0000-0000-000000000646,40000000-0000-0000-0000-000000000014,Tonala
19.4703,-103.5815,14102,42000000-0000-0000-0000-000000000647,40000000-0000-0000-0000-000000000014,Tonaya
19.2439,-103.3258,14103,42000000-0000-0000-0000-000000000648,40000000-0000-0000-0000-000000000014,Tonila
21.5543,-103.2637,14104,42000000-0000-0000-0000-000000000649,40000000-0000-0000-0000-000000000014,Totatiche
20.323701,-102.472118,14105,42000000-0000-0000-0000-000000000650,40000000-0000-0000-0000-000000000014,Tototlan
19.414999,-103.590091,14106,42000000-0000-0000-0000-000000000651,40000000-0000-0000-0000-000000000014,Tuxcacuesco
20.092,-103.1102,14107,42000000-0000-0000-0000-000000000652,40000000-0000-0000-0000-000000000014,Tuxcueca
19.3316,-103.222,14108,42000000-0000-0000-0000-000000000653,40000000-0000-0000-0000-000000000014,Tuxpan
21.0741,-102.0026,14109,42000000-0000-0000-0000-000000000654,40000000-0000-0000-0000-000000000014,Union de San Antonio
19.5716,-104.1552,14110,42000000-0000-0000-0000-000000000655,40000000-0000-0000-0000-000000000014,Union de Tula
21.003815,-102.370396,14111,42000000-0000-0000-0000-000000000656,40000000-0000-0000-0000-000000000014,Valle de Guadalupe
19.5601,-102.5625,14112,42000000-0000-0000-0000-000000000657,40000000-0000-0000-0000-000000000014,Valle de Juarez
19.445202,-103.455925,14113,42000000-0000-0000-0000-000000000658,40000000-0000-0000-0000-000000000014,San Gabriel
20.2459,-103.3941,14114,42000000-0000-0000-0000-000000000659,40000000-0000-0000-0000-000000000014,Villa Corona
21.5859,-103.3548,14115,42000000-0000-0000-0000-000000000660,40000000-0000-0000-0000-000000000014,Villa Guerrero
21.4028,-102.3507,14116,42000000-0000-0000-0000-000000000661,40000000-0000-0000-0000-000000000014,Villa Hidalgo
21.0855,-102.4107,14117,42000000-0000-0000-0000-000000000662,40000000-0000-0000-0000-000000000014,Canadas de Obregon
21.1057,-102.5314,14118,42000000-0000-0000-0000-000000000663,40000000-0000-0000-0000-000000000014,Yahualica de Gonzalez Gallo
20.1343,-103.3355,14119,42000000-0000-0000-0000-000000000664,40000000-0000-0000-0000-000000000014,Zacoalco de Torres
20.431546,-103.232036,14120,42000000-0000-0000-0000-000000000665,40000000-0000-0000-0000-000000000014,Zapopan
19.3732,-103.2445,14121,42000000-0000-0000-0000-000000000666,40000000-0000-0000-0000-000000000014,Zapotiltic
19.325331,-103.484575,14122,42000000-0000-0000-0000-000000000667,40000000-0000-0000-0000-000000000014,Zapotitlan de Vadillo
20.2759,-102.5534,14123,42000000-0000-0000-0000-000000000668,40000000-0000-0000-0000-000000000014,Zapotlan del Rey
20.3721,-103.0351,14124,42000000-0000-0000-0000-000000000669,40000000-0000-0000-0000-000000000014,Zapotlanejo
20.4435,-102.321,14125,42000000-0000-0000-0000-000000000670,40000000-0000-0000-0000-000000000014,San Ignacio Cerro Gordo
19.572242,-99.503852,15001,42000000-0000-0000-0000-000000000671,40000000-0000-0000-0000-000000000015,Acambay de Ruiz Castaneda
19.380783,-98.544286,15002,42000000-0000-0000-0000-000000000672,40000000-0000-0000-0000-000000000015,Acolman
20.055779,-99.494077,15003,42000000-0000-0000-0000-000000000673,40000000-0000-0000-0000-000000000015,Aculco
18.520204,-99.533768,15004,42000000-0000-0000-0000-000000000674,40000000-0000-0000-0000-000000000015,Almoloya de Alquisiras
19.220946,-99.453079,15005,42000000-0000-0000-0000-000000000675,40000000-0000-0000-0000-000000000015,Almoloya de Juarez
19.093379,-99.291983,15006,42000000-0000-0000-0000-000000000676,40000000-0000-0000-0000-000000000015,Almoloya del Rio
19.150856,-100.011194,15007,42000000-0000-0000-0000-000000000677,40000000-0000-0000-0000-000000000015,Amanalco
18.410057,-100.110977,15008,42000000-0000-0000-0000-000000000678,40000000-0000-0000-0000-000000000015,Amatepec
19.074327,-98.461132,15009,42000000-0000-0000-0000-000000000679,40000000-0000-0000-0000-000000000015,Amecameca
19.583117,-99.102699,15010,42000000-0000-0000-0000-000000000680,40000000-0000-0000-0000-000000000015,Apaxco
19.333362,-98.544805,15011,42000000-0000-0000-0000-000000000681,40000000-0000-0000-0000-000000000015,Atenco
19.103633,-99.291659,15012,42000000-0000-0000-0000-000000000682,40000000-0000-0000-0000-000000000015,Atizapan
19.323541,-99.140615,15013,42000000-0000-0000-0000-000000000683,40000000-0000-0000-0000-000000000015,Atizapan de Zaragoza
19.48001,-99.522731,15014,42000000-0000-0000-0000-000000000684,40000000-0000-0000-0000-000000000015,Atlacomulco
19.01511,-98.46576,15015,42000000-0000-0000-0000-000000000685,40000000-0000-0000-0000-000000000015,Atlautla
19.432805,-98.452999,15016,42000000-0000-0000-0000-000000000686,40000000-0000-0000-0000-000000000015,Axapusco
19.0738,-98.480902,15017,42000000-0000-0000-0000-000000000687,40000000-0000-0000-0000-000000000015,Ayapango
19.094761,-99.37072,15018,42000000-0000-0000-0000-000000000688,40000000-0000-0000-0000-000000000015,Calimaya
19.113524,-99.275187,15019,42000000-0000-0000-0000-000000000689,40000000-0000-0000-0000-000000000015,Capulhuac
19.374548,-99.061576,15020,42000000-0000-0000-0000-000000000690,40000000-0000-0000-0000-000000000015,Coacalco de Berriozabal
18.553256,-99.460667,15021,42000000-0000-0000-0000-000000000691,40000000-0000-0000-0000-000000000015,Coatepec Harinas
19.135108,-98.514303,15022,42000000-0000-0000-0000-000000000692,40000000-0000-0000-0000-000000000015,Cocotitlan
19.463183,-99.122873,15023,42000000-0000-0000-0000-000000000693,40000000-0000-0000-0000-000000000015,Coyotepec
19.395422,-99.104307,15024,42000000-0000-0000-0000-000000000694,40000000-0000-0000-0000-000000000015,Cuautitlan
19.154007,-98.534436,15025,42000000-0000-0000-0000-000000000695,40000000-0000-0000-0000-000000000015,Chalco
19.484848,-99.313358,15026,42000000-0000-0000-0000-000000000696,40000000-0000-0000-0000-000000000015,Chapa de Mota
19.120419,-99.334274,15027,42000000-0000-0000-0000-000000000697,40000000-0000-0000-0000-000000000015,Chapultepec
19.325515,-98.525286,15028,42000000-0000-0000-0000-000000000698,40000000-0000-0000-0000-000000000015,Chiautla
19.250036,-98.540724,15029,42000000-0000-0000-0000-000000000699,40000000-0000-0000-0000-000000000015,Chicoloapan
19.33098,-98.534311,15030,42000000-0000-0000-0000-000000000700,40000000-0000-0000-0000-000000000015,Chiconcuac
19.250087,-98.564308,15031,42000000-0000-0000-0000-000000000701,40000000-0000-0000-0000-000000000015,Chimalhuacan
19.183072,-100.083898,15032,42000000-0000-0000-0000-000000000702,40000000-0000-0000-0000-000000000015,Donato Guerra
19.355665,-99.025697,15033,42000000-0000-0000-0000-000000000703,40000000-0000-0000-0000-000000000015,Ecatepec de Morelos
18.573137,-98.450935,15034,42000000-0000-0000-0000-000000000704,40000000-0000-0000-0000-000000000015,Ecatzingo
19.500104,-99.12149,15035,42000000-0000-0000-0000-000000000705,40000000-0000-0000-0000-000000000015,Huehuetoca
19.542534,-99.044213,15036,42000000-0000-0000-0000-000000000706,40000000-0000-0000-0000-000000000015,Hueypoxtla
19.213665,-99.210609,15037,42000000-0000-0000-0000-000000000707,40000000-0000-0000-0000-000000000015,Huixquilucan
19.332013,-99.250257,15038,42000000-0000-0000-0000-000000000708,40000000-0000-0000-0000-000000000015,Isidro Fabela
19.184718,-98.530329,15039,42000000-0000-0000-0000-000000000709,40000000-0000-0000-0000-000000000015,Ixtapaluca
18.504058,-99.403296,15040,42000000-0000-0000-0000-000000000710,40000000-0000-0000-0000-000000000015,Ixtapan de la Sal
19.154414,-100.155118,15041,42000000-0000-0000-0000-000000000711,40000000-0000-0000-0000-000000000015,Ixtapan del Oro
19.341133,-99.460936,15042,42000000-0000-0000-0000-000000000712,40000000-0000-0000-0000-000000000015,Ixtlahuaca
19.110379,-99.244945,15043,42000000-0000-0000-0000-000000000713,40000000-0000-0000-0000-000000000015,Xalatlaco
19.4508,-99.053851,15044,42000000-0000-0000-0000-000000000714,40000000-0000-0000-0000-000000000015,Jaltenco
19.57102,-99.315818,15045,42000000-0000-0000-0000-000000000715,40000000-0000-0000-0000-000000000015,Jilotepec
19.322011,-99.234969,15046,42000000-0000-0000-0000-000000000716,40000000-0000-0000-0000-000000000015,Jilotzingo
19.332736,-99.363096,15047,42000000-0000-0000-0000-000000000717,40000000-0000-0000-0000-000000000015,Jiquipilco
19.424254,-99.470887,15048,42000000-0000-0000-0000-000000000718,40000000-0000-0000-0000-000000000015,Jocotitlan
19.025722,-99.315454,15049,42000000-0000-0000-0000-000000000719,40000000-0000-0000-0000-000000000015,Joquicingo
19.060688,-98.52513,15050,42000000-0000-0000-0000-000000000720,40000000-0000-0000-0000-000000000015,Juchitepec
19.170734,-99.304254,15051,42000000-0000-0000-0000-000000000721,40000000-0000-0000-0000-000000000015,Lerma
18.570843,-99.295124,15052,42000000-0000-0000-0000-000000000722,40000000-0000-0000-0000-000000000015,Malinalco
19.423749,-99.083645,15053,42000000-0000-0000-0000-000000000723,40000000-0000-0000-0000-000000000015,Melchor Ocampo
19.150871,-99.361617,15054,42000000-0000-0000-0000-000000000724,40000000-0000-0000-0000-000000000015,Metepec
19.123999,-99.351267,15055,42000000-0000-0000-0000-000000000725,40000000-0000-0000-0000-000000000015,Mexicaltzingo
19.471312,-99.400397,15056,42000000-0000-0000-0000-000000000726,40000000-0000-0000-0000-000000000015,Morelos
19.284369,-99.135959,15057,42000000-0000-0000-0000-000000000727,40000000-0000-0000-0000-000000000015,Naucalpan de Juarez
19.243155,-99.010552,15058,42000000-0000-0000-0000-000000000728,40000000-0000-0000-0000-000000000015,Nezahualcoyotl
19.442352,-99.044922,15059,42000000-0000-0000-0000-000000000729,40000000-0000-0000-0000-000000000015,Nextlalpan
19.373257,-99.185723,15060,42000000-0000-0000-0000-000000000730,40000000-0000-0000-0000-000000000015,Nicolas Romero
19.464367,-98.423436,15061,42000000-0000-0000-0000-000000000731,40000000-0000-0000-0000-000000000015,Nopaltepec
19.160941,-99.27205,15062,42000000-0000-0000-0000-000000000732,40000000-0000-0000-0000-000000000015,Ocoyoacac
18.584473,-99.2501,15063,42000000-0000-0000-0000-000000000733,40000000-0000-0000-0000-000000000015,Ocuilan
19.480772,-100.075039,15064,42000000-0000-0000-0000-000000000734,40000000-0000-0000-0000-000000000015,El Oro
19.415947,-98.45277,15065,42000000-0000-0000-0000-000000000735,40000000-0000-0000-0000-000000000015,Otumba
19.070267,-100.175176,15066,42000000-0000-0000-0000-000000000736,40000000-0000-0000-0000-000000000015,Otzoloapan
19.245834,-99.333092,15067,42000000-0000-0000-0000-000000000737,40000000-0000-0000-0000-000000000015,Otzolotepec
19.022104,-98.47434,15068,42000000-0000-0000-0000-000000000738,40000000-0000-0000-0000-000000000015,Ozumba
19.334816,-98.512955,15069,42000000-0000-0000-0000-000000000739,40000000-0000-0000-0000-000000000015,Papalotla
19.213019,-98.583577,15070,42000000-0000-0000-0000-000000000740,40000000-0000-0000-0000-000000000015,La Paz
20.132571,-99.485308,15071,42000000-0000-0000-0000-000000000741,40000000-0000-0000-0000-000000000015,Polotitlan
19.085284,-99.345426,15072,42000000-0000-0000-0000-000000000742,40000000-0000-0000-0000-000000000015,Rayon
19.095076,-99.340961,15073,42000000-0000-0000-0000-000000000743,40000000-0000-0000-0000-000000000015,San Antonio la Isla
19.425013,-99.571186,15074,42000000-0000-0000-0000-000000000744,40000000-0000-0000-0000-000000000015,San Felipe del Progreso
19.421744,-98.500429,15075,42000000-0000-0000-0000-000000000745,40000000-0000-0000-0000-000000000015,San Martin de las Piramides
19.1551,-99.3147,15076,42000000-0000-0000-0000-000000000746,40000000-0000-0000-0000-000000000015,San Mateo Atenco
19.012312,-100.00262,15077,42000000-0000-0000-0000-000000000747,40000000-0000-0000-0000-000000000015,San Simon de Guerrero
19.10587,-100.153521,15078,42000000-0000-0000-0000-000000000748,40000000-0000-0000-0000-000000000015,Santo Tomas
20.005001,-99.314043,15079,42000000-0000-0000-0000-000000000749,40000000-0000-0000-0000-000000000015,Soyaniquilpan de Juarez
18.513077,-99.575915,15080,42000000-0000-0000-0000-000000000750,40000000-0000-0000-0000-000000000015,Sultepec
19.423675,-98.580171,15081,42000000-0000-0000-0000-000000000751,40000000-0000-0000-0000-000000000015,Tecamac
18.542051,-100.091225,15082,42000000-0000-0000-0000-000000000752,40000000-0000-0000-0000-000000000015,Tejupilco
19.120987,-98.521165,15083,42000000-0000-0000-0000-000000000753,40000000-0000-0000-0000-000000000015,Temamatla
19.494029,-98.5403,15084,42000000-0000-0000-0000-000000000754,40000000-0000-0000-0000-000000000015,Temascalapa
19.545728,-100.001469,15085,42000000-0000-0000-0000-000000000755,40000000-0000-0000-0000-000000000015,Temascalcingo
19.023507,-100.022889,15086,42000000-0000-0000-0000-000000000756,40000000-0000-0000-0000-000000000015,Temascaltepec
19.281205,-99.354166,15087,42000000-0000-0000-0000-000000000757,40000000-0000-0000-0000-000000000015,Temoaya
18.574259,-99.353783,15088,42000000-0000-0000-0000-000000000758,40000000-0000-0000-0000-000000000015,Tenancingo
19.092521,-98.514066,15089,42000000-0000-0000-0000-000000000759,40000000-0000-0000-0000-000000000015,Tenango del Aire
19.061354,-99.352967,15090,42000000-0000-0000-0000-000000000760,40000000-0000-0000-0000-000000000015,Tenango del Valle
19.444368,-99.105903,15091,42000000-0000-0000-0000-000000000761,40000000-0000-0000-0000-000000000015,Teoloyucan
19.410773,-98.520706,15092,42000000-0000-0000-0000-000000000762,40000000-0000-0000-0000-000000000015,Teotihuacan
19.342412,-98.491099,15093,42000000-0000-0000-0000-000000000763,40000000-0000-0000-0000-000000000015,Tepetlaoxtoc
19.014625,-98.491095,15094,42000000-0000-0000-0000-000000000764,40000000-0000-0000-0000-000000000015,Tepetlixpa
19.42496,-99.132465,15095,42000000-0000-0000-0000-000000000765,40000000-0000-0000-0000-000000000015,Tepotzotlan
19.5437,-99.085609,15096,42000000-0000-0000-0000-000000000766,40000000-0000-0000-0000-000000000015,Tequixquiac
18.55494,-99.56214,15097,42000000-0000-0000-0000-000000000767,40000000-0000-0000-0000-000000000015,Texcaltitlan
19.075602,-99.301105,15098,42000000-0000-0000-0000-000000000768,40000000-0000-0000-0000-000000000015,Texcalyacac
19.304838,-98.525334,15099,42000000-0000-0000-0000-000000000769,40000000-0000-0000-0000-000000000015,Texcoco
19.352513,-98.543061,15100,42000000-0000-0000-0000-000000000770,40000000-0000-0000-0000-000000000015,Tezoyuca
19.105237,-99.280278,15101,42000000-0000-0000-0000-000000000771,40000000-0000-0000-0000-000000000015,Tianguistenco
19.523421,-99.44016,15102,42000000-0000-0000-0000-000000000772,40000000-0000-0000-0000-000000000015,Timilpan
19.122125,-98.480919,15103,42000000-0000-0000-0000-000000000773,40000000-0000-0000-0000-000000000015,Tlalmanalco
19.321868,-99.114271,15104,42000000-0000-0000-0000-000000000774,40000000-0000-0000-0000-000000000015,Tlalnepantla de Baz
18.370423,-100.122819,15105,42000000-0000-0000-0000-000000000775,40000000-0000-0000-0000-000000000015,Tlatlaya
19.173656,-99.392634,15106,42000000-0000-0000-0000-000000000776,40000000-0000-0000-0000-000000000015,Toluca
18.480727,-99.401537,15107,42000000-0000-0000-0000-000000000777,40000000-0000-0000-0000-000000000015,Tonatico
19.410797,-99.074298,15108,42000000-0000-0000-0000-000000000778,40000000-0000-0000-0000-000000000015,Tultepec
19.385105,-99.10091,15109,42000000-0000-0000-0000-000000000779,40000000-0000-0000-0000-000000000015,Tultitlan
19.113982,-100.075379,15110,42000000-0000-0000-0000-000000000780,40000000-0000-0000-0000-000000000015,Valle de Bravo
19.22243,-100.085768,15111,42000000-0000-0000-0000-000000000781,40000000-0000-0000-0000-000000000015,Villa de Allende
19.433932,-99.274709,15112,42000000-0000-0000-0000-000000000782,40000000-0000-0000-0000-000000000015,Villa del Carbon
18.574215,-99.38312,15113,42000000-0000-0000-0000-000000000783,40000000-0000-0000-0000-000000000015,Villa Guerrero
19.263075,-99.594218,15114,42000000-0000-0000-0000-000000000784,40000000-0000-0000-0000-000000000015,Villa Victoria
19.241591,-99.314943,15115,42000000-0000-0000-0000-000000000785,40000000-0000-0000-0000-000000000015,Xonacatlan
19.042805,-100.152202,15116,42000000-0000-0000-0000-000000000786,40000000-0000-0000-0000-000000000015,Zacazonapan
18.430721,-99.463224,15117,42000000-0000-0000-0000-000000000787,40000000-0000-0000-0000-000000000015,Zacualpan
19.170566,-99.440614,15118,42000000-0000-0000-0000-000000000788,40000000-0000-0000-0000-000000000015,Zinacantepec
18.502734,-99.350814,15119,42000000-0000-0000-0000-000000000789,40000000-0000-0000-0000-000000000015,Zumpahuacan
19.474964,-99.060228,15120,42000000-0000-0000-0000-000000000790,40000000-0000-0000-0000-000000000015,Zumpango
19.392518,-99.123343,15121,42000000-0000-0000-0000-000000000791,40000000-0000-0000-0000-000000000015,Cuautitlan Izcalli
19.164355,-98.563642,15122,42000000-0000-0000-0000-000000000792,40000000-0000-0000-0000-000000000015,Valle de Chalco Solidaridad
18.551374,-100.175801,15123,42000000-0000-0000-0000-000000000793,40000000-0000-0000-0000-000000000015,Luvianos
19.393976,-100.0907,15124,42000000-0000-0000-0000-000000000794,40000000-0000-0000-0000-000000000015,San Jose del Rincon
19.411738,-99.03157,15125,42000000-0000-0000-0000-000000000795,40000000-0000-0000-0000-000000000015,Tonanitla
19.294651,-101.195827,16001,42000000-0000-0000-0000-000000000796,40000000-0000-0000-0000-000000000016,Acuitzio
18.440323,-102.471817,16002,42000000-0000-0000-0000-000000000797,40000000-0000-0000-0000-000000000016,Aguililla
19.49347,-101.021855,16003,42000000-0000-0000-0000-000000000798,40000000-0000-0000-0000-000000000016,Alvaro Obregon
20.085876,-101.422992,16004,42000000-0000-0000-0000-000000000799,40000000-0000-0000-0000-000000000016,Angamacutiro
19.37114,-100.170784,16005,42000000-0000-0000-0000-000000000800,40000000-0000-0000-0000-000000000016,Angangueo
19.051402,-102.211895,16006,42000000-0000-0000-0000-000000000801,40000000-0000-0000-0000-000000000016,Apatzingan
19.401501,-100.244006,16007,42000000-0000-0000-0000-000000000802,40000000-0000-0000-0000-000000000016,Aporo
18.35569,-103.301712,16008,42000000-0000-0000-0000-000000000803,40000000-0000-0000-0000-000000000016,Aquila
19.122811,-101.423382,16009,42000000-0000-0000-0000-000000000804,40000000-0000-0000-0000-000000000016,Ario
18.21205,-102.172423,16010,42000000-0000-0000-0000-000000000805,40000000-0000-0000-0000-000000000016,Arteaga
20.161644,-102.333981,16011,42000000-0000-0000-0000-000000000806,40000000-0000-0000-0000-000000000016,Brisenas
19.124225,-102.351641,16012,42000000-0000-0000-0000-000000000807,40000000-0000-0000-0000-000000000016,Buenavista
19.010231,-101.073717,16013,42000000-0000-0000-0000-000000000808,40000000-0000-0000-0000-000000000016,Caracuaro
18.420891,-103.394655,16014,42000000-0000-0000-0000-000000000809,40000000-0000-0000-0000-000000000016,Coahuayana
18.463756,-103.09344,16015,42000000-0000-0000-0000-000000000810,40000000-0000-0000-0000-000000000016,Coalcoman de Vazquez Pallares
19.491554,-101.35015,16016,42000000-0000-0000-0000-000000000811,40000000-0000-0000-0000-000000000016,Coeneo
19.571897,-100.095205,16017,42000000-0000-0000-0000-000000000812,40000000-0000-0000-0000-000000000016,Contepec
19.533777,-101.12551,16018,42000000-0000-0000-0000-000000000813,40000000-0000-0000-0000-000000000016,Copandaro
19.483703,-102.422096,16019,42000000-0000-0000-0000-000000000814,40000000-0000-0000-0000-000000000016,Cotija
19.580557,-101.08225,16020,42000000-0000-0000-0000-000000000815,40000000-0000-0000-0000-000000000016,Cuitzeo
19.390061,-102.150986,16021,42000000-0000-0000-0000-000000000816,40000000-0000-0000-0000-000000000016,Charapan
19.444801,-101.024673,16022,42000000-0000-0000-0000-000000000817,40000000-0000-0000-0000-000000000016,Charo
20.002498,-102.273091,16023,42000000-0000-0000-0000-000000000818,40000000-0000-0000-0000-000000000016,Chavinda
19.411555,-101.571734,16024,42000000-0000-0000-0000-000000000819,40000000-0000-0000-0000-000000000016,Cheran
19.505715,-102.070997,16025,42000000-0000-0000-0000-000000000820,40000000-0000-0000-0000-000000000016,Chilchota
18.452941,-103.220408,16026,42000000-0000-0000-0000-000000000821,40000000-0000-0000-0000-000000000016,Chinicuila
19.535987,-101.200021,16027,42000000-0000-0000-0000-000000000822,40000000-0000-0000-0000-000000000016,Chucandiro
20.090346,-102.035731,16028,42000000-0000-0000-0000-000000000823,40000000-0000-0000-0000-000000000016,Churintzio
18.395241,-101.384759,16029,42000000-0000-0000-0000-000000000824,40000000-0000-0000-0000-000000000016,Churumuco
20.094542,-102.114044,16030,42000000-0000-0000-0000-000000000825,40000000-0000-0000-0000-000000000016,Ecuandureo
20.080488,-100.17374,16031,42000000-0000-0000-0000-000000000826,40000000-0000-0000-0000-000000000016,Epitacio Huerta
19.351771,-101.431231,16032,42000000-0000-0000-0000-000000000827,40000000-0000-0000-0000-000000000016,Erongaricuaro
19.093529,-102.031427,16033,42000000-0000-0000-0000-000000000828,40000000-0000-0000-0000-000000000016,Gabriel Zamora
19.412166,-100.331858,16034,42000000-0000-0000-0000-000000000829,40000000-0000-0000-0000-000000000016,Hidalgo
18.574639,-101.483192,16035,42000000-0000-0000-0000-000000000830,40000000-0000-0000-0000-000000000016,La Huacana
19.591934,-101.163307,16036,42000000-0000-0000-0000-000000000831,40000000-0000-0000-0000-000000000016,Huandacareo
19.535638,-101.301855,16037,42000000-0000-0000-0000-000000000832,40000000-0000-0000-0000-000000000016,Huaniqueo
18.373513,-100.535901,16038,42000000-0000-0000-0000-000000000833,40000000-0000-0000-0000-000000000016,Huetamo
19.324733,-101.261677,16039,42000000-0000-0000-0000-000000000834,40000000-0000-0000-0000-000000000016,Huiramba
19.472421,-100.580658,16040,42000000-0000-0000-0000-000000000835,40000000-0000-0000-0000-000000000016,Indaparapeo
19.415096,-100.284476,16041,42000000-0000-0000-0000-000000000836,40000000-0000-0000-0000-000000000016,Irimbo
20.100612,-102.234065,16042,42000000-0000-0000-0000-000000000837,40000000-0000-0000-0000-000000000016,Ixtlan
19.572276,-102.182168,16043,42000000-0000-0000-0000-000000000838,40000000-0000-0000-0000-000000000016,Jacona
19.552016,-101.445745,16044,42000000-0000-0000-0000-000000000839,40000000-0000-0000-0000-000000000016,Jimenez
19.592299,-102.430683,16045,42000000-0000-0000-0000-000000000840,40000000-0000-0000-0000-000000000016,Jiquilpan
19.184419,-100.255805,16046,42000000-0000-0000-0000-000000000841,40000000-0000-0000-0000-000000000016,Juarez
19.273141,-100.29406,16047,42000000-0000-0000-0000-000000000842,40000000-0000-0000-0000-000000000016,Jungapeo
19.335264,-101.245321,16048,42000000-0000-0000-0000-000000000843,40000000-0000-0000-0000-000000000016,Lagunillas
19.233163,-101.163942,16049,42000000-0000-0000-0000-000000000844,40000000-0000-0000-0000-000000000016,Madero
19.533003,-100.263,16050,42000000-0000-0000-0000-000000000845,40000000-0000-0000-0000-000000000016,Maravatio
19.592486,-103.011742,16051,42000000-0000-0000-0000-000000000846,40000000-0000-0000-0000-000000000016,Marcos Castellanos
17.57444,-102.115273,16052,42000000-0000-0000-0000-000000000847,40000000-0000-0000-0000-000000000016,Lazaro Cardenas
19.421218,-101.113137,16053,42000000-0000-0000-0000-000000000848,40000000-0000-0000-0000-000000000016,Morelia
20.001531,-101.244459,16054,42000000-0000-0000-0000-000000000849,40000000-0000-0000-0000-000000000016,Morelos
19.01437,-102.051224,16055,42000000-0000-0000-0000-000000000850,40000000-0000-0000-0000-000000000016,Mugica
19.391466,-101.550169,16056,42000000-0000-0000-0000-000000000851,40000000-0000-0000-0000-000000000016,Nahuatzen
19.023587,-101.094403,16057,42000000-0000-0000-0000-000000000852,40000000-0000-0000-0000-000000000016,Nocupetaro
19.245992,-102.074757,16058,42000000-0000-0000-0000-000000000853,40000000-0000-0000-0000-000000000016,Nuevo Parangaricutiro
19.095714,-101.520785,16059,42000000-0000-0000-0000-000000000854,40000000-0000-0000-0000-000000000016,Nuevo Urecho
20.151764,-101.564991,16060,42000000-0000-0000-0000-000000000855,40000000-0000-0000-0000-000000000016,Numaran
19.350185,-100.202142,16061,42000000-0000-0000-0000-000000000856,40000000-0000-0000-0000-000000000016,Ocampo
20.070082,-102.335585,16062,42000000-0000-0000-0000-000000000857,40000000-0000-0000-0000-000000000016,Pajacuaran
19.590225,-101.454126,16063,42000000-0000-0000-0000-000000000858,40000000-0000-0000-0000-000000000016,Panindicuaro
19.084478,-102.131217,16064,42000000-0000-0000-0000-000000000859,40000000-0000-0000-0000-000000000016,Paracuaro
19.385027,-102.025448,16065,42000000-0000-0000-0000-000000000860,40000000-0000-0000-0000-000000000016,Paracho
19.304895,-101.363642,16066,42000000-0000-0000-0000-000000000861,40000000-0000-0000-0000-000000000016,Patzcuaro
20.061609,-101.560122,16067,42000000-0000-0000-0000-000000000862,40000000-0000-0000-0000-000000000016,Penjamillo
19.311462,-102.245828,16068,42000000-0000-0000-0000-000000000863,40000000-0000-0000-0000-000000000016,Periban
20.202922,-102.012119,16069,42000000-0000-0000-0000-000000000864,40000000-0000-0000-0000-000000000016,La Piedad
19.543587,-102.002427,16070,42000000-0000-0000-0000-000000000865,40000000-0000-0000-0000-000000000016,Purepero
20.05192,-101.305472,16071,42000000-0000-0000-0000-000000000866,40000000-0000-0000-0000-000000000016,Puruandiro
19.48361,-100.530056,16072,42000000-0000-0000-0000-000000000867,40000000-0000-0000-0000-000000000016,Querendaro
19.394963,-101.312641,16073,42000000-0000-0000-0000-000000000868,40000000-0000-0000-0000-000000000016,Quiroga
20.070839,-102.510362,16074,42000000-0000-0000-0000-000000000869,40000000-0000-0000-0000-000000000016,Cojumatlan de Regules
19.352031,-102.282884,16075,42000000-0000-0000-0000-000000000870,40000000-0000-0000-0000-000000000016,Los Reyes
20.032766,-102.430047,16076,42000000-0000-0000-0000-000000000871,40000000-0000-0000-0000-000000000016,Sahuayo
18.352908,-100.470511,16077,42000000-0000-0000-0000-000000000872,40000000-0000-0000-0000-000000000016,San Lucas
20.003021,-101.011835,16078,42000000-0000-0000-0000-000000000873,40000000-0000-0000-0000-000000000016,Santa Ana Maya
19.242191,-101.382327,16079,42000000-0000-0000-0000-000000000874,40000000-0000-0000-0000-000000000016,Salvador Escalante
19.440003,-100.210867,16080,42000000-0000-0000-0000-000000000875,40000000-0000-0000-0000-000000000016,Senguio
19.125456,-100.243,16081,42000000-0000-0000-0000-000000000876,40000000-0000-0000-0000-000000000016,Susupuato
19.140793,-101.272638,16082,42000000-0000-0000-0000-000000000877,40000000-0000-0000-0000-000000000016,Tacambaro
19.201499,-102.214692,16083,42000000-0000-0000-0000-000000000878,40000000-0000-0000-0000-000000000016,Tancitaro
19.571438,-102.255808,16084,42000000-0000-0000-0000-000000000879,40000000-0000-0000-0000-000000000016,Tangamandapio
19.531764,-102.123043,16085,42000000-0000-0000-0000-000000000880,40000000-0000-0000-0000-000000000016,Tangancicuaro
20.170172,-102.193951,16086,42000000-0000-0000-0000-000000000881,40000000-0000-0000-0000-000000000016,Tanhuato
19.200442,-101.550446,16087,42000000-0000-0000-0000-000000000882,40000000-0000-0000-0000-000000000016,Taretan
19.47444,-101.103501,16088,42000000-0000-0000-0000-000000000883,40000000-0000-0000-0000-000000000016,Tarimbaro
19.112892,-102.503735,16089,42000000-0000-0000-0000-000000000884,40000000-0000-0000-0000-000000000016,Tepalcatepec
19.300682,-101.511252,16090,42000000-0000-0000-0000-000000000885,40000000-0000-0000-0000-000000000016,Tingambato
19.442023,-102.28591,16091,42000000-0000-0000-0000-000000000886,40000000-0000-0000-0000-000000000016,Tinguindin
18.540176,-100.441123,16092,42000000-0000-0000-0000-000000000887,40000000-0000-0000-0000-000000000016,Tiquicheo de Nicolas Romero
19.48191,-100.102493,16093,42000000-0000-0000-0000-000000000888,40000000-0000-0000-0000-000000000016,Tlalpujahua
19.581645,-102.032405,16094,42000000-0000-0000-0000-000000000889,40000000-0000-0000-0000-000000000016,Tlazazalca
19.421185,-102.311546,16095,42000000-0000-0000-0000-000000000890,40000000-0000-0000-0000-000000000016,Tocumbo
18.312928,-102.223008,16096,42000000-0000-0000-0000-000000000891,40000000-0000-0000-0000-000000000016,Tumbiscatio
19.031353,-101.251126,16097,42000000-0000-0000-0000-000000000892,40000000-0000-0000-0000-000000000016,Turicato
19.340466,-100.27496,16098,42000000-0000-0000-0000-000000000893,40000000-0000-0000-0000-000000000016,Tuxpan
19.122738,-100.342303,16099,42000000-0000-0000-0000-000000000894,40000000-0000-0000-0000-000000000016,Tuzantla
19.373158,-101.343702,16100,42000000-0000-0000-0000-000000000895,40000000-0000-0000-0000-000000000016,Tzintzuntzan
19.350784,-100.552875,16101,42000000-0000-0000-0000-000000000896,40000000-0000-0000-0000-000000000016,Tzitzio
19.25152,-102.034608,16102,42000000-0000-0000-0000-000000000897,40000000-0000-0000-0000-000000000016,Uruapan
20.065751,-102.39085,16103,42000000-0000-0000-0000-000000000898,40000000-0000-0000-0000-000000000016,Venustiano Carranza
20.011508,-102.35448,16104,42000000-0000-0000-0000-000000000899,40000000-0000-0000-0000-000000000016,Villamar
20.162321,-102.282513,16105,42000000-0000-0000-0000-000000000900,40000000-0000-0000-0000-000000000016,Vista Hermosa
20.202792,-102.165673,16106,42000000-0000-0000-0000-000000000901,40000000-0000-0000-0000-000000000016,Yurecuaro
19.490703,-101.47343,16107,42000000-0000-0000-0000-000000000902,40000000-0000-0000-0000-000000000016,Zacapu
19.590089,-102.170945,16108,42000000-0000-0000-0000-000000000903,40000000-0000-0000-0000-000000000016,Zamora
20.102348,-101.595559,16109,42000000-0000-0000-0000-000000000904,40000000-0000-0000-0000-000000000016,Zinaparo
19.513699,-100.49393,16110,42000000-0000-0000-0000-000000000905,40000000-0000-0000-0000-000000000016,Zinapecuaro
19.250169,-101.543668,16111,42000000-0000-0000-0000-000000000906,40000000-0000-0000-0000-000000000016,Ziracuaretiro
19.261385,-100.212695,16112,42000000-0000-0000-0000-000000000907,40000000-0000-0000-0000-000000000016,Zitacuaro
20.180786,-101.354868,16113,42000000-0000-0000-0000-000000000908,40000000-0000-0000-0000-000000000016,Jose Sixto Verduzco
18.360001,-99.221025,17001,42000000-0000-0000-0000-000000000909,40000000-0000-0000-0000-000000000017,Amacuzac
18.561058,-98.535703,17002,42000000-0000-0000-0000-000000000910,40000000-0000-0000-0000-000000000017,Atlatlahucan
18.300866,-98.451468,17003,42000000-0000-0000-0000-000000000911,40000000-0000-0000-0000-000000000017,Axochiapan
18.460151,-98.585571,17004,42000000-0000-0000-0000-000000000912,40000000-0000-0000-0000-000000000017,Ayala
18.443907,-99.260528,17005,42000000-0000-0000-0000-000000000913,40000000-0000-0000-0000-000000000017,Coatlan del Rio
18.484604,-98.571895,17006,42000000-0000-0000-0000-000000000914,40000000-0000-0000-0000-000000000017,Cuautla
18.551842,-99.140563,17007,42000000-0000-0000-0000-000000000915,40000000-0000-0000-0000-000000000017,Cuernavaca
18.502754,-99.105967,17008,42000000-0000-0000-0000-000000000916,40000000-0000-0000-0000-000000000017,Emiliano Zapata
19.014452,-99.160283,17009,42000000-0000-0000-0000-000000000917,40000000-0000-0000-0000-000000000017,Huitzilac
18.425474,-98.463828,17010,42000000-0000-0000-0000-000000000918,40000000-0000-0000-0000-000000000017,Jantetelco
18.525511,-99.103791,17011,42000000-0000-0000-0000-000000000919,40000000-0000-0000-0000-000000000017,Jiutepec
18.365964,-99.105176,17012,42000000-0000-0000-0000-000000000920,40000000-0000-0000-0000-000000000017,Jojutla
18.405049,-98.48116,17013,42000000-0000-0000-0000-000000000921,40000000-0000-0000-0000-000000000017,Jonacatepec de Leandro Valle
18.435946,-99.22011,17014,42000000-0000-0000-0000-000000000922,40000000-0000-0000-0000-000000000017,Mazatepec
18.461194,-99.213696,17015,42000000-0000-0000-0000-000000000923,40000000-0000-0000-0000-000000000017,Miacatlan
18.523969,-98.463251,17016,42000000-0000-0000-0000-000000000924,40000000-0000-0000-0000-000000000017,Ocuituco
18.370075,-99.192533,17017,42000000-0000-0000-0000-000000000925,40000000-0000-0000-0000-000000000017,Puente de Ixtla
18.504298,-99.132692,17018,42000000-0000-0000-0000-000000000926,40000000-0000-0000-0000-000000000017,Temixco
18.354105,-98.503968,17019,42000000-0000-0000-0000-000000000927,40000000-0000-0000-0000-000000000017,Tepalcingo
18.591125,-99.060442,17020,42000000-0000-0000-0000-000000000928,40000000-0000-0000-0000-000000000017,Tepoztlan
18.434428,-99.23549,17021,42000000-0000-0000-0000-000000000929,40000000-0000-0000-0000-000000000017,Tetecala
18.533669,-98.434824,17022,42000000-0000-0000-0000-000000000930,40000000-0000-0000-0000-000000000017,Tetela del Volcan
19.002854,-98.595047,17023,42000000-0000-0000-0000-000000000931,40000000-0000-0000-0000-000000000017,Tlalnepantla
18.405866,-99.070544,17024,42000000-0000-0000-0000-000000000932,40000000-0000-0000-0000-000000000017,Tlaltizapan de Zapata
18.374811,-99.094558,17025,42000000-0000-0000-0000-000000000933,40000000-0000-0000-0000-000000000017,Tlaquiltenango
18.572382,-98.585922,17026,42000000-0000-0000-0000-000000000934,40000000-0000-0000-0000-000000000017,Tlayacapan
18.5914,-98.551718,17027,42000000-0000-0000-0000-000000000935,40000000-0000-0000-0000-000000000017,Totolapan
18.465472,-99.135327,17028,42000000-0000-0000-0000-000000000936,40000000-0000-0000-0000-000000000017,Xochitepec
18.530982,-99.033872,17029,42000000-0000-0000-0000-000000000937,40000000-0000-0000-0000-000000000017,Yautepec
18.530031,-98.520532,17030,42000000-0000-0000-0000-000000000938,40000000-0000-0000-0000-000000000017,Yecapixtla
18.391947,-99.11394,17031,42000000-0000-0000-0000-000000000939,40000000-0000-0000-0000-000000000017,Zacatepec
18.470382,-98.455552,17032,42000000-0000-0000-0000-000000000940,40000000-0000-0000-0000-000000000017,Zacualpan de Amilpas
18.462033,-98.464096,17033,42000000-0000-0000-0000-000000000941,40000000-0000-0000-0000-000000000017,Temoac
18.434975,-99.193741,17034,42000000-0000-0000-0000-000000000942,40000000-0000-0000-0000-000000000017,Coatetelco
18.411166,-99.144162,17035,42000000-0000-0000-0000-000000000943,40000000-0000-0000-0000-000000000017,Xoxocotla
18.530648,-98.412646,17036,42000000-0000-0000-0000-000000000944,40000000-0000-0000-0000-000000000017,Hueyapan
22.29218,-105.213666,18001,42000000-0000-0000-0000-000000000945,40000000-0000-0000-0000-000000000018,Acaponeta
21.030211,-104.290479,18002,42000000-0000-0000-0000-000000000946,40000000-0000-0000-0000-000000000018,Ahuacatlan
20.482802,-104.24194,18003,42000000-0000-0000-0000-000000000947,40000000-0000-0000-0000-000000000018,Amatlan de Canas
21.141511,-104.540215,18004,42000000-0000-0000-0000-000000000948,40000000-0000-0000-0000-000000000018,Compostela
22.381414,-105.191195,18005,42000000-0000-0000-0000-000000000949,40000000-0000-0000-0000-000000000018,Huajicori
21.02062,-104.220808,18006,42000000-0000-0000-0000-000000000950,40000000-0000-0000-0000-000000000018,Ixtlan del Rio
21.061736,-104.261758,18007,42000000-0000-0000-0000-000000000951,40000000-0000-0000-0000-000000000018,Jala
21.263727,-104.535905,18008,42000000-0000-0000-0000-000000000952,40000000-0000-0000-0000-000000000018,Xalisco
22.150405,-104.310459,18009,42000000-0000-0000-0000-000000000953,40000000-0000-0000-0000-000000000018,Del Nayar
22.072116,-105.121487,18010,42000000-0000-0000-0000-000000000954,40000000-0000-0000-0000-000000000018,Rosamorada
21.570091,-105.08422,18011,42000000-0000-0000-0000-000000000955,40000000-0000-0000-0000-000000000018,Ruiz
21.323026,-105.170977,18012,42000000-0000-0000-0000-000000000956,40000000-0000-0000-0000-000000000018,San Blas
21.131886,-104.4504,18013,42000000-0000-0000-0000-000000000957,40000000-0000-0000-0000-000000000018,San Pedro Lagunillas
21.195948,-104.351394,18014,42000000-0000-0000-0000-000000000958,40000000-0000-0000-0000-000000000018,Santa Maria del Oro
21.483001,-105.122176,18015,42000000-0000-0000-0000-000000000959,40000000-0000-0000-0000-000000000018,Santiago Ixcuintla
22.234215,-105.272172,18016,42000000-0000-0000-0000-000000000960,40000000-0000-0000-0000-000000000018,Tecuala
21.302669,-104.533768,18017,42000000-0000-0000-0000-000000000961,40000000-0000-0000-0000-000000000018,Tepic
21.564125,-105.175311,18018,42000000-0000-0000-0000-000000000962,40000000-0000-0000-0000-000000000018,Tuxpan
21.190799,-104.003515,18019,42000000-0000-0000-0000-000000000963,40000000-0000-0000-0000-000000000018,La Yesca
20.482434,-105.145253,18020,42000000-0000-0000-0000-000000000964,40000000-0000-0000-0000-000000000018,Bahia de Banderas
25.564322,-100.235996,19001,42000000-0000-0000-0000-000000000965,40000000-0000-0000-0000-000000000019,Abasolo
26.183929,-99.32218,19002,42000000-0000-0000-0000-000000000966,40000000-0000-0000-0000-000000000019,Agualeguas
26.035092,-99.114824,19003,42000000-0000-0000-0000-000000000967,40000000-0000-0000-0000-000000000019,Los Aldamas
25.171284,-100.002997,19004,42000000-0000-0000-0000-000000000968,40000000-0000-0000-0000-000000000019,Allende
27.142633,-100.075677,19005,42000000-0000-0000-0000-000000000969,40000000-0000-0000-0000-000000000019,Anahuac
25.465266,-100.112122,19006,42000000-0000-0000-0000-000000000970,40000000-0000-0000-0000-000000000019,Apodaca
24.060211,-99.490504,19007,42000000-0000-0000-0000-000000000971,40000000-0000-0000-0000-000000000019,Aramberri
26.320479,-100.300974,19008,42000000-0000-0000-0000-000000000972,40000000-0000-0000-0000-000000000019,Bustamante
25.352763,-100.000574,19009,42000000-0000-0000-0000-000000000973,40000000-0000-0000-0000-000000000019,Cadereyta Jimenez
25.555602,-100.215084,19010,42000000-0000-0000-0000-000000000974,40000000-0000-0000-0000-000000000019,El Carmen
26.052353,-99.365304,19011,42000000-0000-0000-0000-000000000975,40000000-0000-0000-0000-000000000019,Cerralvo
25.570745,-100.100519,19012,42000000-0000-0000-0000-000000000976,40000000-0000-0000-0000-000000000019,Cienega de Flores
25.422129,-99.142154,19013,42000000-0000-0000-0000-000000000977,40000000-0000-0000-0000-000000000019,China
23.402889,-100.105612,19014,42000000-0000-0000-0000-000000000978,40000000-0000-0000-0000-000000000019,Doctor Arroyo
25.553323,-99.110374,19015,42000000-0000-0000-0000-000000000979,40000000-0000-0000-0000-000000000019,Doctor Coss
25.513179,-99.563073,19016,42000000-0000-0000-0000-000000000980,40000000-0000-0000-0000-000000000019,Doctor Gonzalez
24.493456,-100.043874,19017,42000000-0000-0000-0000-000000000981,40000000-0000-0000-0000-000000000019,Galeana
25.480177,-100.350769,19018,42000000-0000-0000-0000-000000000982,40000000-0000-0000-0000-000000000019,Garcia
25.395461,-100.240888,19019,42000000-0000-0000-0000-000000000983,40000000-0000-0000-0000-000000000019,San Pedro Garza Garcia
25.473587,-99.105244,19020,42000000-0000-0000-0000-000000000984,40000000-0000-0000-0000-000000000019,General Bravo
25.482875,-100.192151,19021,42000000-0000-0000-0000-000000000985,40000000-0000-0000-0000-000000000019,General Escobedo
25.152587,-99.410893,19022,42000000-0000-0000-0000-000000000986,40000000-0000-0000-0000-000000000019,General Teran
26.133709,-99.290269,19023,42000000-0000-0000-0000-000000000987,40000000-0000-0000-0000-000000000019,General Trevino
23.582374,-99.462061,19024,42000000-0000-0000-0000-000000000988,40000000-0000-0000-0000-000000000019,General Zaragoza
25.534912,-100.062969,19025,42000000-0000-0000-0000-000000000989,40000000-0000-0000-0000-000000000019,General Zuazua
25.403837,-100.153563,19026,42000000-0000-0000-0000-000000000990,40000000-0000-0000-0000-000000000019,Guadalupe
25.542018,-99.241187,19027,42000000-0000-0000-0000-000000000991,40000000-0000-0000-0000-000000000019,Los Herreras
25.574304,-100.005166,19028,42000000-0000-0000-0000-000000000992,40000000-0000-0000-0000-000000000019,Higueras
24.530471,-99.402362,19029,42000000-0000-0000-0000-000000000993,40000000-0000-0000-0000-000000000019,Hualahuises
24.433352,-99.541894,19030,42000000-0000-0000-0000-000000000994,40000000-0000-0000-0000-000000000019,Iturbide
25.384641,-100.052717,19031,42000000-0000-0000-0000-000000000995,40000000-0000-0000-0000-000000000019,Juarez
27.013112,-100.301557,19032,42000000-0000-0000-0000-000000000996,40000000-0000-0000-0000-000000000019,Lampazos de Naranjo
24.513475,-99.340433,19033,42000000-0000-0000-0000-000000000997,40000000-0000-0000-0000-000000000019,Linares
25.524549,-100.020258,19034,42000000-0000-0000-0000-000000000998,40000000-0000-0000-0000-000000000019,Marin
26.033069,-99.323222,19035,42000000-0000-0000-0000-000000000999,40000000-0000-0000-0000-000000000019,Melchor Ocampo
23.252323,-100.071081,19036,42000000-0000-0000-0000-000000001000,40000000-0000-0000-0000-000000000019,Mier y Noriega
26.000452,-100.315464,19037,42000000-0000-0000-0000-000000001001,40000000-0000-0000-0000-000000000019,Mina
25.112131,-99.493705,19038,42000000-0000-0000-0000-000000001002,40000000-0000-0000-0000-000000000019,Montemorelos
25.395291,-100.183921,19039,42000000-0000-0000-0000-000000001003,40000000-0000-0000-0000-000000000019,Monterrey
26.295474,-99.313152,19040,42000000-0000-0000-0000-000000001004,40000000-0000-0000-0000-000000000019,Paras
25.465973,-100.031324,19041,42000000-0000-0000-0000-000000001005,40000000-0000-0000-0000-000000000019,Pesqueria
25.414701,-99.372651,19042,42000000-0000-0000-0000-000000001006,40000000-0000-0000-0000-000000000019,Los Ramones
25.010524,-100.042357,19043,42000000-0000-0000-0000-000000001007,40000000-0000-0000-0000-000000000019,Rayones
26.295413,-100.105213,19044,42000000-0000-0000-0000-000000001008,40000000-0000-0000-0000-000000000019,Sabinas Hidalgo
25.573444,-100.172942,19045,42000000-0000-0000-0000-000000001009,40000000-0000-0000-0000-000000000019,Salinas Victoria
25.451891,-100.172251,19046,42000000-0000-0000-0000-000000001010,40000000-0000-0000-0000-000000000019,San Nicolas de los Garza
25.583234,-100.264882,19047,42000000-0000-0000-0000-000000001011,40000000-0000-0000-0000-000000000019,Hidalgo
25.402771,-100.274229,19048,42000000-0000-0000-0000-000000001012,40000000-0000-0000-0000-000000000019,Santa Catarina
25.253756,-100.091084,19049,42000000-0000-0000-0000-000000001013,40000000-0000-0000-0000-000000000019,Santiago
26.393482,-99.592249,19050,42000000-0000-0000-0000-000000001014,40000000-0000-0000-0000-000000000019,Vallecillo
26.295361,-100.252842,19051,42000000-0000-0000-0000-000000001015,40000000-0000-0000-0000-000000000019,Villaldama
17.260871,-96.362943,20001,42000000-0000-0000-0000-000000001016,40000000-0000-0000-0000-000000000020,Abejones
18.321883,-96.36274,20002,42000000-0000-0000-0000-000000001017,40000000-0000-0000-0000-000000000020,Acatlan de Perez Figueroa
17.020695,-95.572362,20003,42000000-0000-0000-0000-000000001018,40000000-0000-0000-0000-000000000020,Asuncion Cacalotepec
17.555124,-97.402767,20004,42000000-0000-0000-0000-000000001019,40000000-0000-0000-0000-000000000020,Asuncion Cuyotepeji
16.301382,-95.032536,20005,42000000-0000-0000-0000-000000001020,40000000-0000-0000-0000-000000000020,Asuncion Ixtaltepec
17.273217,-97.133072,20006,42000000-0000-0000-0000-000000001021,40000000-0000-0000-0000-000000000020,Asuncion Nochixtlan
16.453305,-96.431677,20007,42000000-0000-0000-0000-000000001022,40000000-0000-0000-0000-000000000020,Asuncion Ocotlan
16.180095,-95.43347,20008,42000000-0000-0000-0000-000000001023,40000000-0000-0000-0000-000000000020,Asuncion Tlacolulita
17.403615,-96.075978,20009,42000000-0000-0000-0000-000000001024,40000000-0000-0000-0000-000000000020,Ayotzintepec
16.481417,-95.064388,20010,42000000-0000-0000-0000-000000001025,40000000-0000-0000-0000-000000000020,El Barrio de la Soledad
17.315829,-98.164215,20011,42000000-0000-0000-0000-000000001026,40000000-0000-0000-0000-000000000020,Calihuala
15.55348,-96.293091,20012,42000000-0000-0000-0000-000000001027,40000000-0000-0000-0000-000000000020,Candelaria Loxicha
16.534952,-96.455983,20013,42000000-0000-0000-0000-000000001028,40000000-0000-0000-0000-000000000020,Cienega de Zimatlan
16.340371,-95.055537,20014,42000000-0000-0000-0000-000000001029,40000000-0000-0000-0000-000000000020,Ciudad Ixtepec
16.321233,-96.395393,20015,42000000-0000-0000-0000-000000001030,40000000-0000-0000-0000-000000000020,Coatecas Altas
17.162243,-98.163394,20016,42000000-0000-0000-0000-000000001031,40000000-0000-0000-0000-000000000020,Coicoyan de las Flores
16.332963,-96.491193,20017,42000000-0000-0000-0000-000000001032,40000000-0000-0000-0000-000000000020,La Compania
17.524272,-97.240084,20018,42000000-0000-0000-0000-000000001033,40000000-0000-0000-0000-000000000020,Concepcion Buenavista
17.502892,-96.52529,20019,42000000-0000-0000-0000-000000001034,40000000-0000-0000-0000-000000000020,Concepcion Papalo
17.021616,-97.562925,20020,42000000-0000-0000-0000-000000001035,40000000-0000-0000-0000-000000000020,Constancia del Rosario
18.360643,-96.405659,20021,42000000-0000-0000-0000-000000001036,40000000-0000-0000-0000-000000000020,Cosolapa
18.083112,-97.472642,20022,42000000-0000-0000-0000-000000001037,40000000-0000-0000-0000-000000000020,Cosoltepec
16.594561,-96.465013,20023,42000000-0000-0000-0000-000000001038,40000000-0000-0000-0000-000000000020,Cuilapam de Guerrero
17.57543,-96.495296,20024,42000000-0000-0000-0000-000000001039,40000000-0000-0000-0000-000000000020,Cuyamecalco Villa de Zaragoza
16.171539,-94.114497,20025,42000000-0000-0000-0000-000000001040,40000000-0000-0000-0000-000000000020,Chahuites
17.01553,-97.341556,20026,42000000-0000-0000-0000-000000001041,40000000-0000-0000-0000-000000000020,Chalcatongo de Hidalgo
17.594358,-96.444361,20027,42000000-0000-0000-0000-000000001042,40000000-0000-0000-0000-000000000020,Chiquihuitlan de Benito Juarez
16.335139,-96.435484,20028,42000000-0000-0000-0000-000000001043,40000000-0000-0000-0000-000000000020,Heroica Ciudad de Ejutla de Crespo
18.103677,-96.523393,20029,42000000-0000-0000-0000-000000001044,40000000-0000-0000-0000-000000000020,Eloxochitlan de Flores Magon
16.290856,-95.023421,20030,42000000-0000-0000-0000-000000001045,40000000-0000-0000-0000-000000000020,El Espinal
17.031597,-96.035438,20031,42000000-0000-0000-0000-000000001046,40000000-0000-0000-0000-000000000020,Tamazulapam del Espiritu Santo
17.542885,-98.081068,20032,42000000-0000-0000-0000-000000001047,40000000-0000-0000-0000-000000000020,Fresnillo de Trujano
17.101789,-96.483807,20033,42000000-0000-0000-0000-000000001048,40000000-0000-0000-0000-000000000020,Guadalupe Etla
17.452178,-98.095182,20034,42000000-0000-0000-0000-000000001049,40000000-0000-0000-0000-000000000020,Guadalupe de Ramirez
17.190542,-96.293726,20035,42000000-0000-0000-0000-000000001050,40000000-0000-0000-0000-000000000020,Guelatao de Juarez
16.473341,-95.2205,20036,42000000-0000-0000-0000-000000001051,40000000-0000-0000-0000-000000000020,Guevea de Humboldt
16.545528,-97.575956,20037,42000000-0000-0000-0000-000000001052,40000000-0000-0000-0000-000000000020,Mesones Hidalgo
17.11092,-96.10438,20038,42000000-0000-0000-0000-000000001053,40000000-0000-0000-0000-000000000020,Villa Hidalgo Yalalag
17.482461,-97.463445,20039,42000000-0000-0000-0000-000000001054,40000000-0000-0000-0000-000000000020,Heroica Ciudad de Huajuapan de Leon
18.060712,-96.475028,20040,42000000-0000-0000-0000-000000001055,40000000-0000-0000-0000-000000000020,Huautepec
18.074936,-96.504618,20041,42000000-0000-0000-0000-000000001056,40000000-0000-0000-0000-000000000020,Huautla de Jimenez
17.19535,-96.291609,20042,42000000-0000-0000-0000-000000001057,40000000-0000-0000-0000-000000000020,Ixtlan de Juarez
16.255991,-95.011788,20043,42000000-0000-0000-0000-000000001058,40000000-0000-0000-0000-000000000020,Heroica Ciudad de Juchitan de Zaragoza
18.063554,-95.524791,20044,42000000-0000-0000-0000-000000001059,40000000-0000-0000-0000-000000000020,Loma Bonita
17.143143,-96.491593,20045,42000000-0000-0000-0000-000000001060,40000000-0000-0000-0000-000000000020,Magdalena Apazco
17.192503,-97.13166,20046,42000000-0000-0000-0000-000000001061,40000000-0000-0000-0000-000000000020,Magdalena Jaltepec
17.482526,-97.281435,20047,42000000-0000-0000-0000-000000001062,40000000-0000-0000-0000-000000000020,Santa Magdalena Jicotlan
16.5346,-96.542782,20048,42000000-0000-0000-0000-000000001063,40000000-0000-0000-0000-000000000020,Magdalena Mixtepec
16.423404,-96.424452,20049,42000000-0000-0000-0000-000000001064,40000000-0000-0000-0000-000000000020,Magdalena Ocotlan
17.141051,-97.330554,20050,42000000-0000-0000-0000-000000001065,40000000-0000-0000-0000-000000000020,Magdalena Penasco
16.542383,-96.333146,20051,42000000-0000-0000-0000-000000001066,40000000-0000-0000-0000-000000000020,Magdalena Teitipac
16.23561,-95.361047,20052,42000000-0000-0000-0000-000000001067,40000000-0000-0000-0000-000000000020,Magdalena Tequisistlan
16.301428,-95.12119,20053,42000000-0000-0000-0000-000000001068,40000000-0000-0000-0000-000000000020,Magdalena Tlacotepec
17.231833,-97.134448,20054,42000000-0000-0000-0000-000000001069,40000000-0000-0000-0000-000000000020,Magdalena Zahuatlan
17.513782,-98.082983,20055,42000000-0000-0000-0000-000000001070,40000000-0000-0000-0000-000000000020,Mariscala de Juarez
16.321675,-98.150329,20056,42000000-0000-0000-0000-000000001071,40000000-0000-0000-0000-000000000020,Martires de Tacubaya
16.52404,-95.023174,20057,42000000-0000-0000-0000-000000001072,40000000-0000-0000-0000-000000000020,Matias Romero Avendano
18.015723,-96.54494,20058,42000000-0000-0000-0000-000000001073,40000000-0000-0000-0000-000000000020,Mazatlan Villa de Flores
16.194252,-96.354749,20059,42000000-0000-0000-0000-000000001074,40000000-0000-0000-0000-000000000020,Heroica Ciudad de Miahuatlan de Porfirio Diaz
17.084862,-96.06433,20060,42000000-0000-0000-0000-000000001075,40000000-0000-0000-0000-000000000020,Mixistlan de la Reforma
16.220187,-96.381237,20061,42000000-0000-0000-0000-000000001076,40000000-0000-0000-0000-000000000020,Monjas
17.174875,-96.255986,20062,42000000-0000-0000-0000-000000001077,40000000-0000-0000-0000-000000000020,Natividad
17.104076,-96.492641,20063,42000000-0000-0000-0000-000000001078,40000000-0000-0000-0000-000000000020,Nazareno Etla
16.362945,-95.584962,20064,42000000-0000-0000-0000-000000001079,40000000-0000-0000-0000-000000000020,Nejapa de Madero
17.302407,-98.02415,20065,42000000-0000-0000-0000-000000001080,40000000-0000-0000-0000-000000000020,Ixpantepec Nieves
16.334354,-94.364682,20066,42000000-0000-0000-0000-000000001081,40000000-0000-0000-0000-000000000020,Santiago Niltepec
17.033598,-96.433162,20067,42000000-0000-0000-0000-000000001082,40000000-0000-0000-0000-000000000020,Oaxaca de Juarez
16.472991,-96.403023,20068,42000000-0000-0000-0000-000000001083,40000000-0000-0000-0000-000000000020,Ocotlan de Morelos
16.374785,-96.475877,20069,42000000-0000-0000-0000-000000001084,40000000-0000-0000-0000-000000000020,La Pe
16.254239,-97.583877,20070,42000000-0000-0000-0000-000000001085,40000000-0000-0000-0000-000000000020,Pinotepa de Don Luis
15.553305,-96.251,20071,42000000-0000-0000-0000-000000001086,40000000-0000-0000-0000-000000000020,Pluma Hidalgo
16.410646,-96.41079,20072,42000000-0000-0000-0000-000000001087,40000000-0000-0000-0000-000000000020,San Jose del Progreso
17.013434,-97.554135,20073,42000000-0000-0000-0000-000000001088,40000000-0000-0000-0000-000000000020,Putla Villa de Guerrero
16.185636,-96.170587,20074,42000000-0000-0000-0000-000000001089,40000000-0000-0000-0000-000000000020,Santa Catarina Quioquitani
16.235755,-94.273036,20075,42000000-0000-0000-0000-000000001090,40000000-0000-0000-0000-000000000020,Reforma de Pineda
16.372393,-97.504019,20076,42000000-0000-0000-0000-000000001091,40000000-0000-0000-0000-000000000020,La Reforma
17.122,-96.483633,20077,42000000-0000-0000-0000-000000001092,40000000-0000-0000-0000-000000000020,Reyes Etla
17.002982,-96.370713,20078,42000000-0000-0000-0000-000000001093,40000000-0000-0000-0000-000000000020,Rojas de Cuauhtemoc
16.103319,-95.113177,20079,42000000-0000-0000-0000-000000001094,40000000-0000-0000-0000-000000000020,Salina Cruz
16.30358,-96.472157,20080,42000000-0000-0000-0000-000000001095,40000000-0000-0000-0000-000000000020,San Agustin Amatengo
17.364212,-98.005466,20081,42000000-0000-0000-0000-000000001096,40000000-0000-0000-0000-000000000020,San Agustin Atenango
16.240858,-97.482707,20082,42000000-0000-0000-0000-000000001097,40000000-0000-0000-0000-000000000020,San Agustin Chayuco
17.004198,-96.424119,20083,42000000-0000-0000-0000-000000001098,40000000-0000-0000-0000-000000000020,San Agustin de las Juntas
17.11207,-96.455193,20084,42000000-0000-0000-0000-000000001099,40000000-0000-0000-0000-000000000020,San Agustin Etla
16.005979,-96.370035,20085,42000000-0000-0000-0000-000000001100,40000000-0000-0000-0000-000000000020,San Agustin Loxicha
17.121326,-97.310444,20086,42000000-0000-0000-0000-000000001101,40000000-0000-0000-0000-000000000020,San Agustin Tlacotepec
17.045236,-96.400522,20087,42000000-0000-0000-0000-000000001102,40000000-0000-0000-0000-000000000020,San Agustin Yatareni
16.53183,-97.405156,20088,42000000-0000-0000-0000-000000001103,40000000-0000-0000-0000-000000000020,San Andres Cabecera Nueva
17.411721,-97.43363,20089,42000000-0000-0000-0000-000000001104,40000000-0000-0000-0000-000000000020,San Andres Dinicuiti
16.194457,-97.545886,20090,42000000-0000-0000-0000-000000001105,40000000-0000-0000-0000-000000000020,San Andres Huaxpaltepec
17.060916,-96.395846,20091,42000000-0000-0000-0000-000000001106,40000000-0000-0000-0000-000000000020,San Andres Huayapam
17.041515,-96.493064,20092,42000000-0000-0000-0000-000000001107,40000000-0000-0000-0000-000000000020,San Andres Ixtlahuaca
17.342794,-97.312188,20093,42000000-0000-0000-0000-000000001108,40000000-0000-0000-0000-000000000020,San Andres Lagunas
17.141809,-97.061898,20094,42000000-0000-0000-0000-000000001109,40000000-0000-0000-0000-000000000020,San Andres Nuxino
16.125629,-96.302729,20095,42000000-0000-0000-0000-000000001110,40000000-0000-0000-0000-000000000020,San Andres Paxtlan
17.280661,-97.170172,20096,42000000-0000-0000-0000-000000001111,40000000-0000-0000-0000-000000000020,San Andres Sinaxtla
17.16157,-96.141282,20097,42000000-0000-0000-0000-000000001112,40000000-0000-0000-0000-000000000020,San Andres Solaga
17.571487,-96.392372,20098,42000000-0000-0000-0000-000000001113,40000000-0000-0000-0000-000000000020,San Andres Teotilalpam
17.3957,-98.233007,20099,42000000-0000-0000-0000-000000001114,40000000-0000-0000-0000-000000000020,San Andres Tepetlapa
17.173328,-96.091302,20100,42000000-0000-0000-0000-000000001115,40000000-0000-0000-0000-000000000020,San Andres Yaa
16.360054,-96.512785,20101,42000000-0000-0000-0000-000000001116,40000000-0000-0000-0000-000000000020,San Andres Zabache
17.1111,-96.514856,20102,42000000-0000-0000-0000-000000001117,40000000-0000-0000-0000-000000000020,San Andres Zautla
16.481162,-96.41047,20103,42000000-0000-0000-0000-000000001118,40000000-0000-0000-0000-000000000020,San Antonino Castillo Velasco
16.485652,-97.014575,20104,42000000-0000-0000-0000-000000001119,40000000-0000-0000-0000-000000000020,San Antonino el Alto
17.320101,-97.431427,20105,42000000-0000-0000-0000-000000001120,40000000-0000-0000-0000-000000000020,San Antonino Monte Verde
17.443851,-97.30011,20106,42000000-0000-0000-0000-000000001121,40000000-0000-0000-0000-000000000020,San Antonio Acutla
17.015273,-96.415742,20107,42000000-0000-0000-0000-000000001122,40000000-0000-0000-0000-000000000020,San Antonio de la Cal
16.553839,-97.085072,20108,42000000-0000-0000-0000-000000001123,40000000-0000-0000-0000-000000000020,San Antonio Huitepec
18.074908,-97.072512,20109,42000000-0000-0000-0000-000000001124,40000000-0000-0000-0000-000000000020,San Antonio Nanahuatipam
17.090567,-97.340465,20110,42000000-0000-0000-0000-000000001125,40000000-0000-0000-0000-000000000020,San Antonio Sinicahua
16.32325,-98.035841,20111,42000000-0000-0000-0000-000000001126,40000000-0000-0000-0000-000000000020,San Antonio Tepetlapa
16.454355,-96.292285,20112,42000000-0000-0000-0000-000000001127,40000000-0000-0000-0000-000000000020,San Baltazar Chichicapam
16.042388,-96.472516,20113,42000000-0000-0000-0000-000000001128,40000000-0000-0000-0000-000000000020,San Baltazar Loxicha
17.134136,-96.131132,20114,42000000-0000-0000-0000-000000001129,40000000-0000-0000-0000-000000000020,San Baltazar Yatzachi el Bajo
16.572981,-96.422754,20115,42000000-0000-0000-0000-000000001130,40000000-0000-0000-0000-000000000020,San Bartolo Coyotepec
18.015448,-96.401743,20116,42000000-0000-0000-0000-000000001131,40000000-0000-0000-0000-000000000020,San Bartolome Ayautla
15.58134,-96.423966,20117,42000000-0000-0000-0000-000000001132,40000000-0000-0000-0000-000000000020,San Bartolome Loxicha
16.54068,-96.300434,20118,42000000-0000-0000-0000-000000001133,40000000-0000-0000-0000-000000000020,San Bartolome Quialana
17.143317,-97.265255,20119,42000000-0000-0000-0000-000000001134,40000000-0000-0000-0000-000000000020,San Bartolome Yucuane
17.142684,-96.143498,20120,42000000-0000-0000-0000-000000001135,40000000-0000-0000-0000-000000000020,San Bartolome Zoogocho
17.352631,-97.183217,20121,42000000-0000-0000-0000-000000001136,40000000-0000-0000-0000-000000000020,San Bartolo Soyaltepec
16.255067,-95.58232,20122,42000000-0000-0000-0000-000000001137,40000000-0000-0000-0000-000000000020,San Bartolo Yautepec
16.492878,-96.53552,20123,42000000-0000-0000-0000-000000001138,40000000-0000-0000-0000-000000000020,San Bernardo Mixtepec
16.193476,-95.133917,20124,42000000-0000-0000-0000-000000001139,40000000-0000-0000-0000-000000000020,Heroica Villa de San Blas Atempa
16.300218,-96.062413,20125,42000000-0000-0000-0000-000000001140,40000000-0000-0000-0000-000000000020,San Carlos Yautepec
16.190627,-96.243606,20126,42000000-0000-0000-0000-000000001141,40000000-0000-0000-0000-000000000020,San Cristobal Amatlan
17.170432,-97.341147,20127,42000000-0000-0000-0000-000000001142,40000000-0000-0000-0000-000000000020,San Cristobal Amoltepec
17.20095,-96.095417,20128,42000000-0000-0000-0000-000000001143,40000000-0000-0000-0000-000000000020,San Cristobal Lachirioag
17.433919,-97.215996,20129,42000000-0000-0000-0000-000000001144,40000000-0000-0000-0000-000000000020,San Cristobal Suchixtlahuaca
16.191394,-94.452521,20130,42000000-0000-0000-0000-000000001145,40000000-0000-0000-0000-000000000020,San Dionisio del Mar
16.475192,-96.234573,20131,42000000-0000-0000-0000-000000001146,40000000-0000-0000-0000-000000000020,San Dionisio Ocotepec
16.44472,-96.405101,20132,42000000-0000-0000-0000-000000001147,40000000-0000-0000-0000-000000000020,San Dionisio Ocotlan
17.035958,-97.403997,20133,42000000-0000-0000-0000-000000001148,40000000-0000-0000-0000-000000000020,San Esteban Atatlahuca
18.041662,-96.321001,20134,42000000-0000-0000-0000-000000001149,40000000-0000-0000-0000-000000000020,San Felipe Jalapa de Diaz
17.064104,-96.511173,20135,42000000-0000-0000-0000-000000001150,40000000-0000-0000-0000-000000000020,San Felipe Tejalapam
17.524582,-96.314211,20136,42000000-0000-0000-0000-000000001151,40000000-0000-0000-0000-000000000020,San Felipe Usila
16.533683,-97.182014,20137,42000000-0000-0000-0000-000000001152,40000000-0000-0000-0000-000000000020,San Francisco Cahuacua
17.101954,-96.150527,20138,42000000-0000-0000-0000-000000001153,40000000-0000-0000-0000-000000000020,San Francisco Cajonos
17.562743,-96.451587,20139,42000000-0000-0000-0000-000000001154,40000000-0000-0000-0000-000000000020,San Francisco Chapulapa
17.254289,-97.184605,20140,42000000-0000-0000-0000-000000001155,40000000-0000-0000-0000-000000000020,San Francisco Chindua
16.140041,-94.375619,20141,42000000-0000-0000-0000-000000001156,40000000-0000-0000-0000-000000000020,San Francisco del Mar
18.115134,-96.565216,20142,42000000-0000-0000-0000-000000001157,40000000-0000-0000-0000-000000000020,San Francisco Huehuetlan
16.210848,-94.290178,20143,42000000-0000-0000-0000-000000001158,40000000-0000-0000-0000-000000000020,San Francisco Ixhuatan
17.230857,-97.154627,20144,42000000-0000-0000-0000-000000001159,40000000-0000-0000-0000-000000000020,San Francisco Jaltepetongo
17.004107,-96.355466,20145,42000000-0000-0000-0000-000000001160,40000000-0000-0000-0000-000000000020,San Francisco Lachigolo
16.210821,-96.224072,20146,42000000-0000-0000-0000-000000001161,40000000-0000-0000-0000-000000000020,San Francisco Logueche
17.2251,-97.203822,20147,42000000-0000-0000-0000-000000001162,40000000-0000-0000-0000-000000000020,San Francisco Nuxano
16.060194,-96.131446,20148,42000000-0000-0000-0000-000000001163,40000000-0000-0000-0000-000000000020,San Francisco Ozolotepec
16.305388,-96.582784,20149,42000000-0000-0000-0000-000000001164,40000000-0000-0000-0000-000000000020,San Francisco Sola
17.174774,-96.541589,20150,42000000-0000-0000-0000-000000001165,40000000-0000-0000-0000-000000000020,San Francisco Telixtlahuaca
17.510406,-97.293311,20151,42000000-0000-0000-0000-000000001166,40000000-0000-0000-0000-000000000020,San Francisco Teopan
17.290285,-98.160807,20152,42000000-0000-0000-0000-000000001167,40000000-0000-0000-0000-000000000020,San Francisco Tlapancingo
16.053992,-97.04462,20153,42000000-0000-0000-0000-000000001168,40000000-0000-0000-0000-000000000020,San Gabriel Mixtepec
16.200274,-96.29296,20154,42000000-0000-0000-0000-000000001169,40000000-0000-0000-0000-000000000020,San Ildefonso Amatlan
16.311132,-96.59012,20155,42000000-0000-0000-0000-000000001170,40000000-0000-0000-0000-000000000020,San Ildefonso Sola
17.202044,-96.091085,20156,42000000-0000-0000-0000-000000001171,40000000-0000-0000-0000-000000000020,San Ildefonso Villa Alta
17.06029,-96.454522,20157,42000000-0000-0000-0000-000000001172,40000000-0000-0000-0000-000000000020,San Jacinto Amilpas
16.311332,-97.230959,20158,42000000-0000-0000-0000-000000001173,40000000-0000-0000-0000-000000000020,San Jacinto Tlacotepec
16.13578,-96.520946,20159,42000000-0000-0000-0000-000000001174,40000000-0000-0000-0000-000000000020,San Jeronimo Coatlan
17.483467,-97.504536,20160,42000000-0000-0000-0000-000000001175,40000000-0000-0000-0000-000000000020,San Jeronimo Silacayoapilla
17.215961,-97.015741,20161,42000000-0000-0000-0000-000000001176,40000000-0000-0000-0000-000000000020,San Jeronimo Sosola
16.424925,-96.353935,20162,42000000-0000-0000-0000-000000001177,40000000-0000-0000-0000-000000000020,San Jeronimo Taviche
18.100089,-96.544752,20163,42000000-0000-0000-0000-000000001178,40000000-0000-0000-0000-000000000020,San Jeronimo Tecoatl
17.392144,-98.062207,20164,42000000-0000-0000-0000-000000001179,40000000-0000-0000-0000-000000000020,San Jorge Nuchita
17.563044,-97.580939,20165,42000000-0000-0000-0000-000000001180,40000000-0000-0000-0000-000000000020,San Jose Ayuquila
17.564327,-96.101393,20166,42000000-0000-0000-0000-000000001181,40000000-0000-0000-0000-000000000020,San Jose Chiltepec
16.185781,-96.300497,20167,42000000-0000-0000-0000-000000001182,40000000-0000-0000-0000-000000000020,San Jose del Penasco
16.215473,-98.150463,20168,42000000-0000-0000-0000-000000001183,40000000-0000-0000-0000-000000000020,San Jose Estancia Grande
18.142337,-96.384606,20169,42000000-0000-0000-0000-000000001184,40000000-0000-0000-0000-000000000020,San Jose Independencia
16.224359,-96.201116,20170,42000000-0000-0000-0000-000000001185,40000000-0000-0000-0000-000000000020,San Jose Lachiguiri
18.090274,-96.430195,20171,42000000-0000-0000-0000-000000001186,40000000-0000-0000-0000-000000000020,San Jose Tenango
17.203928,-97.303194,20172,42000000-0000-0000-0000-000000001187,40000000-0000-0000-0000-000000000020,San Juan Achiutla
17.253501,-96.322088,20173,42000000-0000-0000-0000-000000001188,40000000-0000-0000-0000-000000000020,San Juan Atepec
16.591998,-96.424751,20174,42000000-0000-0000-0000-000000001189,40000000-0000-0000-0000-000000000020,Animas Trujano
17.315195,-96.494779,20175,42000000-0000-0000-0000-000000001190,40000000-0000-0000-0000-000000000020,San Juan Bautista Atatlahuca
17.432872,-97.192576,20176,42000000-0000-0000-0000-000000001191,40000000-0000-0000-0000-000000000020,San Juan Bautista Coixtlahuaca
17.480557,-96.573444,20177,42000000-0000-0000-0000-000000001192,40000000-0000-0000-0000-000000000020,San Juan Bautista Cuicatlan
17.133556,-96.464262,20178,42000000-0000-0000-0000-000000001193,40000000-0000-0000-0000-000000000020,San Juan Bautista Guelache
17.252462,-96.492125,20179,42000000-0000-0000-0000-000000001194,40000000-0000-0000-0000-000000000020,San Juan Bautista Jayacatlan
16.304145,-98.204849,20180,42000000-0000-0000-0000-000000001195,40000000-0000-0000-0000-000000000020,San Juan Bautista Lo de Soto
17.582178,-97.393535,20181,42000000-0000-0000-0000-000000001196,40000000-0000-0000-0000-000000000020,San Juan Bautista Suchitepec
17.513399,-96.351352,20182,42000000-0000-0000-0000-000000001197,40000000-0000-0000-0000-000000000020,San Juan Bautista Tlacoatzintepec
17.372117,-98.203838,20183,42000000-0000-0000-0000-000000001198,40000000-0000-0000-0000-000000000020,San Juan Bautista Tlachichilco
18.045219,-96.070653,20184,42000000-0000-0000-0000-000000001199,40000000-0000-0000-0000-000000000020,San Juan Bautista Tuxtepec
16.364944,-98.092193,20185,42000000-0000-0000-0000-000000001200,40000000-0000-0000-0000-000000000020,San Juan Cacahuatepec
17.510597,-98.165075,20186,42000000-0000-0000-0000-000000001201,40000000-0000-0000-0000-000000000020,San Juan Cieneguilla
18.025892,-96.454797,20187,42000000-0000-0000-0000-000000001202,40000000-0000-0000-0000-000000000020,San Juan Coatzospam
16.27348,-97.571436,20188,42000000-0000-0000-0000-000000001203,40000000-0000-0000-0000-000000000020,San Juan Colorado
17.201745,-95.583665,20189,42000000-0000-0000-0000-000000001204,40000000-0000-0000-0000-000000000020,San Juan Comaltepec
17.095041,-95.465632,20190,42000000-0000-0000-0000-000000001205,40000000-0000-0000-0000-000000000020,San Juan Cotzocon
17.172031,-96.29417,20191,42000000-0000-0000-0000-000000001206,40000000-0000-0000-0000-000000000020,San Juan Chicomezuchil
16.494266,-96.401924,20192,42000000-0000-0000-0000-000000001207,40000000-0000-0000-0000-000000000020,San Juan Chilateca
17.16247,-96.475738,20193,42000000-0000-0000-0000-000000001208,40000000-0000-0000-0000-000000000020,San Juan del Estado
16.52571,-96.093769,20194,42000000-0000-0000-0000-000000001209,40000000-0000-0000-0000-000000000020,San Juan del Rio
17.165343,-97.222727,20195,42000000-0000-0000-0000-000000001210,40000000-0000-0000-0000-000000000020,San Juan Diuxi
17.242098,-96.321662,20196,42000000-0000-0000-0000-000000001211,40000000-0000-0000-0000-000000000020,San Juan Evangelista Analco
16.572435,-96.3245,20197,42000000-0000-0000-0000-000000001212,40000000-0000-0000-0000-000000000020,San Juan Guelavia
16.574618,-95.054234,20198,42000000-0000-0000-0000-000000001213,40000000-0000-0000-0000-000000000020,San Juan Guichicovi
17.442343,-98.171985,20199,42000000-0000-0000-0000-000000001214,40000000-0000-0000-0000-000000000020,San Juan Ihualtepec
16.560828,-95.550775,20200,42000000-0000-0000-0000-000000001215,40000000-0000-0000-0000-000000000020,San Juan Juquila Mixes
17.211373,-96.181445,20201,42000000-0000-0000-0000-000000001216,40000000-0000-0000-0000-000000000020,San Juan Juquila Vijanos
16.093074,-97.073039,20202,42000000-0000-0000-0000-000000001217,40000000-0000-0000-0000-000000000020,San Juan Lachao
16.353041,-96.325584,20203,42000000-0000-0000-0000-000000001218,40000000-0000-0000-0000-000000000020,San Juan Lachigalla
16.30304,-95.553213,20204,42000000-0000-0000-0000-000000001219,40000000-0000-0000-0000-000000000020,San Juan Lajarcia
17.281521,-95.524758,20205,42000000-0000-0000-0000-000000001220,40000000-0000-0000-0000-000000000020,San Juan Lalana
18.024894,-97.033479,20206,42000000-0000-0000-0000-000000001221,40000000-0000-0000-0000-000000000020,San Juan de los Cues
17.015205,-95.264728,20207,42000000-0000-0000-0000-000000001222,40000000-0000-0000-0000-000000000020,San Juan Mazatlan
17.182061,-97.495321,20208,42000000-0000-0000-0000-000000001223,40000000-0000-0000-0000-000000000020,San Juan Mixtepec
16.163914,-96.175812,20209,42000000-0000-0000-0000-000000001224,40000000-0000-0000-0000-000000000020,San Juan Mixtepec
17.235384,-97.422312,20210,42000000-0000-0000-0000-000000001225,40000000-0000-0000-0000-000000000020,San Juan Numi
16.075883,-96.153346,20211,42000000-0000-0000-0000-000000001226,40000000-0000-0000-0000-000000000020,San Juan Ozolotepec
17.280949,-96.02126,20212,42000000-0000-0000-0000-000000001227,40000000-0000-0000-0000-000000000020,San Juan Petlapa
16.180676,-97.190065,20213,42000000-0000-0000-0000-000000001228,40000000-0000-0000-0000-000000000020,San Juan Quiahije
17.360275,-96.351738,20214,42000000-0000-0000-0000-000000001229,40000000-0000-0000-0000-000000000020,San Juan Quiotepec
17.271254,-97.170507,20215,42000000-0000-0000-0000-000000001230,40000000-0000-0000-0000-000000000020,San Juan Sayultepec
17.181867,-96.122557,20216,42000000-0000-0000-0000-000000001231,40000000-0000-0000-0000-000000000020,San Juan Tabaa
17.093758,-97.133678,20217,42000000-0000-0000-0000-000000001232,40000000-0000-0000-0000-000000000020,San Juan Tamazola
17.054294,-97.245153,20218,42000000-0000-0000-0000-000000001233,40000000-0000-0000-0000-000000000020,San Juan Teita
16.560384,-96.363063,20219,42000000-0000-0000-0000-000000001234,40000000-0000-0000-0000-000000000020,San Juan Teitipac
17.432237,-96.502797,20220,42000000-0000-0000-0000-000000001235,40000000-0000-0000-0000-000000000020,San Juan Tepeuxila
17.330219,-97.252848,20221,42000000-0000-0000-0000-000000001236,40000000-0000-0000-0000-000000000020,San Juan Teposcolula
17.254471,-96.170184,20222,42000000-0000-0000-0000-000000001237,40000000-0000-0000-0000-000000000020,San Juan Yaee
17.240873,-96.100928,20223,42000000-0000-0000-0000-000000001238,40000000-0000-0000-0000-000000000020,San Juan Yatzona
17.304411,-97.161329,20224,42000000-0000-0000-0000-000000001239,40000000-0000-0000-0000-000000000020,San Juan Yucuita
16.233934,-97.522941,20225,42000000-0000-0000-0000-000000001240,40000000-0000-0000-0000-000000000020,San Lorenzo
16.542601,-96.153473,20226,42000000-0000-0000-0000-000000001241,40000000-0000-0000-0000-000000000020,San Lorenzo Albarradas
17.074569,-96.480718,20227,42000000-0000-0000-0000-000000001242,40000000-0000-0000-0000-000000000020,San Lorenzo Cacaotepec
18.122323,-96.544701,20228,42000000-0000-0000-0000-000000001243,40000000-0000-0000-0000-000000000020,San Lorenzo Cuaunecuiltitla
16.350777,-97.115631,20229,42000000-0000-0000-0000-000000001244,40000000-0000-0000-0000-000000000020,San Lorenzo Texmelucan
17.400608,-98.071299,20230,42000000-0000-0000-0000-000000001245,40000000-0000-0000-0000-000000000020,San Lorenzo Victoria
16.563539,-95.424732,20231,42000000-0000-0000-0000-000000001246,40000000-0000-0000-0000-000000000020,San Lucas Camotlan
18.032701,-96.235195,20232,42000000-0000-0000-0000-000000001247,40000000-0000-0000-0000-000000000020,San Lucas Ojitlan
16.534129,-96.280514,20233,42000000-0000-0000-0000-000000001248,40000000-0000-0000-0000-000000000020,San Lucas Quiavini
18.081018,-96.542314,20234,42000000-0000-0000-0000-000000001249,40000000-0000-0000-0000-000000000020,San Lucas Zoquiapam
16.232193,-96.294983,20235,42000000-0000-0000-0000-000000001250,40000000-0000-0000-0000-000000000020,San Luis Amatlan
16.052133,-96.242121,20236,42000000-0000-0000-0000-000000001251,40000000-0000-0000-0000-000000000020,San Marcial Ozolotepec
17.431057,-97.51401,20237,42000000-0000-0000-0000-000000001252,40000000-0000-0000-0000-000000000020,San Marcos Arteaga
16.392332,-96.434442,20238,42000000-0000-0000-0000-000000001253,40000000-0000-0000-0000-000000000020,Heroico San Martin de los Cansecos
17.235065,-97.360847,20239,42000000-0000-0000-0000-000000001254,40000000-0000-0000-0000-000000000020,San Martin Huamelulpam
17.134447,-97.525332,20240,42000000-0000-0000-0000-000000001255,40000000-0000-0000-0000-000000000020,San Martin Itunyoso
16.363911,-96.505774,20241,42000000-0000-0000-0000-000000001256,40000000-0000-0000-0000-000000000020,San Martin Lachila
17.213784,-98.14184,20242,42000000-0000-0000-0000-000000001257,40000000-0000-0000-0000-000000000020,San Martin Peras
16.513221,-96.414406,20243,42000000-0000-0000-0000-000000001258,40000000-0000-0000-0000-000000000020,San Martin Tilcajete
18.060261,-97.03325,20244,42000000-0000-0000-0000-000000001259,40000000-0000-0000-0000-000000000020,San Martin Toxpalan
17.482861,-98.033911,20245,42000000-0000-0000-0000-000000001260,40000000-0000-0000-0000-000000000020,San Martin Zacatepec
17.09424,-96.123231,20246,42000000-0000-0000-0000-000000001261,40000000-0000-0000-0000-000000000020,San Mateo Cajonos
17.182312,-96.264553,20247,42000000-0000-0000-0000-000000001262,40000000-0000-0000-0000-000000000020,Capulalpam de Mendez
16.123492,-94.585481,20248,42000000-0000-0000-0000-000000001263,40000000-0000-0000-0000-000000000020,San Mateo del Mar
18.083723,-96.520629,20249,42000000-0000-0000-0000-000000001264,40000000-0000-0000-0000-000000000020,San Mateo Yoloxochitlan
17.245341,-97.161826,20250,42000000-0000-0000-0000-000000001265,40000000-0000-0000-0000-000000000020,San Mateo Etlatongo
17.392012,-98.250118,20251,42000000-0000-0000-0000-000000001266,40000000-0000-0000-0000-000000000020,San Mateo Nejapam
17.090286,-97.320112,20252,42000000-0000-0000-0000-000000001267,40000000-0000-0000-0000-000000000020,San Mateo Penasco
15.595823,-96.200668,20253,42000000-0000-0000-0000-000000001268,40000000-0000-0000-0000-000000000020,San Mateo Pinas
16.083923,-96.265441,20254,42000000-0000-0000-0000-000000001269,40000000-0000-0000-0000-000000000020,San Mateo Rio Hondo
17.001524,-97.210444,20255,42000000-0000-0000-0000-000000001270,40000000-0000-0000-0000-000000000020,San Mateo Sindihui
17.483812,-97.255226,20256,42000000-0000-0000-0000-000000001271,40000000-0000-0000-0000-000000000020,San Mateo Tlapiltepec
17.150863,-96.091568,20257,42000000-0000-0000-0000-000000001272,40000000-0000-0000-0000-000000000020,San Melchor Betaza
17.182251,-97.292175,20258,42000000-0000-0000-0000-000000001273,40000000-0000-0000-0000-000000000020,San Miguel Achiutla
17.401685,-98.191507,20259,42000000-0000-0000-0000-000000001274,40000000-0000-0000-0000-000000000020,San Miguel Ahuehuetitlan
17.244649,-96.412927,20260,42000000-0000-0000-0000-000000001275,40000000-0000-0000-0000-000000000020,San Miguel Aloapam
17.5329,-98.013204,20261,42000000-0000-0000-0000-000000001276,40000000-0000-0000-0000-000000000020,San Miguel Amatitlan
17.163189,-96.28183,20262,42000000-0000-0000-0000-000000001277,40000000-0000-0000-0000-000000000020,San Miguel Amatlan
16.114673,-96.413881,20263,42000000-0000-0000-0000-000000001278,40000000-0000-0000-0000-000000000020,San Miguel Coatlan
17.381299,-97.114158,20264,42000000-0000-0000-0000-000000001279,40000000-0000-0000-0000-000000000020,San Miguel Chicahua
16.425207,-94.445238,20265,42000000-0000-0000-0000-000000001280,40000000-0000-0000-0000-000000000020,San Miguel Chimalapa
15.551788,-96.102947,20266,42000000-0000-0000-0000-000000001281,40000000-0000-0000-0000-000000000020,San Miguel del Puerto
17.191797,-96.34092,20267,42000000-0000-0000-0000-000000001282,40000000-0000-0000-0000-000000000020,San Miguel del Rio
16.344939,-96.442139,20268,42000000-0000-0000-0000-000000001283,40000000-0000-0000-0000-000000000020,San Miguel Ejutla
17.024827,-97.371981,20269,42000000-0000-0000-0000-000000001284,40000000-0000-0000-0000-000000000020,San Miguel el Grande
17.444496,-97.081507,20270,42000000-0000-0000-0000-000000001285,40000000-0000-0000-0000-000000000020,San Miguel Huautla
16.464117,-96.572637,20271,42000000-0000-0000-0000-000000001286,40000000-0000-0000-0000-000000000020,San Miguel Mixtepec
16.153611,-97.224672,20272,42000000-0000-0000-0000-000000001287,40000000-0000-0000-0000-000000000020,San Miguel Panixtlahuaca
16.561652,-97.003588,20273,42000000-0000-0000-0000-000000001288,40000000-0000-0000-0000-000000000020,San Miguel Peras
16.595886,-97.135772,20274,42000000-0000-0000-0000-000000001289,40000000-0000-0000-0000-000000000020,San Miguel Piedras
16.583175,-95.454205,20275,42000000-0000-0000-0000-000000001290,40000000-0000-0000-0000-000000000020,San Miguel Quetzaltepec
17.55159,-96.475748,20276,42000000-0000-0000-0000-000000001291,40000000-0000-0000-0000-000000000020,San Miguel Santa Flor
16.305313,-96.584085,20277,42000000-0000-0000-0000-000000001292,40000000-0000-0000-0000-000000000020,Villa Sola de Vega
18.142534,-96.241289,20278,42000000-0000-0000-0000-000000001293,40000000-0000-0000-0000-000000000020,San Miguel Soyaltepec
16.053842,-96.275907,20279,42000000-0000-0000-0000-000000001294,40000000-0000-0000-0000-000000000020,San Miguel Suchixtepec
17.213601,-96.145972,20280,42000000-0000-0000-0000-000000001295,40000000-0000-0000-0000-000000000020,Villa Talea de Castro
17.233856,-97.160477,20281,42000000-0000-0000-0000-000000001296,40000000-0000-0000-0000-000000000020,San Miguel Tecomatlan
16.160236,-95.353308,20282,42000000-0000-0000-0000-000000001297,40000000-0000-0000-0000-000000000020,San Miguel Tenango
17.48103,-97.202996,20283,42000000-0000-0000-0000-000000001298,40000000-0000-0000-0000-000000000020,San Miguel Tequixtepec
16.465499,-96.34536,20284,42000000-0000-0000-0000-000000001299,40000000-0000-0000-0000-000000000020,San Miguel Tilquiapam
16.250022,-98.034758,20285,42000000-0000-0000-0000-000000001300,40000000-0000-0000-0000-000000000020,San Miguel Tlacamama
17.271305,-98.002606,20286,42000000-0000-0000-0000-000000001301,40000000-0000-0000-0000-000000000020,San Miguel Tlacotepec
17.450447,-97.262944,20287,42000000-0000-0000-0000-000000001302,40000000-0000-0000-0000-000000000020,San Miguel Tulancingo
17.221367,-96.201405,20288,42000000-0000-0000-0000-000000001303,40000000-0000-0000-0000-000000000020,San Miguel Yotao
16.245744,-96.442697,20289,42000000-0000-0000-0000-000000001304,40000000-0000-0000-0000-000000000020,San Nicolas
17.465851,-98.08333,20290,42000000-0000-0000-0000-000000001305,40000000-0000-0000-0000-000000000020,San Nicolas Hidalgo
16.132632,-96.46588,20291,42000000-0000-0000-0000-000000001306,40000000-0000-0000-0000-000000000020,San Pablo Coatlan
16.585775,-96.5328,20292,42000000-0000-0000-0000-000000001307,40000000-0000-0000-0000-000000000020,San Pablo Cuatro Venados
17.084382,-96.455216,20293,42000000-0000-0000-0000-000000001308,40000000-0000-0000-0000-000000000020,San Pablo Etla
17.163852,-96.530418,20294,42000000-0000-0000-0000-000000001309,40000000-0000-0000-0000-000000000020,San Pablo Huitzo
16.493625,-96.465162,20295,42000000-0000-0000-0000-000000001310,40000000-0000-0000-0000-000000000020,San Pablo Huixtepec
17.320345,-96.331282,20296,42000000-0000-0000-0000-000000001311,40000000-0000-0000-0000-000000000020,San Pablo Macuiltianguis
17.010357,-97.295987,20297,42000000-0000-0000-0000-000000001312,40000000-0000-0000-0000-000000000020,San Pablo Tijaltepec
16.55187,-96.214376,20298,42000000-0000-0000-0000-000000001313,40000000-0000-0000-0000-000000000020,San Pablo Villa de Mitla
17.08459,-96.134647,20299,42000000-0000-0000-0000-000000001314,40000000-0000-0000-0000-000000000020,San Pablo Yaganiza
16.391406,-98.052374,20300,42000000-0000-0000-0000-000000001315,40000000-0000-0000-0000-000000000020,San Pedro Amuzgos
16.440653,-96.433372,20301,42000000-0000-0000-0000-000000001316,40000000-0000-0000-0000-000000000020,San Pedro Apostol
16.29207,-97.591312,20302,42000000-0000-0000-0000-000000001317,40000000-0000-0000-0000-000000000020,San Pedro Atoyac
17.100721,-96.15383,20303,42000000-0000-0000-0000-000000001318,40000000-0000-0000-0000-000000000020,San Pedro Cajonos
17.295586,-97.080893,20304,42000000-0000-0000-0000-000000001319,40000000-0000-0000-0000-000000000020,San Pedro Coxcaltepec Cantaros
16.292509,-95.093556,20305,42000000-0000-0000-0000-000000001320,40000000-0000-0000-0000-000000000020,San Pedro Comitancillo
16.020102,-96.28254,20306,42000000-0000-0000-0000-000000001321,40000000-0000-0000-0000-000000000020,San Pedro el Alto
16.014452,-95.400788,20307,42000000-0000-0000-0000-000000001322,40000000-0000-0000-0000-000000000020,San Pedro Huamelula
16.143717,-95.091056,20308,42000000-0000-0000-0000-000000001323,40000000-0000-0000-0000-000000000020,San Pedro Huilotepec
18.084438,-96.303824,20309,42000000-0000-0000-0000-000000001324,40000000-0000-0000-0000-000000000020,San Pedro Ixcatlan
17.034779,-96.491234,20310,42000000-0000-0000-0000-000000001325,40000000-0000-0000-0000-000000000020,San Pedro Ixtlahuaca
17.411626,-97.020579,20311,42000000-0000-0000-0000-000000001326,40000000-0000-0000-0000-000000000020,San Pedro Jaltepetongo
16.270787,-98.005472,20312,42000000-0000-0000-0000-000000001327,40000000-0000-0000-0000-000000000020,San Pedro Jicayan
17.460682,-97.04487,20313,42000000-0000-0000-0000-000000001328,40000000-0000-0000-0000-000000000020,San Pedro Jocotipac
16.202743,-97.051436,20314,42000000-0000-0000-0000-000000001329,40000000-0000-0000-0000-000000000020,San Pedro Juchatengo
16.444016,-96.424399,20315,42000000-0000-0000-0000-000000001330,40000000-0000-0000-0000-000000000020,San Pedro Martir
16.245482,-96.145114,20316,42000000-0000-0000-0000-000000001331,40000000-0000-0000-0000-000000000020,San Pedro Martir Quiechapa
17.255746,-97.363627,20317,42000000-0000-0000-0000-000000001332,40000000-0000-0000-0000-000000000020,San Pedro Martir Yucuxaco
15.585752,-97.05018,20318,42000000-0000-0000-0000-000000001333,40000000-0000-0000-0000-000000000020,San Pedro Mixtepec
16.161848,-96.165807,20319,42000000-0000-0000-0000-000000001334,40000000-0000-0000-0000-000000000020,San Pedro Mixtepec
17.06167,-97.322805,20320,42000000-0000-0000-0000-000000001335,40000000-0000-0000-0000-000000000020,San Pedro Molinos
17.482266,-97.32287,20321,42000000-0000-0000-0000-000000001336,40000000-0000-0000-0000-000000000020,San Pedro Nopala
18.110577,-96.544735,20322,42000000-0000-0000-0000-000000001337,40000000-0000-0000-0000-000000000020,San Pedro Ocopetatillo
16.571951,-95.50483,20323,42000000-0000-0000-0000-000000001338,40000000-0000-0000-0000-000000000020,San Pedro Ocotepec
15.444683,-96.275483,20324,42000000-0000-0000-0000-000000001339,40000000-0000-0000-0000-000000000020,San Pedro Pochutla
16.465952,-96.015358,20325,42000000-0000-0000-0000-000000001340,40000000-0000-0000-0000-000000000020,San Pedro Quiatoni
17.493051,-96.395184,20326,42000000-0000-0000-0000-000000001341,40000000-0000-0000-0000-000000000020,San Pedro Sochiapam
16.22021,-94.113785,20327,42000000-0000-0000-0000-000000001342,40000000-0000-0000-0000-000000000020,San Pedro Tapanatepec
16.381626,-96.321535,20328,42000000-0000-0000-0000-000000001343,40000000-0000-0000-0000-000000000020,San Pedro Taviche
17.010165,-97.170995,20329,42000000-0000-0000-0000-000000001344,40000000-0000-0000-0000-000000000020,San Pedro Teozacoalco
17.58373,-96.422042,20330,42000000-0000-0000-0000-000000001345,40000000-0000-0000-0000-000000000020,San Pedro Teutila
17.202675,-97.223818,20331,42000000-0000-0000-0000-000000001346,40000000-0000-0000-0000-000000000020,San Pedro Tidaa
17.261392,-97.203736,20332,42000000-0000-0000-0000-000000001347,40000000-0000-0000-0000-000000000020,San Pedro Topiltepec
16.39592,-96.180687,20333,42000000-0000-0000-0000-000000001348,40000000-0000-0000-0000-000000000020,San Pedro Totolapam
16.074762,-97.363075,20334,42000000-0000-0000-0000-000000001349,40000000-0000-0000-0000-000000000020,Villa de Tututepec
17.250968,-96.211645,20335,42000000-0000-0000-0000-000000001350,40000000-0000-0000-0000-000000000020,San Pedro Yaneri
17.351837,-96.330567,20336,42000000-0000-0000-0000-000000001351,40000000-0000-0000-0000-000000000020,San Pedro Yolox
17.013774,-96.043749,20337,42000000-0000-0000-0000-000000001352,40000000-0000-0000-0000-000000000020,San Pedro y San Pablo Ayutla
17.12271,-96.480209,20338,42000000-0000-0000-0000-000000001353,40000000-0000-0000-0000-000000000020,Villa de Etla
17.304345,-97.291748,20339,42000000-0000-0000-0000-000000001354,40000000-0000-0000-0000-000000000020,San Pedro y San Pablo Teposcolula
18.033836,-97.430425,20340,42000000-0000-0000-0000-000000001355,40000000-0000-0000-0000-000000000020,San Pedro y San Pablo Tequixtepec
17.333962,-97.285733,20341,42000000-0000-0000-0000-000000001356,40000000-0000-0000-0000-000000000020,San Pedro Yucunama
16.581343,-96.451979,20342,42000000-0000-0000-0000-000000001357,40000000-0000-0000-0000-000000000020,San Raymundo Jalpan
16.594083,-96.351989,20343,42000000-0000-0000-0000-000000001358,40000000-0000-0000-0000-000000000020,San Sebastian Abasolo
16.120453,-96.493914,20344,42000000-0000-0000-0000-000000001359,40000000-0000-0000-0000-000000000020,San Sebastian Coatlan
16.32372,-98.084015,20345,42000000-0000-0000-0000-000000001360,40000000-0000-0000-0000-000000000020,San Sebastian Ixcapa
17.310443,-97.405977,20346,42000000-0000-0000-0000-000000001361,40000000-0000-0000-0000-000000000020,San Sebastian Nicananduta
16.105819,-96.275062,20347,42000000-0000-0000-0000-000000001362,40000000-0000-0000-0000-000000000020,San Sebastian Rio Hondo
17.204508,-98.015223,20348,42000000-0000-0000-0000-000000001363,40000000-0000-0000-0000-000000000020,San Sebastian Tecomaxtlahuaca
16.570513,-96.365047,20349,42000000-0000-0000-0000-000000001364,40000000-0000-0000-0000-000000000020,San Sebastian Teitipac
17.033051,-96.401963,20350,42000000-0000-0000-0000-000000001365,40000000-0000-0000-0000-000000000020,San Sebastian Tutla
16.242667,-96.431082,20351,42000000-0000-0000-0000-000000001366,40000000-0000-0000-0000-000000000020,San Simon Almolongas
17.494387,-98.00163,20352,42000000-0000-0000-0000-000000001367,40000000-0000-0000-0000-000000000020,San Simon Zahuatlan
16.20263,-96.43034,20353,42000000-0000-0000-0000-000000001368,40000000-0000-0000-0000-000000000020,Santa Ana
18.123808,-96.542298,20354,42000000-0000-0000-0000-000000001369,40000000-0000-0000-0000-000000000020,Santa Ana Ateixtlahuaca
17.590183,-96.474091,20355,42000000-0000-0000-0000-000000001370,40000000-0000-0000-0000-000000000020,Santa Ana Cuauhtemoc
16.594138,-96.281803,20356,42000000-0000-0000-0000-000000001371,40000000-0000-0000-0000-000000000020,Santa Ana del Valle
16.391674,-95.544164,20357,42000000-0000-0000-0000-000000001372,40000000-0000-0000-0000-000000000020,Santa Ana Tavela
16.443841,-96.50135,20358,42000000-0000-0000-0000-000000001373,40000000-0000-0000-0000-000000000020,Santa Ana Tlapacoyan
17.235204,-96.363881,20359,42000000-0000-0000-0000-000000001374,40000000-0000-0000-0000-000000000020,Santa Ana Yareni
16.501635,-96.433338,20360,42000000-0000-0000-0000-000000001375,40000000-0000-0000-0000-000000000020,Santa Ana Zegache
16.191992,-96.155709,20361,42000000-0000-0000-0000-000000001376,40000000-0000-0000-0000-000000000020,Santa Catalina Quieri
16.181582,-96.384108,20362,42000000-0000-0000-0000-000000001377,40000000-0000-0000-0000-000000000020,Santa Catarina Cuixtla
17.155598,-96.334212,20363,42000000-0000-0000-0000-000000001378,40000000-0000-0000-0000-000000000020,Santa Catarina Ixtepeji
16.141323,-97.17329,20364,42000000-0000-0000-0000-000000001379,40000000-0000-0000-0000-000000000020,Santa Catarina Juquila
17.160641,-96.282256,20365,42000000-0000-0000-0000-000000001380,40000000-0000-0000-0000-000000000020,Santa Catarina Lachatao
16.041022,-96.451752,20366,42000000-0000-0000-0000-000000001381,40000000-0000-0000-0000-000000000020,Santa Catarina Loxicha
16.200396,-97.500969,20367,42000000-0000-0000-0000-000000001382,40000000-0000-0000-0000-000000000020,Santa Catarina Mechoacan
16.464508,-96.365564,20368,42000000-0000-0000-0000-000000001383,40000000-0000-0000-0000-000000000020,Santa Catarina Minas
16.52491,-96.442669,20369,42000000-0000-0000-0000-000000001384,40000000-0000-0000-0000-000000000020,Santa Catarina Quiane
17.20521,-97.333016,20370,42000000-0000-0000-0000-000000001385,40000000-0000-0000-0000-000000000020,Santa Catarina Tayata
17.041645,-97.320549,20371,42000000-0000-0000-0000-000000001386,40000000-0000-0000-0000-000000000020,Santa Catarina Ticua
17.011398,-97.394366,20372,42000000-0000-0000-0000-000000001387,40000000-0000-0000-0000-000000000020,Santa Catarina Yosonotu
18.035241,-97.360596,20373,42000000-0000-0000-0000-000000001388,40000000-0000-0000-0000-000000000020,Santa Catarina Zapoquila
18.094954,-96.523115,20374,42000000-0000-0000-0000-000000001389,40000000-0000-0000-0000-000000000020,Santa Cruz Acatepec
17.033132,-96.410246,20375,42000000-0000-0000-0000-000000001390,40000000-0000-0000-0000-000000000020,Santa Cruz Amilpas
17.345295,-98.132636,20376,42000000-0000-0000-0000-000000001391,40000000-0000-0000-0000-000000000020,Santa Cruz de Bravo
16.522975,-97.393799,20377,42000000-0000-0000-0000-000000001392,40000000-0000-0000-0000-000000000020,Santa Cruz Itundujia
16.473279,-96.525667,20378,42000000-0000-0000-0000-000000001393,40000000-0000-0000-0000-000000000020,Santa Cruz Mixtepec
17.10269,-97.432347,20379,42000000-0000-0000-0000-000000001394,40000000-0000-0000-0000-000000000020,Santa Cruz Nundaco
16.573416,-96.350568,20380,42000000-0000-0000-0000-000000001395,40000000-0000-0000-0000-000000000020,Santa Cruz Papalutla
17.493958,-98.090284,20381,42000000-0000-0000-0000-000000001396,40000000-0000-0000-0000-000000000020,Santa Cruz Tacache de Mina
16.550804,-97.29318,20382,42000000-0000-0000-0000-000000001397,40000000-0000-0000-0000-000000000020,Santa Cruz Tacahua
17.212797,-97.340694,20383,42000000-0000-0000-0000-000000001398,40000000-0000-0000-0000-000000000020,Santa Cruz Tayata
16.192077,-96.402326,20384,42000000-0000-0000-0000-000000001399,40000000-0000-0000-0000-000000000020,Santa Cruz Xitla
17.013821,-96.440369,20385,42000000-0000-0000-0000-000000001400,40000000-0000-0000-0000-000000000020,Santa Cruz Xoxocotlan
16.320647,-97.294228,20386,42000000-0000-0000-0000-000000001401,40000000-0000-0000-0000-000000000020,Santa Cruz Zenzontepec
16.471174,-96.474996,20387,42000000-0000-0000-0000-000000001402,40000000-0000-0000-0000-000000000020,Santa Gertrudis
16.553276,-96.514207,20388,42000000-0000-0000-0000-000000001403,40000000-0000-0000-0000-000000000020,Santa Ines del Monte
16.483122,-96.452277,20389,42000000-0000-0000-0000-000000001404,40000000-0000-0000-0000-000000000020,Santa Ines Yatzeche
17.035083,-96.414084,20390,42000000-0000-0000-0000-000000001405,40000000-0000-0000-0000-000000000020,Santa Lucia del Camino
16.11113,-96.370556,20391,42000000-0000-0000-0000-000000001406,40000000-0000-0000-0000-000000000020,Santa Lucia Miahuatlan
16.581665,-97.395869,20392,42000000-0000-0000-0000-000000001407,40000000-0000-0000-0000-000000000020,Santa Lucia Monteverde
16.443188,-96.404943,20393,42000000-0000-0000-0000-000000001408,40000000-0000-0000-0000-000000000020,Santa Lucia Ocotlan
17.053154,-95.511646,20394,42000000-0000-0000-0000-000000001409,40000000-0000-0000-0000-000000000020,Santa Maria Alotepec
17.38045,-97.060139,20395,42000000-0000-0000-0000-000000001410,40000000-0000-0000-0000-000000000020,Santa Maria Apazco
18.062961,-96.490972,20396,42000000-0000-0000-0000-000000001411,40000000-0000-0000-0000-000000000020,Santa Maria la Asuncion
17.160289,-97.404977,20397,42000000-0000-0000-0000-000000001412,40000000-0000-0000-0000-000000000020,Heroica Ciudad de Tlaxiaco
16.41084,-96.503521,20398,42000000-0000-0000-0000-000000001413,40000000-0000-0000-0000-000000000020,Ayoquezco de Aldama
17.061032,-96.464534,20399,42000000-0000-0000-0000-000000001414,40000000-0000-0000-0000-000000000020,Santa Maria Atzompa
17.535842,-97.413617,20400,42000000-0000-0000-0000-000000001415,40000000-0000-0000-0000-000000000020,Santa Maria Camotlan
15.535205,-96.561892,20401,42000000-0000-0000-0000-000000001416,40000000-0000-0000-0000-000000000020,Santa Maria Colotepec
16.270289,-98.170858,20402,42000000-0000-0000-0000-000000001417,40000000-0000-0000-0000-000000000020,Santa Maria Cortijo
16.580178,-96.422425,20403,42000000-0000-0000-0000-000000001418,40000000-0000-0000-0000-000000000020,Santa Maria Coyotepec
17.313056,-97.170062,20404,42000000-0000-0000-0000-000000001419,40000000-0000-0000-0000-000000000020,Santa Maria Chachoapam
17.351798,-97.375488,20405,42000000-0000-0000-0000-000000001420,40000000-0000-0000-0000-000000000020,Villa de Chilapa de Diaz
18.140327,-96.494995,20406,42000000-0000-0000-0000-000000001421,40000000-0000-0000-0000-000000000020,Santa Maria Chilchotla
16.543571,-94.405888,20407,42000000-0000-0000-0000-000000001422,40000000-0000-0000-0000-000000000020,Santa Maria Chimalapa
17.210634,-97.353775,20408,42000000-0000-0000-0000-000000001423,40000000-0000-0000-0000-000000000020,Santa Maria del Rosario
17.024813,-96.381173,20409,42000000-0000-0000-0000-000000001424,40000000-0000-0000-0000-000000000020,Santa Maria del Tule
16.170306,-95.525207,20410,42000000-0000-0000-0000-000000001425,40000000-0000-0000-0000-000000000020,Santa Maria Ecatepec
17.000316,-96.361019,20411,42000000-0000-0000-0000-000000001426,40000000-0000-0000-0000-000000000020,Santa Maria Guelace
16.441674,-95.211615,20412,42000000-0000-0000-0000-000000001427,40000000-0000-0000-0000-000000000020,Santa Maria Guienagati
15.501,-96.191954,20413,42000000-0000-0000-0000-000000001428,40000000-0000-0000-0000-000000000020,Santa Maria Huatulco
16.1808,-97.54463,20414,42000000-0000-0000-0000-000000001429,40000000-0000-0000-0000-000000000020,Santa Maria Huazolotitlan
16.381039,-98.020177,20415,42000000-0000-0000-0000-000000001430,40000000-0000-0000-0000-000000000020,Santa Maria Ipalapa
17.510574,-97.112574,20416,42000000-0000-0000-0000-000000001431,40000000-0000-0000-0000-000000000020,Santa Maria Ixcatlan
17.513648,-96.124077,20417,42000000-0000-0000-0000-000000001432,40000000-0000-0000-0000-000000000020,Santa Maria Jacatepec
16.262424,-95.263616,20418,42000000-0000-0000-0000-000000001433,40000000-0000-0000-0000-000000000020,Santa Maria Jalapa del Marques
17.215621,-96.314178,20419,42000000-0000-0000-0000-000000001434,40000000-0000-0000-0000-000000000020,Santa Maria Jaltianguis
16.433992,-97.010916,20420,42000000-0000-0000-0000-000000001435,40000000-0000-0000-0000-000000000020,Santa Maria Lachixio
16.222535,-95.15377,20421,42000000-0000-0000-0000-000000001436,40000000-0000-0000-0000-000000000020,Santa Maria Mixtequilla
17.394138,-97.200523,20422,42000000-0000-0000-0000-000000001437,40000000-0000-0000-0000-000000000020,Santa Maria Nativitas
17.244143,-97.294681,20423,42000000-0000-0000-0000-000000001438,40000000-0000-0000-0000-000000000020,Santa Maria Nduayaco
16.075103,-96.221224,20424,42000000-0000-0000-0000-000000001439,40000000-0000-0000-0000-000000000020,Santa Maria Ozolotepec
17.470298,-96.475048,20425,42000000-0000-0000-0000-000000001440,40000000-0000-0000-0000-000000000020,Santa Maria Papalo
17.044409,-97.00088,20426,42000000-0000-0000-0000-000000001441,40000000-0000-0000-0000-000000000020,Santa Maria Penoles
16.492075,-95.071214,20427,42000000-0000-0000-0000-000000001442,40000000-0000-0000-0000-000000000020,Santa Maria Petapa
16.163797,-96.030721,20428,42000000-0000-0000-0000-000000001443,40000000-0000-0000-0000-000000000020,Santa Maria Quiegolani
16.34003,-97.004721,20429,42000000-0000-0000-0000-000000001444,40000000-0000-0000-0000-000000000020,Santa Maria Sola
17.083285,-97.234242,20430,42000000-0000-0000-0000-000000001445,40000000-0000-0000-0000-000000000020,Santa Maria Tataltepec
17.572253,-97.012797,20431,42000000-0000-0000-0000-000000001446,40000000-0000-0000-0000-000000000020,Santa Maria Tecomavaca
17.225196,-96.094492,20432,42000000-0000-0000-0000-000000001447,40000000-0000-0000-0000-000000000020,Santa Maria Temaxcalapa
16.094719,-97.114076,20433,42000000-0000-0000-0000-000000001448,40000000-0000-0000-0000-000000000020,Santa Maria Temaxcaltepec
18.095997,-96.57185,20434,42000000-0000-0000-0000-000000001449,40000000-0000-0000-0000-000000000020,Santa Maria Teopoxco
16.595105,-96.003643,20435,42000000-0000-0000-0000-000000001450,40000000-0000-0000-0000-000000000020,Santa Maria Tepantlali
17.424646,-97.040008,20436,42000000-0000-0000-0000-000000001451,40000000-0000-0000-0000-000000000020,Santa Maria Texcatitlan
17.055113,-96.034771,20437,42000000-0000-0000-0000-000000001452,40000000-0000-0000-0000-000000000020,Santa Maria Tlahuitoltepec
17.570604,-96.441707,20438,42000000-0000-0000-0000-000000001453,40000000-0000-0000-0000-000000000020,Santa Maria Tlalixtac
15.44497,-96.324332,20439,42000000-0000-0000-0000-000000001454,40000000-0000-0000-0000-000000000020,Santa Maria Tonameca
16.361162,-95.373164,20440,42000000-0000-0000-0000-000000001455,40000000-0000-0000-0000-000000000020,Santa Maria Totolapilla
16.213708,-95.011146,20441,42000000-0000-0000-0000-000000001456,40000000-0000-0000-0000-000000000020,Santa Maria Xadani
17.14257,-96.154601,20442,42000000-0000-0000-0000-000000001457,40000000-0000-0000-0000-000000000020,Santa Maria Yalina
17.140318,-96.254626,20443,42000000-0000-0000-0000-000000001458,40000000-0000-0000-0000-000000000020,Santa Maria Yavesia
16.52365,-97.301918,20444,42000000-0000-0000-0000-000000001459,40000000-0000-0000-0000-000000000020,Santa Maria Yolotepec
17.071267,-97.305325,20445,42000000-0000-0000-0000-000000001460,40000000-0000-0000-0000-000000000020,Santa Maria Yosoyua
17.010549,-97.461023,20446,42000000-0000-0000-0000-000000001461,40000000-0000-0000-0000-000000000020,Santa Maria Yucuhiti
16.455002,-97.592356,20447,42000000-0000-0000-0000-000000001462,40000000-0000-0000-0000-000000000020,Santa Maria Zacatepec
16.391835,-97.201876,20448,42000000-0000-0000-0000-000000001463,40000000-0000-0000-0000-000000000020,Santa Maria Zaniza
16.33301,-96.211034,20449,42000000-0000-0000-0000-000000001464,40000000-0000-0000-0000-000000000020,Santa Maria Zoquitlan
16.382726,-97.294129,20450,42000000-0000-0000-0000-000000001465,40000000-0000-0000-0000-000000000020,Santiago Amoltepec
17.385497,-97.0813,20451,42000000-0000-0000-0000-000000001466,40000000-0000-0000-0000-000000000020,Santiago Apoala
16.481535,-96.432069,20452,42000000-0000-0000-0000-000000001467,40000000-0000-0000-0000-000000000020,Santiago Apostol
15.591547,-95.403312,20453,42000000-0000-0000-0000-000000001468,40000000-0000-0000-0000-000000000020,Santiago Astata
17.06143,-95.564487,20454,42000000-0000-0000-0000-000000001469,40000000-0000-0000-0000-000000000020,Santiago Atitlan
17.560638,-97.572974,20455,42000000-0000-0000-0000-000000001470,40000000-0000-0000-0000-000000000020,Santiago Ayuquililla
17.431286,-97.442575,20456,42000000-0000-0000-0000-000000001471,40000000-0000-0000-0000-000000000020,Santiago Cacaloxtepec
17.264656,-96.110476,20457,42000000-0000-0000-0000-000000001472,40000000-0000-0000-0000-000000000020,Santiago Camotlan
17.335085,-96.325213,20458,42000000-0000-0000-0000-000000001473,40000000-0000-0000-0000-000000000020,Santiago Comaltepec
18.111957,-97.404994,20459,42000000-0000-0000-0000-000000001474,40000000-0000-0000-0000-000000000020,Villa de Santiago Chazumba
17.21382,-95.552144,20460,42000000-0000-0000-0000-000000001475,40000000-0000-0000-0000-000000000020,Santiago Choapam
17.272151,-98.051875,20461,42000000-0000-0000-0000-000000001476,40000000-0000-0000-0000-000000000020,Santiago del Rio
17.493594,-97.435436,20462,42000000-0000-0000-0000-000000001477,40000000-0000-0000-0000-000000000020,Santiago Huajolotitlan
17.270303,-97.04175,20463,42000000-0000-0000-0000-000000001478,40000000-0000-0000-0000-000000000020,Santiago Huauclilla
17.505451,-97.254708,20464,42000000-0000-0000-0000-000000001479,40000000-0000-0000-0000-000000000020,Santiago Ihuitlan Plumas
16.56053,-95.372318,20465,42000000-0000-0000-0000-000000001480,40000000-0000-0000-0000-000000000020,Santiago Ixcuintepec
16.335402,-97.390709,20466,42000000-0000-0000-0000-000000001481,40000000-0000-0000-0000-000000000020,Santiago Ixtayutla
16.164605,-97.491086,20467,42000000-0000-0000-0000-000000001482,40000000-0000-0000-0000-000000000020,Santiago Jamiltepec
17.320845,-95.56399,20468,42000000-0000-0000-0000-000000001483,40000000-0000-0000-0000-000000000020,Santiago Jocotepec
17.200705,-98.004482,20469,42000000-0000-0000-0000-000000001484,40000000-0000-0000-0000-000000000020,Santiago Juxtlahuaca
16.411125,-95.315757,20470,42000000-0000-0000-0000-000000001485,40000000-0000-0000-0000-000000000020,Santiago Lachiguiri
17.250465,-96.145493,20471,42000000-0000-0000-0000-000000001486,40000000-0000-0000-0000-000000000020,Santiago Lalopa
16.350559,-95.121649,20472,42000000-0000-0000-0000-000000001487,40000000-0000-0000-0000-000000000020,Santiago Laollaga
17.131113,-96.184823,20473,42000000-0000-0000-0000-000000001488,40000000-0000-0000-0000-000000000020,Santiago Laxopa
16.292194,-98.172281,20474,42000000-0000-0000-0000-000000001489,40000000-0000-0000-0000-000000000020,Santiago Llano Grande
16.515796,-96.230032,20475,42000000-0000-0000-0000-000000001490,40000000-0000-0000-0000-000000000020,Santiago Matatlan
17.590504,-97.412144,20476,42000000-0000-0000-0000-000000001491,40000000-0000-0000-0000-000000000020,Santiago Miltepec
16.253426,-97.134135,20477,42000000-0000-0000-0000-000000001492,40000000-0000-0000-0000-000000000020,Santiago Minas
17.301971,-96.545938,20478,42000000-0000-0000-0000-000000001493,40000000-0000-0000-0000-000000000020,Santiago Nacaltepec
17.251302,-97.222142,20479,42000000-0000-0000-0000-000000001494,40000000-0000-0000-0000-000000000020,Santiago Nejapilla
17.195445,-97.402459,20480,42000000-0000-0000-0000-000000001495,40000000-0000-0000-0000-000000000020,Santiago Nundiche
17.005462,-97.455954,20481,42000000-0000-0000-0000-000000001496,40000000-0000-0000-0000-000000000020,Santiago Nuyoo
16.202043,-98.030125,20482,42000000-0000-0000-0000-000000001497,40000000-0000-0000-0000-000000000020,Santiago Pinotepa Nacional
17.144965,-96.522527,20483,42000000-0000-0000-0000-000000001498,40000000-0000-0000-0000-000000000020,Santiago Suchilquitongo
17.400951,-98.131488,20484,42000000-0000-0000-0000-000000001499,40000000-0000-0000-0000-000000000020,Santiago Tamazola
16.202749,-98.265091,20485,42000000-0000-0000-0000-000000001500,40000000-0000-0000-0000-000000000020,Santiago Tapextla
17.400152,-97.282468,20486,42000000-0000-0000-0000-000000001501,40000000-0000-0000-0000-000000000020,Villa Tejupam de la Union
17.192971,-97.001477,20487,42000000-0000-0000-0000-000000001502,40000000-0000-0000-0000-000000000020,Santiago Tenango
17.465735,-97.240553,20488,42000000-0000-0000-0000-000000001503,40000000-0000-0000-0000-000000000020,Santiago Tepetlapa
16.192018,-97.445371,20489,42000000-0000-0000-0000-000000001504,40000000-0000-0000-0000-000000000020,Santiago Tetepec
18.12295,-96.580757,20490,42000000-0000-0000-0000-000000001505,40000000-0000-0000-0000-000000000020,Santiago Texcalcingo
16.413381,-97.153715,20491,42000000-0000-0000-0000-000000001506,40000000-0000-0000-0000-000000000020,Santiago Textitlan
17.165908,-97.202329,20492,42000000-0000-0000-0000-000000001507,40000000-0000-0000-0000-000000000020,Santiago Tilantongo
17.273703,-97.1911,20493,42000000-0000-0000-0000-000000001508,40000000-0000-0000-0000-000000000020,Santiago Tillo
17.013685,-96.594378,20494,42000000-0000-0000-0000-000000001509,40000000-0000-0000-0000-000000000020,Santiago Tlazoyaltepec
16.003409,-96.132973,20495,42000000-0000-0000-0000-000000001510,40000000-0000-0000-0000-000000000020,Santiago Xanica
17.173523,-96.255386,20496,42000000-0000-0000-0000-000000001511,40000000-0000-0000-0000-000000000020,Santiago Xiacui
16.133206,-97.16097,20497,42000000-0000-0000-0000-000000001512,40000000-0000-0000-0000-000000000020,Santiago Yaitepec
17.200898,-95.420249,20498,42000000-0000-0000-0000-000000001513,40000000-0000-0000-0000-000000000020,Santiago Yaveo
17.281536,-97.34111,20499,42000000-0000-0000-0000-000000001514,40000000-0000-0000-0000-000000000020,Santiago Yolomecatl
16.522416,-97.343579,20500,42000000-0000-0000-0000-000000001515,40000000-0000-0000-0000-000000000020,Santiago Yosondua
17.362953,-98.114706,20501,42000000-0000-0000-0000-000000001516,40000000-0000-0000-0000-000000000020,Santiago Yucuyachi
17.093382,-95.545386,20502,42000000-0000-0000-0000-000000001517,40000000-0000-0000-0000-000000000020,Santiago Zacatepec
17.131404,-96.14317,20503,42000000-0000-0000-0000-000000001518,40000000-0000-0000-0000-000000000020,Santiago Zoochila
17.172876,-96.371194,20504,42000000-0000-0000-0000-000000001519,40000000-0000-0000-0000-000000000020,Nuevo Zoquiapam
16.351857,-94.460707,20505,42000000-0000-0000-0000-000000001520,40000000-0000-0000-0000-000000000020,Santo Domingo Ingenio
17.040496,-96.120034,20506,42000000-0000-0000-0000-000000001521,40000000-0000-0000-0000-000000000020,Santo Domingo Albarradas
16.19587,-98.224135,20507,42000000-0000-0000-0000-000000001522,40000000-0000-0000-0000-000000000020,Santo Domingo Armenta
16.353079,-95.094453,20508,42000000-0000-0000-0000-000000001523,40000000-0000-0000-0000-000000000020,Santo Domingo Chihuitan
15.495882,-96.400508,20509,42000000-0000-0000-0000-000000001524,40000000-0000-0000-0000-000000000020,Santo Domingo de Morelos
16.545014,-97.315496,20510,42000000-0000-0000-0000-000000001525,40000000-0000-0000-0000-000000000020,Santo Domingo Ixcatlan
17.131883,-97.071456,20511,42000000-0000-0000-0000-000000001526,40000000-0000-0000-0000-000000000020,Santo Domingo Nuxaa
16.090313,-96.183744,20512,42000000-0000-0000-0000-000000001527,40000000-0000-0000-0000-000000000020,Santo Domingo Ozolotepec
16.491441,-95.082552,20513,42000000-0000-0000-0000-000000001528,40000000-0000-0000-0000-000000000020,Santo Domingo Petapa
17.201547,-96.065246,20514,42000000-0000-0000-0000-000000001529,40000000-0000-0000-0000-000000000020,Santo Domingo Roayaga
16.195541,-95.135538,20515,42000000-0000-0000-0000-000000001530,40000000-0000-0000-0000-000000000020,Santo Domingo Tehuantepec
16.352185,-97.133428,20516,42000000-0000-0000-0000-000000001531,40000000-0000-0000-0000-000000000020,Santo Domingo Teojomulco
16.572479,-96.031946,20517,42000000-0000-0000-0000-000000001532,40000000-0000-0000-0000-000000000020,Santo Domingo Tepuxtepec
17.242688,-97.204928,20518,42000000-0000-0000-0000-000000001533,40000000-0000-0000-0000-000000000020,Santo Domingo Tlatayapam
17.033751,-96.372769,20519,42000000-0000-0000-0000-000000001534,40000000-0000-0000-0000-000000000020,Santo Domingo Tomaltepec
17.40286,-97.575016,20520,42000000-0000-0000-0000-000000001535,40000000-0000-0000-0000-000000000020,Santo Domingo Tonala
17.363909,-97.21363,20521,42000000-0000-0000-0000-000000001536,40000000-0000-0000-0000-000000000020,Santo Domingo Tonaltepec
17.091995,-96.160466,20522,42000000-0000-0000-0000-000000001537,40000000-0000-0000-0000-000000000020,Santo Domingo Xagacia
17.314095,-97.203231,20523,42000000-0000-0000-0000-000000001538,40000000-0000-0000-0000-000000000020,Santo Domingo Yanhuitlan
17.370079,-97.405888,20524,42000000-0000-0000-0000-000000001539,40000000-0000-0000-0000-000000000020,Santo Domingo Yodohino
16.285809,-94.211405,20525,42000000-0000-0000-0000-000000001540,40000000-0000-0000-0000-000000000020,Santo Domingo Zanatepec
16.062435,-97.084001,20526,42000000-0000-0000-0000-000000001541,40000000-0000-0000-0000-000000000020,Santos Reyes Nopala
17.481676,-96.513916,20527,42000000-0000-0000-0000-000000001542,40000000-0000-0000-0000-000000000020,Santos Reyes Papalo
17.261592,-97.561796,20528,42000000-0000-0000-0000-000000001543,40000000-0000-0000-0000-000000000020,Santos Reyes Tepejillo
17.463987,-98.00163,20529,42000000-0000-0000-0000-000000001544,40000000-0000-0000-0000-000000000020,Santos Reyes Yucuna
16.503976,-96.401572,20530,42000000-0000-0000-0000-000000001545,40000000-0000-0000-0000-000000000020,Santo Tomas Jalieza
17.10247,-96.521752,20531,42000000-0000-0000-0000-000000001546,40000000-0000-0000-0000-000000000020,Santo Tomas Mazaltepec
17.084292,-97.454429,20532,42000000-0000-0000-0000-000000001547,40000000-0000-0000-0000-000000000020,Santo Tomas Ocotepec
16.161932,-96.350898,20533,42000000-0000-0000-0000-000000001548,40000000-0000-0000-0000-000000000020,Santo Tomas Tamazulapan
16.231279,-96.504184,20534,42000000-0000-0000-0000-000000001549,40000000-0000-0000-0000-000000000020,San Vicente Coatlan
16.421564,-97.01103,20535,42000000-0000-0000-0000-000000001550,40000000-0000-0000-0000-000000000020,San Vicente Lachixio
17.272434,-97.263222,20536,42000000-0000-0000-0000-000000001551,40000000-0000-0000-0000-000000000020,San Vicente Nunu
17.300521,-98.083331,20537,42000000-0000-0000-0000-000000001552,40000000-0000-0000-0000-000000000020,Silacayoapam
16.210373,-96.315737,20538,42000000-0000-0000-0000-000000001553,40000000-0000-0000-0000-000000000020,Sitio de Xitlapehua
17.101806,-96.491473,20539,42000000-0000-0000-0000-000000001554,40000000-0000-0000-0000-000000000020,Soledad Etla
17.402303,-97.342225,20540,42000000-0000-0000-0000-000000001555,40000000-0000-0000-0000-000000000020,Villa de Tamazulapam del Progreso
17.223624,-96.180805,20541,42000000-0000-0000-0000-000000001556,40000000-0000-0000-0000-000000000020,Tanetze de Zaragoza
16.340107,-96.451289,20542,42000000-0000-0000-0000-000000001557,40000000-0000-0000-0000-000000000020,Taniche
16.182306,-97.324585,20543,42000000-0000-0000-0000-000000001558,40000000-0000-0000-0000-000000000020,Tataltepec de Valdes
17.210716,-96.36538,20544,42000000-0000-0000-0000-000000001559,40000000-0000-0000-0000-000000000020,Teococuilco de Marcos Perez
18.07564,-97.041454,20545,42000000-0000-0000-0000-000000001560,40000000-0000-0000-0000-000000000020,Teotitlan de Flores Magon
17.014649,-96.310822,20546,42000000-0000-0000-0000-000000001561,40000000-0000-0000-0000-000000000020,Teotitlan del Valle
17.433476,-97.321217,20547,42000000-0000-0000-0000-000000001562,40000000-0000-0000-0000-000000000020,Teotongo
17.52293,-97.214391,20548,42000000-0000-0000-0000-000000001563,40000000-0000-0000-0000-000000000020,Tepelmeme Villa de Morelos
17.391608,-97.483002,20549,42000000-0000-0000-0000-000000001564,40000000-0000-0000-0000-000000000020,"Heroica Villa Tezoatlan de Segura y Luna, Cuna de la Independencia de Oaxaca"
17.003192,-96.345187,20550,42000000-0000-0000-0000-000000001565,40000000-0000-0000-0000-000000000020,San Jeronimo Tlacochahuaya
16.572025,-96.284517,20551,42000000-0000-0000-0000-000000001566,40000000-0000-0000-0000-000000000020,Tlacolula de Matamoros
17.51028,-97.255819,20552,42000000-0000-0000-0000-000000001567,40000000-0000-0000-0000-000000000020,Tlacotepec Plumas
17.042814,-96.38543,20553,42000000-0000-0000-0000-000000001568,40000000-0000-0000-0000-000000000020,Tlalixtac de Cabrera
17.153108,-96.013848,20554,42000000-0000-0000-0000-000000001569,40000000-0000-0000-0000-000000000020,Totontepec Villa de Morelos
16.551642,-96.455524,20555,42000000-0000-0000-0000-000000001570,40000000-0000-0000-0000-000000000020,Trinidad Zaachila
17.462147,-97.302071,20556,42000000-0000-0000-0000-000000001571,40000000-0000-0000-0000-000000000020,La Trinidad Vista Hermosa
16.282217,-94.494418,20557,42000000-0000-0000-0000-000000001572,40000000-0000-0000-0000-000000000020,Union Hidalgo
17.461817,-96.58488,20558,42000000-0000-0000-0000-000000001573,40000000-0000-0000-0000-000000000020,Valerio Trujano
17.462983,-96.181456,20559,42000000-0000-0000-0000-000000001574,40000000-0000-0000-0000-000000000020,San Juan Bautista Valle Nacional
16.595477,-96.255713,20560,42000000-0000-0000-0000-000000001575,40000000-0000-0000-0000-000000000020,Villa Diaz Ordaz
16.433046,-96.282092,20561,42000000-0000-0000-0000-000000001576,40000000-0000-0000-0000-000000000020,Yaxe
17.230634,-97.211791,20562,42000000-0000-0000-0000-000000001577,40000000-0000-0000-0000-000000000020,Magdalena Yodocono de Porfirio Diaz
16.274037,-96.47188,20563,42000000-0000-0000-0000-000000001578,40000000-0000-0000-0000-000000000020,Yogana
17.022204,-97.1751,20564,42000000-0000-0000-0000-000000001579,40000000-0000-0000-0000-000000000020,Yutanduchi de Guerrero
16.570258,-96.450212,20565,42000000-0000-0000-0000-000000001580,40000000-0000-0000-0000-000000000020,Villa de Zaachila
16.523493,-97.141996,20566,42000000-0000-0000-0000-000000001581,40000000-0000-0000-0000-000000000020,San Mateo Yucutindoo
17.451971,-98.232247,20567,42000000-0000-0000-0000-000000001582,40000000-0000-0000-0000-000000000020,Zapotitlan Lagunas
17.532351,-97.490533,20568,42000000-0000-0000-0000-000000001583,40000000-0000-0000-0000-000000000020,Zapotitlan Palmas
17.134261,-97.093321,20569,42000000-0000-0000-0000-000000001584,40000000-0000-0000-0000-000000000020,Santa Ines de Zaragoza
16.520007,-96.470828,20570,42000000-0000-0000-0000-000000001585,40000000-0000-0000-0000-000000000020,Zimatlan de Alvarez
19.061779,-97.570977,21001,42000000-0000-0000-0000-000000001586,40000000-0000-0000-0000-000000000021,Acajete
20.074766,-97.123745,21002,42000000-0000-0000-0000-000000001587,40000000-0000-0000-0000-000000000021,Acateno
18.120829,-98.025498,21003,42000000-0000-0000-0000-000000001588,40000000-0000-0000-0000-000000000021,Acatlan
18.584604,-97.470766,21004,42000000-0000-0000-0000-000000001589,40000000-0000-0000-0000-000000000021,Acatzingo
18.455407,-98.425505,21005,42000000-0000-0000-0000-000000001590,40000000-0000-0000-0000-000000000021,Acteopan
20.001968,-97.513852,21006,42000000-0000-0000-0000-000000001591,40000000-0000-0000-0000-000000000021,Ahuacatlan
18.342284,-98.151883,21007,42000000-0000-0000-0000-000000001592,40000000-0000-0000-0000-000000000021,Ahuatlan
20.024577,-98.094445,21008,42000000-0000-0000-0000-000000001593,40000000-0000-0000-0000-000000000021,Ahuazotepec
18.123876,-98.131688,21009,42000000-0000-0000-0000-000000001594,40000000-0000-0000-0000-000000000021,Ahuehuetitla
18.223913,-97.15299,21010,42000000-0000-0000-0000-000000001595,40000000-0000-0000-0000-000000000021,Ajalpan
18.01022,-98.322457,21011,42000000-0000-0000-0000-000000001596,40000000-0000-0000-0000-000000000021,Albino Zertuche
19.060146,-97.315281,21012,42000000-0000-0000-0000-000000001597,40000000-0000-0000-0000-000000000021,Aljojuca
18.220036,-97.175705,21013,42000000-0000-0000-0000-000000001598,40000000-0000-0000-0000-000000000021,Altepexi
20.025797,-97.47561,21014,42000000-0000-0000-0000-000000001599,40000000-0000-0000-0000-000000000021,Amixtlan
19.024061,-98.02417,21015,42000000-0000-0000-0000-000000001600,40000000-0000-0000-0000-000000000021,Amozoc
19.474808,-97.56119,21016,42000000-0000-0000-0000-000000001601,40000000-0000-0000-0000-000000000021,Aquixtla
19.502364,-97.27334,21017,42000000-0000-0000-0000-000000001602,40000000-0000-0000-0000-000000000021,Atempan
18.235406,-97.441254,21018,42000000-0000-0000-0000-000000001603,40000000-0000-0000-0000-000000000021,Atexcal
18.543185,-98.2603,21019,42000000-0000-0000-0000-000000001604,40000000-0000-0000-0000-000000000021,Atlixco
18.492124,-97.54495,21020,42000000-0000-0000-0000-000000001605,40000000-0000-0000-0000-000000000021,Atoyatempan
18.324135,-98.331539,21021,42000000-0000-0000-0000-000000001606,40000000-0000-0000-0000-000000000021,Atzala
18.492536,-98.345751,21022,42000000-0000-0000-0000-000000001607,40000000-0000-0000-0000-000000000021,Atzitzihuacan
18.535058,-97.19386,21023,42000000-0000-0000-0000-000000001608,40000000-0000-0000-0000-000000000021,Atzitzintla
18.111879,-98.232185,21024,42000000-0000-0000-0000-000000001609,40000000-0000-0000-0000-000000000021,Axutla
20.054977,-97.243789,21025,42000000-0000-0000-0000-000000001610,40000000-0000-0000-0000-000000000021,Ayotoxco de Guerrero
19.062858,-98.273326,21026,42000000-0000-0000-0000-000000001611,40000000-0000-0000-0000-000000000021,Calpan
18.105631,-97.284573,21027,42000000-0000-0000-0000-000000001612,40000000-0000-0000-0000-000000000021,Caltepec
20.021856,-97.452782,21028,42000000-0000-0000-0000-000000001613,40000000-0000-0000-0000-000000000021,Camocuautla
20.035025,-97.362382,21029,42000000-0000-0000-0000-000000001614,40000000-0000-0000-0000-000000000021,Caxhuacan
20.034372,-97.435616,21030,42000000-0000-0000-0000-000000001615,40000000-0000-0000-0000-000000000021,Coatepec
18.365452,-98.102718,21031,42000000-0000-0000-0000-000000001616,40000000-0000-0000-0000-000000000021,Coatzingo
18.122311,-98.48212,21032,42000000-0000-0000-0000-000000001617,40000000-0000-0000-0000-000000000021,Cohetzala
18.465954,-98.431376,21033,42000000-0000-0000-0000-000000001618,40000000-0000-0000-0000-000000000021,Cohuecan
19.075197,-98.182907,21034,42000000-0000-0000-0000-000000001619,40000000-0000-0000-0000-000000000021,Coronango
18.155952,-97.084961,21035,42000000-0000-0000-0000-000000001620,40000000-0000-0000-0000-000000000021,Coxcatlan
18.170149,-96.5933,21036,42000000-0000-0000-0000-000000001621,40000000-0000-0000-0000-000000000021,Coyomeapan
18.24159,-97.495081,21037,42000000-0000-0000-0000-000000001622,40000000-0000-0000-0000-000000000021,Coyotepec
18.550074,-97.493107,21038,42000000-0000-0000-0000-000000001623,40000000-0000-0000-0000-000000000021,Cuapiaxtla de Madero
19.54455,-97.474647,21039,42000000-0000-0000-0000-000000001624,40000000-0000-0000-0000-000000000021,Cuautempan
18.572057,-98.005752,21040,42000000-0000-0000-0000-000000001625,40000000-0000-0000-0000-000000000021,Cuautinchan
19.052165,-98.162392,21041,42000000-0000-0000-0000-000000001626,40000000-0000-0000-0000-000000000021,Cuautlancingo
18.291199,-98.110191,21042,42000000-0000-0000-0000-000000001627,40000000-0000-0000-0000-000000000021,Cuayuca de Andrade
20.010667,-97.311477,21043,42000000-0000-0000-0000-000000001628,40000000-0000-0000-0000-000000000021,Cuetzalan del Progreso
19.361922,-97.371867,21044,42000000-0000-0000-0000-000000001629,40000000-0000-0000-0000-000000000021,Cuyoaco
18.591774,-97.265459,21045,42000000-0000-0000-0000-000000001630,40000000-0000-0000-0000-000000000021,Chalchicomula de Sesma
18.371376,-97.24402,21046,42000000-0000-0000-0000-000000001631,40000000-0000-0000-0000-000000000021,Chapulco
18.175874,-98.361001,21047,42000000-0000-0000-0000-000000001632,40000000-0000-0000-0000-000000000021,Chiautla
19.121049,-98.280573,21048,42000000-0000-0000-0000-000000001633,40000000-0000-0000-0000-000000000021,Chiautzingo
20.054116,-97.562265,21049,42000000-0000-0000-0000-000000001634,40000000-0000-0000-0000-000000000021,Chiconcuautla
19.120093,-97.040376,21050,42000000-0000-0000-0000-000000001635,40000000-0000-0000-0000-000000000021,Chichiquila
18.310971,-98.344207,21051,42000000-0000-0000-0000-000000001636,40000000-0000-0000-0000-000000000021,Chietla
18.384404,-98.043224,21052,42000000-0000-0000-0000-000000001637,40000000-0000-0000-0000-000000000021,Chigmecatitlan
19.50176,-98.015151,21053,42000000-0000-0000-0000-000000001638,40000000-0000-0000-0000-000000000021,Chignahuapan
19.485008,-97.232252,21054,42000000-0000-0000-0000-000000001639,40000000-0000-0000-0000-000000000021,Chignautla
17.581206,-97.514198,21055,42000000-0000-0000-0000-000000001640,40000000-0000-0000-0000-000000000021,Chila
18.063276,-98.290356,21056,42000000-0000-0000-0000-000000001641,40000000-0000-0000-0000-000000000021,Chila de la Sal
20.142117,-98.12437,21057,42000000-0000-0000-0000-000000001642,40000000-0000-0000-0000-000000000021,Honey
19.151873,-97.110202,21058,42000000-0000-0000-0000-000000001643,40000000-0000-0000-0000-000000000021,Chilchotla
18.120181,-98.154739,21059,42000000-0000-0000-0000-000000001644,40000000-0000-0000-0000-000000000021,Chinantla
19.08313,-98.272703,21060,42000000-0000-0000-0000-000000001645,40000000-0000-0000-0000-000000000021,Domingo Arenas
18.295621,-96.571741,21061,42000000-0000-0000-0000-000000001646,40000000-0000-0000-0000-000000000021,Eloxochitlan
18.383043,-98.221484,21062,42000000-0000-0000-0000-000000001647,40000000-0000-0000-0000-000000000021,Epatlan
18.513009,-97.223046,21063,42000000-0000-0000-0000-000000001648,40000000-0000-0000-0000-000000000021,Esperanza
20.44013,-97.51077,21064,42000000-0000-0000-0000-000000001649,40000000-0000-0000-0000-000000000021,Francisco Z. Mena
18.593627,-97.423166,21065,42000000-0000-0000-0000-000000001650,40000000-0000-0000-0000-000000000021,General Felipe Angeles
18.052928,-98.071352,21066,42000000-0000-0000-0000-000000001651,40000000-0000-0000-0000-000000000021,Guadalupe
19.172323,-97.20337,21067,42000000-0000-0000-0000-000000001652,40000000-0000-0000-0000-000000000021,Guadalupe Victoria
20.071824,-97.444064,21068,42000000-0000-0000-0000-000000001653,40000000-0000-0000-0000-000000000021,Hermenegildo Galeana
18.461455,-98.322952,21069,42000000-0000-0000-0000-000000001654,40000000-0000-0000-0000-000000000021,Huaquechula
18.404359,-98.030278,21070,42000000-0000-0000-0000-000000001655,40000000-0000-0000-0000-000000000021,Huatlatlauca
20.102891,-98.030482,21071,42000000-0000-0000-0000-000000001656,40000000-0000-0000-0000-000000000021,Huauchinango
20.06149,-97.372964,21072,42000000-0000-0000-0000-000000001657,40000000-0000-0000-0000-000000000021,Huehuetla
18.22234,-98.411661,21073,42000000-0000-0000-0000-000000001658,40000000-0000-0000-0000-000000000021,Huehuetlan el Chico
19.093238,-98.242927,21074,42000000-0000-0000-0000-000000001659,40000000-0000-0000-0000-000000000021,Huejotzingo
19.525721,-97.264511,21075,42000000-0000-0000-0000-000000001660,40000000-0000-0000-0000-000000000021,Hueyapan
19.562212,-97.172055,21076,42000000-0000-0000-0000-000000001661,40000000-0000-0000-0000-000000000021,Hueytamalco
20.013264,-97.415524,21077,42000000-0000-0000-0000-000000001662,40000000-0000-0000-0000-000000000021,Hueytlalpan
19.575836,-97.413717,21078,42000000-0000-0000-0000-000000001663,40000000-0000-0000-0000-000000000021,Huitzilan de Serdan
18.46099,-97.5251,21079,42000000-0000-0000-0000-000000001664,40000000-0000-0000-0000-000000000021,Huitziltepec
20.005043,-97.372671,21080,42000000-0000-0000-0000-000000001665,40000000-0000-0000-0000-000000000021,Atlequizayan
18.013736,-98.414766,21081,42000000-0000-0000-0000-000000001666,40000000-0000-0000-0000-000000000021,Ixcamilpa de Guerrero
18.273634,-97.495645,21082,42000000-0000-0000-0000-000000001667,40000000-0000-0000-0000-000000000021,Ixcaquixtla
19.372497,-97.485965,21083,42000000-0000-0000-0000-000000001668,40000000-0000-0000-0000-000000000021,Ixtacamaxtitlan
20.012977,-97.384841,21084,42000000-0000-0000-0000-000000001669,40000000-0000-0000-0000-000000000021,Ixtepec
18.360803,-98.275546,21085,42000000-0000-0000-0000-000000001670,40000000-0000-0000-0000-000000000021,Izucar de Matamoros
20.284835,-97.563347,21086,42000000-0000-0000-0000-000000001671,40000000-0000-0000-0000-000000000021,Jalpan
18.191386,-98.503947,21087,42000000-0000-0000-0000-000000001672,40000000-0000-0000-0000-000000000021,Jolalpan
20.014937,-97.342966,21088,42000000-0000-0000-0000-000000001673,40000000-0000-0000-0000-000000000021,Jonotla
20.094608,-97.413451,21089,42000000-0000-0000-0000-000000001674,40000000-0000-0000-0000-000000000021,Jopala
19.06385,-98.194452,21090,42000000-0000-0000-0000-000000001675,40000000-0000-0000-0000-000000000021,Juan C. Bonilla
20.12435,-98.000771,21091,42000000-0000-0000-0000-000000001676,40000000-0000-0000-0000-000000000021,Juan Galindo
18.322402,-97.462024,21092,42000000-0000-0000-0000-000000001677,40000000-0000-0000-0000-000000000021,Juan N. Mendez
19.174792,-97.175636,21093,42000000-0000-0000-0000-000000001678,40000000-0000-0000-0000-000000000021,Lafragua
19.275304,-97.411581,21094,42000000-0000-0000-0000-000000001679,40000000-0000-0000-0000-000000000021,Libres
18.453067,-98.060252,21095,42000000-0000-0000-0000-000000001680,40000000-0000-0000-0000-000000000021,La Magdalena Tlatlauquitepec
19.070935,-97.421261,21096,42000000-0000-0000-0000-000000001681,40000000-0000-0000-0000-000000000021,Mazapiltepec de Juarez
18.541109,-97.534375,21097,42000000-0000-0000-0000-000000001682,40000000-0000-0000-0000-000000000021,Mixtla
18.441645,-97.544269,21098,42000000-0000-0000-0000-000000001683,40000000-0000-0000-0000-000000000021,Molcaxac
18.441318,-97.251955,21099,42000000-0000-0000-0000-000000001684,40000000-0000-0000-0000-000000000021,Canada Morelos
20.13425,-98.063504,21100,42000000-0000-0000-0000-000000001685,40000000-0000-0000-0000-000000000021,Naupan
19.573254,-97.361123,21101,42000000-0000-0000-0000-000000001686,40000000-0000-0000-0000-000000000021,Nauzontla
19.030341,-98.253983,21102,42000000-0000-0000-0000-000000001687,40000000-0000-0000-0000-000000000021,Nealtican
18.36476,-97.182037,21103,42000000-0000-0000-0000-000000001688,40000000-0000-0000-0000-000000000021,Nicolas Bravo
19.125771,-97.492474,21104,42000000-0000-0000-0000-000000001689,40000000-0000-0000-0000-000000000021,Nopalucan
19.331979,-97.385718,21105,42000000-0000-0000-0000-000000001690,40000000-0000-0000-0000-000000000021,Ocotepec
18.583674,-98.180917,21106,42000000-0000-0000-0000-000000001691,40000000-0000-0000-0000-000000000021,Ocoyucan
20.06064,-97.410506,21107,42000000-0000-0000-0000-000000001692,40000000-0000-0000-0000-000000000021,Olintla
19.223289,-97.370966,21108,42000000-0000-0000-0000-000000001693,40000000-0000-0000-0000-000000000021,Oriental
20.163261,-98.085968,21109,42000000-0000-0000-0000-000000001694,40000000-0000-0000-0000-000000000021,Pahuatlan
18.500934,-97.325102,21110,42000000-0000-0000-0000-000000001695,40000000-0000-0000-0000-000000000021,Palmar de Bravo
20.311855,-97.561857,21111,42000000-0000-0000-0000-000000001696,40000000-0000-0000-0000-000000000021,Pantepec
18.045593,-97.550425,21112,42000000-0000-0000-0000-000000001697,40000000-0000-0000-0000-000000000021,Petlalcingo
18.115552,-98.153652,21113,42000000-0000-0000-0000-000000001698,40000000-0000-0000-0000-000000000021,Piaxtla
19.023836,-98.115098,21114,42000000-0000-0000-0000-000000001699,40000000-0000-0000-0000-000000000021,Puebla
18.571823,-97.393762,21115,42000000-0000-0000-0000-000000001700,40000000-0000-0000-0000-000000000021,Quecholac
19.151174,-97.080844,21116,42000000-0000-0000-0000-000000001701,40000000-0000-0000-0000-000000000021,Quimixtlan
19.133138,-97.481638,21117,42000000-0000-0000-0000-000000001702,40000000-0000-0000-0000-000000000021,Rafael Lara Grajales
18.564844,-97.484717,21118,42000000-0000-0000-0000-000000001703,40000000-0000-0000-0000-000000000021,Los Reyes de Juarez
19.03034,-98.180236,21119,42000000-0000-0000-0000-000000001704,40000000-0000-0000-0000-000000000021,San Andres Cholula
18.295042,-97.172401,21120,42000000-0000-0000-0000-000000001705,40000000-0000-0000-0000-000000000021,San Antonio Canada
18.483451,-98.195305,21121,42000000-0000-0000-0000-000000001706,40000000-0000-0000-0000-000000000021,San Diego la Mesa Tochimiltzingo
19.140861,-98.294364,21122,42000000-0000-0000-0000-000000001707,40000000-0000-0000-0000-000000000021,San Felipe Teotlalcingo
20.052881,-97.47462,21123,42000000-0000-0000-0000-000000001708,40000000-0000-0000-0000-000000000021,San Felipe Tepatlan
18.193458,-97.205273,21124,42000000-0000-0000-0000-000000001709,40000000-0000-0000-0000-000000000021,San Gabriel Chilac
19.013607,-98.204476,21125,42000000-0000-0000-0000-000000001710,40000000-0000-0000-0000-000000000021,San Gregorio Atzompa
19.005188,-98.240345,21126,42000000-0000-0000-0000-000000001711,40000000-0000-0000-0000-000000000021,San Jeronimo Tecuanipan
18.131657,-97.545161,21127,42000000-0000-0000-0000-000000001712,40000000-0000-0000-0000-000000000021,San Jeronimo Xayacatlan
19.143145,-97.46078,21128,42000000-0000-0000-0000-000000001713,40000000-0000-0000-0000-000000000021,San Jose Chiapa
18.172486,-97.171556,21129,42000000-0000-0000-0000-000000001714,40000000-0000-0000-0000-000000000021,San Jose Miahuatlan
19.052394,-97.322704,21130,42000000-0000-0000-0000-000000001715,40000000-0000-0000-0000-000000000021,San Juan Atenco
18.444594,-98.012753,21131,42000000-0000-0000-0000-000000001716,40000000-0000-0000-0000-000000000021,San Juan Atzompa
19.165847,-98.260786,21132,42000000-0000-0000-0000-000000001717,40000000-0000-0000-0000-000000000021,San Martin Texmelucan
18.385713,-98.204704,21133,42000000-0000-0000-0000-000000001718,40000000-0000-0000-0000-000000000021,San Martin Totoltepec
19.192794,-98.295339,21134,42000000-0000-0000-0000-000000001719,40000000-0000-0000-0000-000000000021,San Matias Tlalancaleca
17.595827,-97.462433,21135,42000000-0000-0000-0000-000000001720,40000000-0000-0000-0000-000000000021,San Miguel Ixitlan
19.100589,-98.183492,21136,42000000-0000-0000-0000-000000001721,40000000-0000-0000-0000-000000000021,San Miguel Xoxtla
19.094283,-97.325428,21137,42000000-0000-0000-0000-000000001722,40000000-0000-0000-0000-000000000021,San Nicolas Buenos Aires
19.042132,-98.290851,21138,42000000-0000-0000-0000-000000001723,40000000-0000-0000-0000-000000000021,San Nicolas de los Ranchos
18.072804,-98.050252,21139,42000000-0000-0000-0000-000000001724,40000000-0000-0000-0000-000000000021,San Pablo Anicano
19.034494,-98.182702,21140,42000000-0000-0000-0000-000000001725,40000000-0000-0000-0000-000000000021,San Pedro Cholula
18.070158,-98.044116,21141,42000000-0000-0000-0000-000000001726,40000000-0000-0000-0000-000000000021,San Pedro Yeloixtlahuaca
19.080508,-97.38339,21142,42000000-0000-0000-0000-000000001727,40000000-0000-0000-0000-000000000021,San Salvador el Seco
19.160847,-98.31018,21143,42000000-0000-0000-0000-000000001728,40000000-0000-0000-0000-000000000021,San Salvador el Verde
18.55142,-97.461844,21144,42000000-0000-0000-0000-000000001729,40000000-0000-0000-0000-000000000021,San Salvador Huixcolotla
18.241673,-96.51022,21145,42000000-0000-0000-0000-000000001730,40000000-0000-0000-0000-000000000021,San Sebastian Tlacotepec
18.365135,-98.044764,21146,42000000-0000-0000-0000-000000001731,40000000-0000-0000-0000-000000000021,Santa Catarina Tlaltempan
18.244578,-98.01037,21147,42000000-0000-0000-0000-000000001732,40000000-0000-0000-0000-000000000021,Santa Ines Ahuatempan
18.594047,-98.224526,21148,42000000-0000-0000-0000-000000001733,40000000-0000-0000-0000-000000000021,Santa Isabel Cholula
18.331136,-97.263067,21149,42000000-0000-0000-0000-000000001734,40000000-0000-0000-0000-000000000021,Santiago Miahuatlan
18.44179,-98.100448,21150,42000000-0000-0000-0000-000000001735,40000000-0000-0000-0000-000000000021,Huehuetlan el Grande
18.532792,-97.520203,21151,42000000-0000-0000-0000-000000001736,40000000-0000-0000-0000-000000000021,Santo Tomas Hueyotlipan
19.070922,-97.42304,21152,42000000-0000-0000-0000-000000001737,40000000-0000-0000-0000-000000000021,Soltepec
18.540372,-97.580889,21153,42000000-0000-0000-0000-000000001738,40000000-0000-0000-0000-000000000021,Tecali de Herrera
18.530489,-97.43423,21154,42000000-0000-0000-0000-000000001739,40000000-0000-0000-0000-000000000021,Tecamachalco
18.063946,-98.185174,21155,42000000-0000-0000-0000-000000001740,40000000-0000-0000-0000-000000000021,Tecomatlan
18.274386,-97.23312,21156,42000000-0000-0000-0000-000000001741,40000000-0000-0000-0000-000000000021,Tehuacan
18.195417,-98.163405,21157,42000000-0000-0000-0000-000000001742,40000000-0000-0000-0000-000000000021,Tehuitzingo
20.101675,-97.241949,21158,42000000-0000-0000-0000-000000001743,40000000-0000-0000-0000-000000000021,Tenampulco
18.424773,-98.154453,21159,42000000-0000-0000-0000-000000001744,40000000-0000-0000-0000-000000000021,Teopantlan
18.281064,-98.464177,21160,42000000-0000-0000-0000-000000001745,40000000-0000-0000-0000-000000000021,Teotlalco
18.331825,-97.334139,21161,42000000-0000-0000-0000-000000001746,40000000-0000-0000-0000-000000000021,Tepanco de Lopez
20.001013,-97.474657,21162,42000000-0000-0000-0000-000000001747,40000000-0000-0000-0000-000000000021,Tepango de Rodriguez
19.043829,-97.575982,21163,42000000-0000-0000-0000-000000001748,40000000-0000-0000-0000-000000000021,Tepatlaxco de Hidalgo
18.575808,-97.541956,21164,42000000-0000-0000-0000-000000001749,40000000-0000-0000-0000-000000000021,Tepeaca
18.440817,-98.37446,21165,42000000-0000-0000-0000-000000001750,40000000-0000-0000-0000-000000000021,Tepemaxalco
18.432082,-98.270104,21166,42000000-0000-0000-0000-000000001751,40000000-0000-0000-0000-000000000021,Tepeojuma
19.580151,-97.502751,21167,42000000-0000-0000-0000-000000001752,40000000-0000-0000-0000-000000000021,Tepetzintla
18.382988,-98.412587,21168,42000000-0000-0000-0000-000000001753,40000000-0000-0000-0000-000000000021,Tepexco
18.345166,-97.553429,21169,42000000-0000-0000-0000-000000001754,40000000-0000-0000-0000-000000000021,Tepexi de Rodriguez
19.293122,-97.293211,21170,42000000-0000-0000-0000-000000001755,40000000-0000-0000-0000-000000000021,Tepeyahualco
18.484734,-97.52409,21171,42000000-0000-0000-0000-000000001756,40000000-0000-0000-0000-000000000021,Tepeyahualco de Cuauhtemoc
19.490033,-97.48215,21172,42000000-0000-0000-0000-000000001757,40000000-0000-0000-0000-000000000021,Tetela de Ocampo
19.512984,-97.272575,21173,42000000-0000-0000-0000-000000001758,40000000-0000-0000-0000-000000000021,Teteles de Avila Castillo
19.490477,-97.213916,21174,42000000-0000-0000-0000-000000001759,40000000-0000-0000-0000-000000000021,Teziutlan
18.583993,-98.265359,21175,42000000-0000-0000-0000-000000001760,40000000-0000-0000-0000-000000000021,Tianguismanalco
18.352969,-98.332308,21176,42000000-0000-0000-0000-000000001761,40000000-0000-0000-0000-000000000021,Tilapa
18.405796,-97.391274,21177,42000000-0000-0000-0000-000000001762,40000000-0000-0000-0000-000000000021,Tlacotepec de Benito Juarez
20.193456,-98.040807,21178,42000000-0000-0000-0000-000000001763,40000000-0000-0000-0000-000000000021,Tlacuilotepec
19.065629,-97.250881,21179,42000000-0000-0000-0000-000000001764,40000000-0000-0000-0000-000000000021,Tlachichuca
19.194981,-98.345664,21180,42000000-0000-0000-0000-000000001765,40000000-0000-0000-0000-000000000021,Tlahuapan
19.101208,-98.203954,21181,42000000-0000-0000-0000-000000001766,40000000-0000-0000-0000-000000000021,Tlaltenango
18.515531,-97.531463,21182,42000000-0000-0000-0000-000000001767,40000000-0000-0000-0000-000000000021,Tlanepantla
20.081333,-97.55274,21183,42000000-0000-0000-0000-000000001768,40000000-0000-0000-0000-000000000021,Tlaola
20.072334,-97.510495,21184,42000000-0000-0000-0000-000000001769,40000000-0000-0000-0000-000000000021,Tlapacoya
18.414612,-98.321606,21185,42000000-0000-0000-0000-000000001770,40000000-0000-0000-0000-000000000021,Tlapanala
19.510479,-97.294801,21186,42000000-0000-0000-0000-000000001771,40000000-0000-0000-0000-000000000021,Tlatlauquitepec
20.252573,-98.014312,21187,42000000-0000-0000-0000-000000001772,40000000-0000-0000-0000-000000000021,Tlaxco
18.533453,-98.34198,21188,42000000-0000-0000-0000-000000001773,40000000-0000-0000-0000-000000000021,Tochimilco
18.502441,-97.49327,21189,42000000-0000-0000-0000-000000001774,40000000-0000-0000-0000-000000000021,Tochtepec
18.132115,-97.511848,21190,42000000-0000-0000-0000-000000001775,40000000-0000-0000-0000-000000000021,Totoltepec de Guerrero
18.024249,-98.262872,21191,42000000-0000-0000-0000-000000001776,40000000-0000-0000-0000-000000000021,Tulcingo
20.035622,-97.343037,21192,42000000-0000-0000-0000-000000001777,40000000-0000-0000-0000-000000000021,Tuzamapan de Galeana
18.502842,-98.025332,21193,42000000-0000-0000-0000-000000001778,40000000-0000-0000-0000-000000000021,Tzicatlacoyan
20.301775,-97.400978,21194,42000000-0000-0000-0000-000000001779,40000000-0000-0000-0000-000000000021,Venustiano Carranza
18.321634,-97.120884,21195,42000000-0000-0000-0000-000000001780,40000000-0000-0000-0000-000000000021,Vicente Guerrero
18.140808,-97.583194,21196,42000000-0000-0000-0000-000000001781,40000000-0000-0000-0000-000000000021,Xayacatlan de Bravo
20.163381,-97.572932,21197,42000000-0000-0000-0000-000000001782,40000000-0000-0000-0000-000000000021,Xicotepec
18.033148,-98.312982,21198,42000000-0000-0000-0000-000000001783,40000000-0000-0000-0000-000000000021,Xicotlan
19.474582,-97.193546,21199,42000000-0000-0000-0000-000000001784,40000000-0000-0000-0000-000000000021,Xiutetelco
19.491639,-97.393132,21200,42000000-0000-0000-0000-000000001785,40000000-0000-0000-0000-000000000021,Xochiapulco
18.39001,-98.203654,21201,42000000-0000-0000-0000-000000001786,40000000-0000-0000-0000-000000000021,Xochiltepec
19.580597,-97.374834,21202,42000000-0000-0000-0000-000000001787,40000000-0000-0000-0000-000000000021,Xochitlan de Vicente Suarez
18.421978,-97.463028,21203,42000000-0000-0000-0000-000000001788,40000000-0000-0000-0000-000000000021,Xochitlan Todos Santos
19.521522,-97.275921,21204,42000000-0000-0000-0000-000000001789,40000000-0000-0000-0000-000000000021,Yaonahuac
18.473585,-97.394633,21205,42000000-0000-0000-0000-000000001790,40000000-0000-0000-0000-000000000021,Yehualtepec
18.352623,-98.035518,21206,42000000-0000-0000-0000-000000001791,40000000-0000-0000-0000-000000000021,Zacapala
19.522293,-97.352239,21207,42000000-0000-0000-0000-000000001792,40000000-0000-0000-0000-000000000021,Zacapoaxtla
19.555651,-97.573688,21208,42000000-0000-0000-0000-000000001793,40000000-0000-0000-0000-000000000021,Zacatlan
18.194695,-97.283152,21209,42000000-0000-0000-0000-000000001794,40000000-0000-0000-0000-000000000021,Zapotitlan
20.000764,-97.425429,21210,42000000-0000-0000-0000-000000001795,40000000-0000-0000-0000-000000000021,Zapotitlan de Mendez
19.461717,-97.332033,21211,42000000-0000-0000-0000-000000001796,40000000-0000-0000-0000-000000000021,Zaragoza
19.425445,-97.402039,21212,42000000-0000-0000-0000-000000001797,40000000-0000-0000-0000-000000000021,Zautla
20.145864,-97.531103,21213,42000000-0000-0000-0000-000000001798,40000000-0000-0000-0000-000000000021,Zihuateutla
18.195977,-97.144349,21214,42000000-0000-0000-0000-000000001799,40000000-0000-0000-0000-000000000021,Zinacatepec
19.58431,-97.433627,21215,42000000-0000-0000-0000-000000001800,40000000-0000-0000-0000-000000000021,Zongozotla
20.003542,-97.354431,21216,42000000-0000-0000-0000-000000001801,40000000-0000-0000-0000-000000000021,Zoquiapan
18.200862,-97.010213,21217,42000000-0000-0000-0000-000000001802,40000000-0000-0000-0000-000000000021,Zoquitlan
20.11112,-100.08391,22001,42000000-0000-0000-0000-000000001803,40000000-0000-0000-0000-000000000022,Amealco de Bonfil
21.080709,-99.373915,22002,42000000-0000-0000-0000-000000001804,40000000-0000-0000-0000-000000000022,Pinal de Amoles
21.325293,-99.4121,22003,42000000-0000-0000-0000-000000001805,40000000-0000-0000-0000-000000000022,Arroyo Seco
20.414208,-99.485628,22004,42000000-0000-0000-0000-000000001806,40000000-0000-0000-0000-000000000022,Cadereyta de Montes
20.471798,-100.024355,22005,42000000-0000-0000-0000-000000001807,40000000-0000-0000-0000-000000000022,Colon
20.330877,-100.264518,22006,42000000-0000-0000-0000-000000001808,40000000-0000-0000-0000-000000000022,Corregidora
20.395506,-99.535426,22007,42000000-0000-0000-0000-000000001809,40000000-0000-0000-0000-000000000022,Ezequiel Montes
20.223088,-100.16276,22008,42000000-0000-0000-0000-000000001810,40000000-0000-0000-0000-000000000022,Huimilpan
21.130049,-99.282248,22009,42000000-0000-0000-0000-000000001811,40000000-0000-0000-0000-000000000022,Jalpan de Serra
21.110044,-99.191889,22010,42000000-0000-0000-0000-000000001812,40000000-0000-0000-0000-000000000022,Landa de Matamoros
20.362365,-100.195195,22011,42000000-0000-0000-0000-000000001813,40000000-0000-0000-0000-000000000022,El Marques
20.300898,-100.084103,22012,42000000-0000-0000-0000-000000001814,40000000-0000-0000-0000-000000000022,Pedro Escobedo
21.031307,-99.485229,22013,42000000-0000-0000-0000-000000001815,40000000-0000-0000-0000-000000000022,Penamiller
20.353621,-100.232385,22014,42000000-0000-0000-0000-000000001816,40000000-0000-0000-0000-000000000022,Queretaro
20.545782,-99.335889,22015,42000000-0000-0000-0000-000000001817,40000000-0000-0000-0000-000000000022,San Joaquin
20.231119,-99.595867,22016,42000000-0000-0000-0000-000000001818,40000000-0000-0000-0000-000000000022,San Juan del Rio
20.310774,-99.530182,22017,42000000-0000-0000-0000-000000001819,40000000-0000-0000-0000-000000000022,Tequisquiapan
20.542934,-99.555088,22018,42000000-0000-0000-0000-000000001820,40000000-0000-0000-0000-000000000022,Toliman
20.301362,-86.572732,23001,42000000-0000-0000-0000-000000001821,40000000-0000-0000-0000-000000000023,Cozumel
19.344264,-88.024771,23002,42000000-0000-0000-0000-000000001822,40000000-0000-0000-0000-000000000023,Felipe Carrillo Puerto
21.152365,-86.444593,23003,42000000-0000-0000-0000-000000001823,40000000-0000-0000-0000-000000000023,Isla Mujeres
18.2938,-88.175244,23004,42000000-0000-0000-0000-000000001824,40000000-0000-0000-0000-000000000023,Othon P. Blanco
21.09411,-86.492932,23005,42000000-0000-0000-0000-000000001825,40000000-0000-0000-0000-000000000023,Benito Juarez
19.250638,-88.494496,23006,42000000-0000-0000-0000-000000001826,40000000-0000-0000-0000-000000000023,Jose Maria Morelos
21.060504,-87.2914,23007,42000000-0000-0000-0000-000000001827,40000000-0000-0000-0000-000000000023,Lazaro Cardenas
20.374131,-87.04318,23008,42000000-0000-0000-0000-000000001828,40000000-0000-0000-0000-000000000023,Playa del Carmen
20.12388,-87.274754,23009,42000000-0000-0000-0000-000000001829,40000000-0000-0000-0000-000000000023,Tulum
18.403413,-88.232167,23010,42000000-0000-0000-0000-000000001830,40000000-0000-0000-0000-000000000023,Bacalar
20.505443,-86.523424,23011,42000000-0000-0000-0000-000000001831,40000000-0000-0000-0000-000000000023,Puerto Morelos
22.240036,-101.100063,24001,42000000-0000-0000-0000-000000001832,40000000-0000-0000-0000-000000000024,Ahualulco del Sonido 13
22.074042,-99.36014,24002,42000000-0000-0000-0000-000000001833,40000000-0000-0000-0000-000000000024,Alaquines
21.37169,-99.011033,24003,42000000-0000-0000-0000-000000001834,40000000-0000-0000-0000-000000000024,Aquismon
22.143693,-100.391683,24004,42000000-0000-0000-0000-000000001835,40000000-0000-0000-0000-000000000024,Armadillo de los Infante
22.000326,-99.383302,24005,42000000-0000-0000-0000-000000001836,40000000-0000-0000-0000-000000000024,Cardenas
23.412562,-100.531051,24006,42000000-0000-0000-0000-000000001837,40000000-0000-0000-0000-000000000024,Catorce
23.490959,-100.433578,24007,42000000-0000-0000-0000-000000001838,40000000-0000-0000-0000-000000000024,Cedral
22.25396,-100.164655,24008,42000000-0000-0000-0000-000000001839,40000000-0000-0000-0000-000000000024,Cerritos
22.130403,-100.480167,24009,42000000-0000-0000-0000-000000001840,40000000-0000-0000-0000-000000000024,Cerro de San Pedro
22.235945,-99.360207,24010,42000000-0000-0000-0000-000000001841,40000000-0000-0000-0000-000000000024,Ciudad del Maiz
21.563664,-100.003968,24011,42000000-0000-0000-0000-000000001842,40000000-0000-0000-0000-000000000024,Ciudad Fernandez
21.355035,-98.5759,24012,42000000-0000-0000-0000-000000001843,40000000-0000-0000-0000-000000000024,Tancanhuitz
21.591153,-99.01074,24013,42000000-0000-0000-0000-000000001844,40000000-0000-0000-0000-000000000024,Ciudad Valles
21.322811,-98.541249,24014,42000000-0000-0000-0000-000000001845,40000000-0000-0000-0000-000000000024,Coxcatlan
23.074735,-101.064807,24015,42000000-0000-0000-0000-000000001846,40000000-0000-0000-0000-000000000024,Charcas
22.124442,-98.224009,24016,42000000-0000-0000-0000-000000001847,40000000-0000-0000-0000-000000000024,Ebano
22.370448,-100.235846,24017,42000000-0000-0000-0000-000000001848,40000000-0000-0000-0000-000000000024,Guadalcazar
21.32465,-98.575888,24018,42000000-0000-0000-0000-000000001849,40000000-0000-0000-0000-000000000024,Huehuetlan
21.350952,-99.340109,24019,42000000-0000-0000-0000-000000001850,40000000-0000-0000-0000-000000000024,Lagunillas
23.384689,-100.383911,24020,42000000-0000-0000-0000-000000001851,40000000-0000-0000-0000-000000000024,Matehuala
22.155962,-101.064648,24021,42000000-0000-0000-0000-000000001852,40000000-0000-0000-0000-000000000024,Mexquitic de Carmona
22.445962,-101.050801,24022,42000000-0000-0000-0000-000000001853,40000000-0000-0000-0000-000000000024,Moctezuma
21.503741,-99.384314,24023,42000000-0000-0000-0000-000000001854,40000000-0000-0000-0000-000000000024,Rayon
21.555656,-99.593452,24024,42000000-0000-0000-0000-000000001855,40000000-0000-0000-0000-000000000024,Rioverde
22.374085,-101.425665,24025,42000000-0000-0000-0000-000000001856,40000000-0000-0000-0000-000000000024,Salinas
21.371264,-98.541025,24026,42000000-0000-0000-0000-000000001857,40000000-0000-0000-0000-000000000024,San Antonio
21.390003,-99.490727,24027,42000000-0000-0000-0000-000000001858,40000000-0000-0000-0000-000000000024,San Ciro de Acosta
22.090596,-100.583705,24028,42000000-0000-0000-0000-000000001859,40000000-0000-0000-0000-000000000024,San Luis Potosi
21.221093,-98.392606,24029,42000000-0000-0000-0000-000000001860,40000000-0000-0000-0000-000000000024,San Martin Chalchicuautla
22.145473,-100.330747,24030,42000000-0000-0000-0000-000000001861,40000000-0000-0000-0000-000000000024,San Nicolas Tolentino
21.392197,-99.29445,24031,42000000-0000-0000-0000-000000001862,40000000-0000-0000-0000-000000000024,Santa Catarina
21.480158,-100.441359,24032,42000000-0000-0000-0000-000000001863,40000000-0000-0000-0000-000000000024,Santa Maria del Rio
23.193092,-101.441069,24033,42000000-0000-0000-0000-000000001864,40000000-0000-0000-0000-000000000024,Santo Domingo
21.42538,-98.350858,24034,42000000-0000-0000-0000-000000001865,40000000-0000-0000-0000-000000000024,San Vicente Tancuayalab
22.111637,-100.561419,24035,42000000-0000-0000-0000-000000001866,40000000-0000-0000-0000-000000000024,Soledad de Graciano Sanchez
21.552605,-99.233178,24036,42000000-0000-0000-0000-000000001867,40000000-0000-0000-0000-000000000024,Tamasopo
21.154586,-98.472946,24037,42000000-0000-0000-0000-000000001868,40000000-0000-0000-0000-000000000024,Tamazunchale
21.240831,-98.433963,24038,42000000-0000-0000-0000-000000001869,40000000-0000-0000-0000-000000000024,Tampacan
21.333727,-98.485441,24039,42000000-0000-0000-0000-000000001870,40000000-0000-0000-0000-000000000024,Tampamolon Corona
22.001493,-98.463058,24040,42000000-0000-0000-0000-000000001871,40000000-0000-0000-0000-000000000024,Tamuin
21.395639,-98.531705,24041,42000000-0000-0000-0000-000000001872,40000000-0000-0000-0000-000000000024,Tanlajas
21.355312,-98.394343,24042,42000000-0000-0000-0000-000000001873,40000000-0000-0000-0000-000000000024,Tanquian de Escobedo
21.400284,-100.342611,24043,42000000-0000-0000-0000-000000001874,40000000-0000-0000-0000-000000000024,Tierra Nueva
23.5302,-100.5702,24044,42000000-0000-0000-0000-000000001875,40000000-0000-0000-0000-000000000024,Vanegas
22.555284,-101.054067,24045,42000000-0000-0000-0000-000000001876,40000000-0000-0000-0000-000000000024,Venado
21.543649,-101.230013,24046,42000000-0000-0000-0000-000000001877,40000000-0000-0000-0000-000000000024,Villa de Arriaga
23.222793,-100.452843,24047,42000000-0000-0000-0000-000000001878,40000000-0000-0000-0000-000000000024,Villa de Guadalupe
23.403127,-100.424742,24048,42000000-0000-0000-0000-000000001879,40000000-0000-0000-0000-000000000024,Villa de la Paz
22.495135,-101.543772,24049,42000000-0000-0000-0000-000000001880,40000000-0000-0000-0000-000000000024,Villa de Ramos
21.481125,-100.555695,24050,42000000-0000-0000-0000-000000001881,40000000-0000-0000-0000-000000000024,Villa de Reyes
22.265529,-100.404391,24051,42000000-0000-0000-0000-000000001882,40000000-0000-0000-0000-000000000024,Villa Hidalgo
22.192355,-100.155994,24052,42000000-0000-0000-0000-000000001883,40000000-0000-0000-0000-000000000024,Villa Juarez
21.2611,-98.523,24053,42000000-0000-0000-0000-000000001884,40000000-0000-0000-0000-000000000024,Axtla de Terrazas
21.230669,-98.592246,24054,42000000-0000-0000-0000-000000001885,40000000-0000-0000-0000-000000000024,Xilitla
22.020818,-100.435148,24055,42000000-0000-0000-0000-000000001886,40000000-0000-0000-0000-000000000024,Zaragoza
22.384118,-100.505647,24056,42000000-0000-0000-0000-000000001887,40000000-0000-0000-0000-000000000024,Villa de Arista
21.201502,-98.493649,24057,42000000-0000-0000-0000-000000001888,40000000-0000-0000-0000-000000000024,Matlapa
22.311933,-99.192103,24058,42000000-0000-0000-0000-000000001889,40000000-0000-0000-0000-000000000024,El Naranjo
,,24059,42000000-0000-0000-0000-000000001890,40000000-0000-0000-0000-000000000024,Villa de Pozos
25.47003,-108.593963,25001,42000000-0000-0000-0000-000000001891,40000000-0000-0000-0000-000000000025,Ahome
25.21517,-108.093416,25002,42000000-0000-0000-0000-000000001892,40000000-0000-0000-0000-000000000025,Angostura
25.214555,-107.330367,25003,42000000-0000-0000-0000-000000001893,40000000-0000-0000-0000-000000000025,Badiraguato
23.171545,-106.0407,25004,42000000-0000-0000-0000-000000001894,40000000-0000-0000-0000-000000000025,Concordia
24.244085,-106.412953,25005,42000000-0000-0000-0000-000000001895,40000000-0000-0000-0000-000000000025,Cosala
24.483171,-107.233752,25006,42000000-0000-0000-0000-000000001896,40000000-0000-0000-0000-000000000025,Culiacan
26.422524,-108.192047,25007,42000000-0000-0000-0000-000000001897,40000000-0000-0000-0000-000000000025,Choix
23.545545,-106.533376,25008,42000000-0000-0000-0000-000000001898,40000000-0000-0000-0000-000000000025,Elota
22.500619,-105.464035,25009,42000000-0000-0000-0000-000000001899,40000000-0000-0000-0000-000000000025,Escuinapa
26.251776,-108.371188,25010,42000000-0000-0000-0000-000000001900,40000000-0000-0000-0000-000000000025,El Fuerte
25.335597,-108.281854,25011,42000000-0000-0000-0000-000000001901,40000000-0000-0000-0000-000000000025,Guasave
23.120114,-106.252,25012,42000000-0000-0000-0000-000000001902,40000000-0000-0000-0000-000000000025,Mazatlan
25.285476,-107.551762,25013,42000000-0000-0000-0000-000000001903,40000000-0000-0000-0000-000000000025,Mocorito
22.592715,-105.511352,25014,42000000-0000-0000-0000-000000001904,40000000-0000-0000-0000-000000000025,Rosario
25.27252,-108.045052,25015,42000000-0000-0000-0000-000000001905,40000000-0000-0000-0000-000000000025,Salvador Alvarado
23.562499,-106.253179,25016,42000000-0000-0000-0000-000000001906,40000000-0000-0000-0000-000000000025,San Ignacio
25.492054,-108.131937,25017,42000000-0000-0000-0000-000000001907,40000000-0000-0000-0000-000000000025,Sinaloa
24.460199,-107.414834,25018,42000000-0000-0000-0000-000000001908,40000000-0000-0000-0000-000000000025,Navolato
,,25019,42000000-0000-0000-0000-000000001909,40000000-0000-0000-0000-000000000025,Eldorado
,,25020,42000000-0000-0000-0000-000000001910,40000000-0000-0000-0000-000000000025,Juan Jose Rios
29.493314,-110.134279,26001,42000000-0000-0000-0000-000000001911,40000000-0000-0000-0000-000000000026,Aconchi
31.194014,-109.324687,26002,42000000-0000-0000-0000-000000001912,40000000-0000-0000-0000-000000000026,Agua Prieta
27.012658,-108.560573,26003,42000000-0000-0000-0000-000000001913,40000000-0000-0000-0000-000000000026,Alamos
30.424802,-111.500086,26004,42000000-0000-0000-0000-000000001914,40000000-0000-0000-0000-000000000026,Altar
28.554312,-109.111353,26005,42000000-0000-0000-0000-000000001915,40000000-0000-0000-0000-000000000026,Arivechi
30.201043,-110.100051,26006,42000000-0000-0000-0000-000000001916,40000000-0000-0000-0000-000000000026,Arizpe
30.503836,-111.350201,26007,42000000-0000-0000-0000-000000001917,40000000-0000-0000-0000-000000000026,Atil
29.483267,-109.082668,26008,42000000-0000-0000-0000-000000001918,40000000-0000-0000-0000-000000000026,Bacadehuachi
28.590263,-109.240145,26009,42000000-0000-0000-0000-000000001919,40000000-0000-0000-0000-000000000026,Bacanora
30.2119,-108.554728,26010,42000000-0000-0000-0000-000000001920,40000000-0000-0000-0000-000000000026,Bacerac
30.375894,-109.580843,26011,42000000-0000-0000-0000-000000001921,40000000-0000-0000-0000-000000000026,Bacoachi
27.330208,-110.045763,26012,42000000-0000-0000-0000-000000001922,40000000-0000-0000-0000-000000000026,Bacum
30.002799,-110.125599,26013,42000000-0000-0000-0000-000000001923,40000000-0000-0000-0000-000000000026,Banamichi
29.425485,-110.095419,26014,42000000-0000-0000-0000-000000001924,40000000-0000-0000-0000-000000000026,Baviacora
30.284844,-108.562768,26015,42000000-0000-0000-0000-000000001925,40000000-0000-0000-0000-000000000026,Bavispe
30.100179,-111.070452,26016,42000000-0000-0000-0000-000000001926,40000000-0000-0000-0000-000000000026,Benjamin Hill
30.425067,-112.085408,26017,42000000-0000-0000-0000-000000001927,40000000-0000-0000-0000-000000000026,Caborca
27.294736,-109.555778,26018,42000000-0000-0000-0000-000000001928,40000000-0000-0000-0000-000000000026,Cajeme
30.585755,-110.180602,26019,42000000-0000-0000-0000-000000001929,40000000-0000-0000-0000-000000000026,Cananea
29.410488,-110.571595,26020,42000000-0000-0000-0000-000000001930,40000000-0000-0000-0000-000000000026,Carbo
28.481048,-110.34504,26021,42000000-0000-0000-0000-000000001931,40000000-0000-0000-0000-000000000026,La Colorada
30.194509,-110.422119,26022,42000000-0000-0000-0000-000000001932,40000000-0000-0000-0000-000000000026,Cucurpe
29.593683,-109.465699,26023,42000000-0000-0000-0000-000000001933,40000000-0000-0000-0000-000000000026,Cumpas
29.365425,-109.281442,26024,42000000-0000-0000-0000-000000001934,40000000-0000-0000-0000-000000000026,Divisaderos
27.572738,-110.485758,26025,42000000-0000-0000-0000-000000001935,40000000-0000-0000-0000-000000000026,Empalme
26.5439,-109.3731,26026,42000000-0000-0000-0000-000000001936,40000000-0000-0000-0000-000000000026,Etchojoa
30.535369,-109.333603,26027,42000000-0000-0000-0000-000000001937,40000000-0000-0000-0000-000000000026,Fronteras
29.514426,-109.183788,26028,42000000-0000-0000-0000-000000001938,40000000-0000-0000-0000-000000000026,Granados
27.55237,-110.5322,26029,42000000-0000-0000-0000-000000001939,40000000-0000-0000-0000-000000000026,Guaymas
29.042961,-110.573047,26030,42000000-0000-0000-0000-000000001940,40000000-0000-0000-0000-000000000026,Hermosillo
30.124134,-108.573174,26031,42000000-0000-0000-0000-000000001941,40000000-0000-0000-0000-000000000026,Huachinera
29.541508,-109.180529,26032,42000000-0000-0000-0000-000000001942,40000000-0000-0000-0000-000000000026,Huasabas
26.493683,-109.383895,26033,42000000-0000-0000-0000-000000001943,40000000-0000-0000-0000-000000000026,Huatabampo
29.544057,-110.124938,26034,42000000-0000-0000-0000-000000001944,40000000-0000-0000-0000-000000000026,Huepac
30.463839,-110.514154,26035,42000000-0000-0000-0000-000000001945,40000000-0000-0000-0000-000000000026,Imuris
30.374928,-110.580986,26036,42000000-0000-0000-0000-000000001946,40000000-0000-0000-0000-000000000026,Magdalena
29.001209,-110.08248,26037,42000000-0000-0000-0000-000000001947,40000000-0000-0000-0000-000000000026,Mazatan
29.480785,-109.404921,26038,42000000-0000-0000-0000-000000001948,40000000-0000-0000-0000-000000000026,Moctezuma
31.195357,-109.565328,26039,42000000-0000-0000-0000-000000001949,40000000-0000-0000-0000-000000000026,Naco
29.411077,-108.584294,26040,42000000-0000-0000-0000-000000001950,40000000-0000-0000-0000-000000000026,Nacori Chico
30.22254,-109.411129,26041,42000000-0000-0000-0000-000000001951,40000000-0000-0000-0000-000000000026,Nacozari de Garcia
27.045375,-109.264397,26042,42000000-0000-0000-0000-000000001952,40000000-0000-0000-0000-000000000026,Navojoa
31.193325,-110.564468,26043,42000000-0000-0000-0000-000000001953,40000000-0000-0000-0000-000000000026,Nogales
28.273794,-109.314627,26044,42000000-0000-0000-0000-000000001954,40000000-0000-0000-0000-000000000026,Onavas
29.553608,-110.375191,26045,42000000-0000-0000-0000-000000001955,40000000-0000-0000-0000-000000000026,Opodepe
30.443139,-111.440535,26046,42000000-0000-0000-0000-000000001956,40000000-0000-0000-0000-000000000026,Oquitoa
30.403359,-112.031413,26047,42000000-0000-0000-0000-000000001957,40000000-0000-0000-0000-000000000026,Pitiquito
31.182441,-113.322447,26048,42000000-0000-0000-0000-000000001958,40000000-0000-0000-0000-000000000026,Puerto Penasco
27.311376,-109.150443,26049,42000000-0000-0000-0000-000000001959,40000000-0000-0000-0000-000000000026,Quiriego
29.425212,-110.342462,26050,42000000-0000-0000-0000-000000001960,40000000-0000-0000-0000-000000000026,Rayon
27.502637,-109.221477,26051,42000000-0000-0000-0000-000000001961,40000000-0000-0000-0000-000000000026,Rosario
29.032279,-109.140013,26052,42000000-0000-0000-0000-000000001962,40000000-0000-0000-0000-000000000026,Sahuaripa
29.513105,-110.142781,26053,42000000-0000-0000-0000-000000001963,40000000-0000-0000-0000-000000000026,San Felipe de Jesus
28.354302,-109.442206,26054,42000000-0000-0000-0000-000000001964,40000000-0000-0000-0000-000000000026,San Javier
32.284739,-114.464665,26055,42000000-0000-0000-0000-000000001965,40000000-0000-0000-0000-000000000026,San Luis Rio Colorado
29.291858,-110.433779,26056,42000000-0000-0000-0000-000000001966,40000000-0000-0000-0000-000000000026,San Miguel de Horcasitas
29.171134,-109.440999,26057,42000000-0000-0000-0000-000000001967,40000000-0000-0000-0000-000000000026,San Pedro de la Cueva
30.323801,-111.071591,26058,42000000-0000-0000-0000-000000001968,40000000-0000-0000-0000-000000000026,Santa Ana
31.135353,-110.354552,26059,42000000-0000-0000-0000-000000001969,40000000-0000-0000-0000-000000000026,Santa Cruz
31.060959,-111.224466,26060,42000000-0000-0000-0000-000000001970,40000000-0000-0000-0000-000000000026,Saric
28.455117,-109.380467,26061,42000000-0000-0000-0000-000000001971,40000000-0000-0000-0000-000000000026,Soyopa
28.234397,-109.531753,26062,42000000-0000-0000-0000-000000001972,40000000-0000-0000-0000-000000000026,Suaqui Grande
29.320384,-109.315654,26063,42000000-0000-0000-0000-000000001973,40000000-0000-0000-0000-000000000026,Tepache
30.235504,-111.315334,26064,42000000-0000-0000-0000-000000001974,40000000-0000-0000-0000-000000000026,Trincheras
30.530548,-111.275704,26065,42000000-0000-0000-0000-000000001975,40000000-0000-0000-0000-000000000026,Tubutama
29.254108,-110.23225,26066,42000000-0000-0000-0000-000000001976,40000000-0000-0000-0000-000000000026,Ures
30.094718,-109.191153,26067,42000000-0000-0000-0000-000000001977,40000000-0000-0000-0000-000000000026,Villa Hidalgo
29.070594,-109.580807,26068,42000000-0000-0000-0000-000000001978,40000000-0000-0000-0000-000000000026,Villa Pesqueira
28.22217,-108.553326,26069,42000000-0000-0000-0000-000000001979,40000000-0000-0000-0000-000000000026,Yecora
31.515903,-112.51262,26070,42000000-0000-0000-0000-000000001980,40000000-0000-0000-0000-000000000026,General Plutarco Elias Calles
27.074012,-109.503326,26071,42000000-0000-0000-0000-000000001981,40000000-0000-0000-0000-000000000026,Benito Juarez
27.244109,-110.142945,26072,42000000-0000-0000-0000-000000001982,40000000-0000-0000-0000-000000000026,San Ignacio Rio Muerto
17.480142,-91.320185,27001,42000000-0000-0000-0000-000000001983,40000000-0000-0000-0000-000000000027,Balancan
17.592195,-93.223668,27002,42000000-0000-0000-0000-000000001984,40000000-0000-0000-0000-000000000027,Cardenas
18.31484,-92.390787,27003,42000000-0000-0000-0000-000000001985,40000000-0000-0000-0000-000000000027,Centla
17.591622,-92.55099,27004,42000000-0000-0000-0000-000000001986,40000000-0000-0000-0000-000000000027,Centro
18.155777,-93.133006,27005,42000000-0000-0000-0000-000000001987,40000000-0000-0000-0000-000000000027,Comalcalco
18.035531,-93.102748,27006,42000000-0000-0000-0000-000000001988,40000000-0000-0000-0000-000000000027,Cunduacan
17.44405,-91.455429,27007,42000000-0000-0000-0000-000000001989,40000000-0000-0000-0000-000000000027,Emiliano Zapata
17.500663,-93.232677,27008,42000000-0000-0000-0000-000000001990,40000000-0000-0000-0000-000000000027,Huimanguillo
17.431103,-92.484382,27009,42000000-0000-0000-0000-000000001991,40000000-0000-0000-0000-000000000027,Jalapa
18.103665,-93.034535,27010,42000000-0000-0000-0000-000000001992,40000000-0000-0000-0000-000000000027,Jalpa de Mendez
18.052654,-92.081943,27011,42000000-0000-0000-0000-000000001993,40000000-0000-0000-0000-000000000027,Jonuta
17.452315,-92.353865,27012,42000000-0000-0000-0000-000000001994,40000000-0000-0000-0000-000000000027,Macuspana
18.100789,-93.011215,27013,42000000-0000-0000-0000-000000001995,40000000-0000-0000-0000-000000000027,Nacajuca
18.234477,-93.125125,27014,42000000-0000-0000-0000-000000001996,40000000-0000-0000-0000-000000000027,Paraiso
17.353045,-92.493462,27015,42000000-0000-0000-0000-000000001997,40000000-0000-0000-0000-000000000027,Tacotalpa
17.325382,-92.571078,27016,42000000-0000-0000-0000-000000001998,40000000-0000-0000-0000-000000000027,Teapa
17.283898,-91.253341,27017,42000000-0000-0000-0000-000000001999,40000000-0000-0000-0000-000000000027,Tenosique
24.033901,-98.22274,28001,42000000-0000-0000-0000-000000002000,40000000-0000-0000-0000-000000000028,Abasolo
22.55095,-98.042537,28002,42000000-0000-0000-0000-000000002001,40000000-0000-0000-0000-000000000028,Aldama
22.232959,-97.561207,28003,42000000-0000-0000-0000-000000002002,40000000-0000-0000-0000-000000000028,Altamira
22.325791,-99.050102,28004,42000000-0000-0000-0000-000000002003,40000000-0000-0000-0000-000000000028,Antiguo Morelos
24.56479,-98.475644,28005,42000000-0000-0000-0000-000000002004,40000000-0000-0000-0000-000000000028,Burgos
23.260772,-99.452811,28006,42000000-0000-0000-0000-000000002005,40000000-0000-0000-0000-000000000028,Bustamante
26.190021,-98.500956,28007,42000000-0000-0000-0000-000000002006,40000000-0000-0000-0000-000000000028,Camargo
23.433768,-98.441623,28008,42000000-0000-0000-0000-000000002007,40000000-0000-0000-0000-000000000028,Casas
22.14466,-97.50132,28009,42000000-0000-0000-0000-000000002008,40000000-0000-0000-0000-000000000028,Ciudad Madero
24.451862,-98.320435,28010,42000000-0000-0000-0000-000000002009,40000000-0000-0000-0000-000000000028,Cruillas
22.531124,-99.013999,28011,42000000-0000-0000-0000-000000002010,40000000-0000-0000-0000-000000000028,Gomez Farias
22.493838,-98.253349,28012,42000000-0000-0000-0000-000000002011,40000000-0000-0000-0000-000000000028,Gonzalez
23.550891,-99.002999,28013,42000000-0000-0000-0000-000000002012,40000000-0000-0000-0000-000000000028,Guemez
26.335886,-99.133947,28014,42000000-0000-0000-0000-000000002013,40000000-0000-0000-0000-000000000028,Guerrero
26.140228,-98.352502,28015,42000000-0000-0000-0000-000000002014,40000000-0000-0000-0000-000000000028,Gustavo Diaz Ordaz
24.1449,-99.2617,28016,42000000-0000-0000-0000-000000002015,40000000-0000-0000-0000-000000000028,Hidalgo
23.241843,-99.223243,28017,42000000-0000-0000-0000-000000002016,40000000-0000-0000-0000-000000000028,Jaumave
24.125218,-98.290854,28018,42000000-0000-0000-0000-000000002017,40000000-0000-0000-0000-000000000028,Jimenez
23.190826,-99.012507,28019,42000000-0000-0000-0000-000000002018,40000000-0000-0000-0000-000000000028,Llera
24.333254,-99.364568,28020,42000000-0000-0000-0000-000000002019,40000000-0000-0000-0000-000000000028,Mainero
22.44384,-98.581819,28021,42000000-0000-0000-0000-000000002020,40000000-0000-0000-0000-000000000028,El Mante
25.52477,-97.301736,28022,42000000-0000-0000-0000-000000002021,40000000-0000-0000-0000-000000000028,Matamoros
25.065957,-98.351038,28023,42000000-0000-0000-0000-000000002022,40000000-0000-0000-0000-000000000028,Mendez
26.254969,-99.08553,28024,42000000-0000-0000-0000-000000002023,40000000-0000-0000-0000-000000000028,Mier
26.240366,-99.013399,28025,42000000-0000-0000-0000-000000002024,40000000-0000-0000-0000-000000000028,Miguel Aleman
23.342622,-99.451511,28026,42000000-0000-0000-0000-000000002025,40000000-0000-0000-0000-000000000028,Miquihuana
27.291065,-99.303057,28027,42000000-0000-0000-0000-000000002026,40000000-0000-0000-0000-000000000028,Nuevo Laredo
22.320409,-99.13168,28028,42000000-0000-0000-0000-000000002027,40000000-0000-0000-0000-000000000028,Nuevo Morelos
22.504215,-99.200969,28029,42000000-0000-0000-0000-000000002028,40000000-0000-0000-0000-000000000028,Ocampo
24.025568,-98.540106,28030,42000000-0000-0000-0000-000000002029,40000000-0000-0000-0000-000000000028,Padilla
23.180633,-99.325114,28031,42000000-0000-0000-0000-000000002030,40000000-0000-0000-0000-000000000028,Palmillas
26.053246,-98.164127,28032,42000000-0000-0000-0000-000000002031,40000000-0000-0000-0000-000000000028,Reynosa
25.585159,-98.05245,28033,42000000-0000-0000-0000-000000002032,40000000-0000-0000-0000-000000000028,Rio Bravo
24.345439,-98.563709,28034,42000000-0000-0000-0000-000000002033,40000000-0000-0000-0000-000000000028,San Carlos
24.505524,-98.093464,28035,42000000-0000-0000-0000-000000002034,40000000-0000-0000-0000-000000000028,San Fernando
24.413711,-98.494348,28036,42000000-0000-0000-0000-000000002035,40000000-0000-0000-0000-000000000028,San Nicolas
23.460134,-98.122228,28037,42000000-0000-0000-0000-000000002036,40000000-0000-0000-0000-000000000028,Soto la Marina
22.125782,-97.513019,28038,42000000-0000-0000-0000-000000002037,40000000-0000-0000-0000-000000000028,Tampico
22.594876,-99.424679,28039,42000000-0000-0000-0000-000000002038,40000000-0000-0000-0000-000000000028,Tula
25.402568,-97.484484,28040,42000000-0000-0000-0000-000000002039,40000000-0000-0000-0000-000000000028,Valle Hermoso
23.435179,-99.09045,28041,42000000-0000-0000-0000-000000002040,40000000-0000-0000-0000-000000000028,Victoria
24.282349,-99.29172,28042,42000000-0000-0000-0000-000000002041,40000000-0000-0000-0000-000000000028,Villagran
22.594838,-98.564444,28043,42000000-0000-0000-0000-000000002042,40000000-0000-0000-0000-000000000028,Xicotencatl
19.210103,-98.101045,29001,42000000-0000-0000-0000-000000002043,40000000-0000-0000-0000-000000000029,Amaxac de Guerrero
19.195614,-98.114856,29002,42000000-0000-0000-0000-000000002044,40000000-0000-0000-0000-000000000029,Apetatitlan de Antonio Carvajal
19.315634,-98.123072,29003,42000000-0000-0000-0000-000000002045,40000000-0000-0000-0000-000000000029,Atlangatepec
19.255291,-97.474752,29004,42000000-0000-0000-0000-000000002046,40000000-0000-0000-0000-000000000029,Atltzayanca
19.245881,-98.08262,29005,42000000-0000-0000-0000-000000002047,40000000-0000-0000-0000-000000000029,Apizaco
19.351869,-98.341371,29006,42000000-0000-0000-0000-000000002048,40000000-0000-0000-0000-000000000029,Calpulalpan
19.192851,-97.393297,29007,42000000-0000-0000-0000-000000002049,40000000-0000-0000-0000-000000000029,El Carmen Tequexquitla
19.174798,-97.460975,29008,42000000-0000-0000-0000-000000002050,40000000-0000-0000-0000-000000000029,Cuapiaxtla
19.212091,-98.061124,29009,42000000-0000-0000-0000-000000002051,40000000-0000-0000-0000-000000000029,Cuaxomulco
19.185033,-98.113466,29010,42000000-0000-0000-0000-000000002052,40000000-0000-0000-0000-000000000029,Chiautempan
19.283378,-98.123199,29011,42000000-0000-0000-0000-000000002053,40000000-0000-0000-0000-000000000029,Munoz de Domingo Arenas
19.274428,-98.25257,29012,42000000-0000-0000-0000-000000002054,40000000-0000-0000-0000-000000000029,Espanita
19.184558,-97.552317,29013,42000000-0000-0000-0000-000000002055,40000000-0000-0000-0000-000000000029,Huamantla
19.281196,-98.205459,29014,42000000-0000-0000-0000-000000002056,40000000-0000-0000-0000-000000000029,Hueyotlipan
19.193593,-98.223761,29015,42000000-0000-0000-0000-000000002057,40000000-0000-0000-0000-000000000029,Ixtacuixtla de Mariano Matamoros
19.150412,-97.53424,29016,42000000-0000-0000-0000-000000002058,40000000-0000-0000-0000-000000000029,Ixtenco
19.104701,-98.112645,29017,42000000-0000-0000-0000-000000002059,40000000-0000-0000-0000-000000000029,Mazatecochco de Jose Maria Morelos
19.200426,-98.100446,29018,42000000-0000-0000-0000-000000002060,40000000-0000-0000-0000-000000000029,Contla de Juan Cuamatzi
19.160311,-98.225523,29019,42000000-0000-0000-0000-000000002061,40000000-0000-0000-0000-000000000029,Tepetitla de Lardizabal
19.293374,-98.281935,29020,42000000-0000-0000-0000-000000002062,40000000-0000-0000-0000-000000000029,Sanctorum de Lazaro Cardenas
19.293538,-98.321083,29021,42000000-0000-0000-0000-000000002063,40000000-0000-0000-0000-000000000029,Nanacamilpa de Mariano Arista
19.132883,-98.120293,29022,42000000-0000-0000-0000-000000002064,40000000-0000-0000-0000-000000000029,Acuamanala de Miguel Hidalgo
19.140423,-98.18547,29023,42000000-0000-0000-0000-000000002065,40000000-0000-0000-0000-000000000029,Nativitas
19.185447,-98.160204,29024,42000000-0000-0000-0000-000000002066,40000000-0000-0000-0000-000000000029,Panotla
19.071106,-98.10135,29025,42000000-0000-0000-0000-000000002067,40000000-0000-0000-0000-000000000029,San Pablo del Monte
19.212086,-98.090137,29026,42000000-0000-0000-0000-000000002068,40000000-0000-0000-0000-000000000029,Santa Cruz Tlaxcala
19.085193,-98.120911,29027,42000000-0000-0000-0000-000000002069,40000000-0000-0000-0000-000000000029,Tenancingo
19.143982,-98.113247,29028,42000000-0000-0000-0000-000000002070,40000000-0000-0000-0000-000000000029,Teolocholco
19.144404,-98.140973,29029,42000000-0000-0000-0000-000000002071,40000000-0000-0000-0000-000000000029,Tepeyanco
19.283878,-97.550878,29030,42000000-0000-0000-0000-000000002072,40000000-0000-0000-0000-000000000029,Terrenate
19.26291,-98.061459,29031,42000000-0000-0000-0000-000000002073,40000000-0000-0000-0000-000000000029,Tetla de la Solidaridad
19.13539,-98.174462,29032,42000000-0000-0000-0000-000000002074,40000000-0000-0000-0000-000000000029,Tetlatlahuca
19.185959,-98.141551,29033,42000000-0000-0000-0000-000000002075,40000000-0000-0000-0000-000000000029,Tlaxcala
19.36536,-98.070912,29034,42000000-0000-0000-0000-000000002076,40000000-0000-0000-0000-000000000029,Tlaxco
19.232563,-98.015495,29035,42000000-0000-0000-0000-000000002077,40000000-0000-0000-0000-000000000029,Tocatlan
19.193232,-98.153029,29036,42000000-0000-0000-0000-000000002078,40000000-0000-0000-0000-000000000029,Totolac
19.121703,-97.543152,29037,42000000-0000-0000-0000-000000002079,40000000-0000-0000-0000-000000000029,Ziltlaltepec de Trinidad Sanchez Santos
19.223382,-98.052822,29038,42000000-0000-0000-0000-000000002080,40000000-0000-0000-0000-000000000029,Tzompantepec
19.241505,-98.025576,29039,42000000-0000-0000-0000-000000002081,40000000-0000-0000-0000-000000000029,Xaloztoc
19.252571,-98.123834,29040,42000000-0000-0000-0000-000000002082,40000000-0000-0000-0000-000000000029,Xaltocan
19.101147,-98.121651,29041,42000000-0000-0000-0000-000000002083,40000000-0000-0000-0000-000000000029,Papalotla de Xicohtencatl
19.103012,-98.14014,29042,42000000-0000-0000-0000-000000002084,40000000-0000-0000-0000-000000000029,Xicohtzinco
19.241804,-98.110244,29043,42000000-0000-0000-0000-000000002085,40000000-0000-0000-0000-000000000029,Yauhquemehcan
19.125814,-98.142482,29044,42000000-0000-0000-0000-000000002086,40000000-0000-0000-0000-000000000029,Zacatelco
19.350425,-98.253489,29045,42000000-0000-0000-0000-000000002087,40000000-0000-0000-0000-000000000029,Benito Juarez
19.33317,-97.550192,29046,42000000-0000-0000-0000-000000002088,40000000-0000-0000-0000-000000000029,Emiliano Zapata
19.321955,-97.585949,29047,42000000-0000-0000-0000-000000002089,40000000-0000-0000-0000-000000000029,Lazaro Cardenas
19.163848,-98.114186,29048,42000000-0000-0000-0000-000000002090,40000000-0000-0000-0000-000000000029,La Magdalena Tlaltelulco
19.164235,-98.170465,29049,42000000-0000-0000-0000-000000002091,40000000-0000-0000-0000-000000000029,San Damian Texoloc
19.153628,-98.094878,29050,42000000-0000-0000-0000-000000002092,40000000-0000-0000-0000-000000000029,San Francisco Tetlanohcan
19.143016,-98.154542,29051,42000000-0000-0000-0000-000000002093,40000000-0000-0000-0000-000000000029,San Jeronimo Zacualpan
19.200854,-98.035192,29052,42000000-0000-0000-0000-000000002094,40000000-0000-0000-0000-000000000029,San Jose Teacalco
19.14166,-98.150108,29053,42000000-0000-0000-0000-000000002095,40000000-0000-0000-0000-000000000029,San Juan Huactzinco
19.133081,-98.145595,29054,42000000-0000-0000-0000-000000002096,40000000-0000-0000-0000-000000000029,San Lorenzo Axocomanitla
19.290596,-98.152355,29055,42000000-0000-0000-0000-000000002097,40000000-0000-0000-0000-000000000029,San Lucas Tecopilco
19.175941,-98.200308,29056,42000000-0000-0000-0000-000000002098,40000000-0000-0000-0000-000000000029,Santa Ana Nopalucan
19.141381,-98.183121,29057,42000000-0000-0000-0000-000000002099,40000000-0000-0000-0000-000000000029,Santa Apolonia Teacalco
19.115971,-98.125191,29058,42000000-0000-0000-0000-000000002100,40000000-0000-0000-0000-000000000029,Santa Catarina Ayometla
19.124745,-98.131926,29059,42000000-0000-0000-0000-000000002101,40000000-0000-0000-0000-000000000029,Santa Cruz Quilehtla
19.160503,-98.124881,29060,42000000-0000-0000-0000-000000002102,40000000-0000-0000-0000-000000000029,Santa Isabel Xiloxoxtla
19.351311,-97.003763,30001,42000000-0000-0000-0000-000000002103,40000000-0000-0000-0000-000000000030,Acajete
19.414893,-96.503183,30002,42000000-0000-0000-0000-000000002104,40000000-0000-0000-0000-000000000030,Acatlan
17.565576,-94.544994,30003,42000000-0000-0000-0000-000000002105,40000000-0000-0000-0000-000000000030,Acayucan
19.301458,-96.370077,30004,42000000-0000-0000-0000-000000002106,40000000-0000-0000-0000-000000000030,Actopan
18.302171,-95.46285,30005,42000000-0000-0000-0000-000000002107,40000000-0000-0000-0000-000000000030,Acula
18.430755,-97.181021,30006,42000000-0000-0000-0000-000000002108,40000000-0000-0000-0000-000000000030,Acultzingo
19.011623,-96.365391,30007,42000000-0000-0000-0000-000000002109,40000000-0000-0000-0000-000000000030,Camaron de Tejeda
19.071182,-97.053535,30008,42000000-0000-0000-0000-000000002110,40000000-0000-0000-0000-000000000030,Alpatlahuac
19.372469,-96.440103,30009,42000000-0000-0000-0000-000000002111,40000000-0000-0000-0000-000000000030,Alto Lucero de Gutierrez Barrios
19.455814,-97.144389,30010,42000000-0000-0000-0000-000000002112,40000000-0000-0000-0000-000000000030,Altotonga
18.46274,-95.455015,30011,42000000-0000-0000-0000-000000002113,40000000-0000-0000-0000-000000000030,Alvarado
18.255644,-95.435981,30012,42000000-0000-0000-0000-000000002114,40000000-0000-0000-0000-000000000030,Amatitlan
21.204885,-97.411051,30013,42000000-0000-0000-0000-000000002115,40000000-0000-0000-0000-000000000030,Naranjos Amatlan
18.505128,-96.545574,30014,42000000-0000-0000-0000-000000002116,40000000-0000-0000-0000-000000000030,Amatlan de los Reyes
18.354373,-95.263381,30015,42000000-0000-0000-0000-000000002117,40000000-0000-0000-0000-000000000030,Angel R. Cabada
19.220059,-96.2217,30016,42000000-0000-0000-0000-000000002118,40000000-0000-0000-0000-000000000030,La Antigua
19.191352,-96.430714,30017,42000000-0000-0000-0000-000000002119,40000000-0000-0000-0000-000000000030,Apazapan
18.474465,-97.182924,30018,42000000-0000-0000-0000-000000002120,40000000-0000-0000-0000-000000000030,Aquila
18.340059,-97.060747,30019,42000000-0000-0000-0000-000000002121,40000000-0000-0000-0000-000000000030,Astacinga
18.415074,-97.052647,30020,42000000-0000-0000-0000-000000002122,40000000-0000-0000-0000-000000000030,Atlahuilco
18.545144,-96.464179,30021,42000000-0000-0000-0000-000000002123,40000000-0000-0000-0000-000000000030,Atoyac
18.542508,-97.050206,30022,42000000-0000-0000-0000-000000002124,40000000-0000-0000-0000-000000000030,Atzacan
19.472067,-97.143891,30023,42000000-0000-0000-0000-000000002125,40000000-0000-0000-0000-000000000030,Atzalan
19.185278,-96.540931,30024,42000000-0000-0000-0000-000000002126,40000000-0000-0000-0000-000000000030,Tlaltetela
19.210571,-97.085569,30025,42000000-0000-0000-0000-000000002127,40000000-0000-0000-0000-000000000030,Ayahualulco
19.352978,-96.562718,30026,42000000-0000-0000-0000-000000002128,40000000-0000-0000-0000-000000000030,Banderilla
20.531162,-98.12196,30027,42000000-0000-0000-0000-000000002129,40000000-0000-0000-0000-000000000030,Benito Juarez
19.061958,-96.062395,30028,42000000-0000-0000-0000-000000002130,40000000-0000-0000-0000-000000000030,Boca del Rio
19.072025,-97.050695,30029,42000000-0000-0000-0000-000000002131,40000000-0000-0000-0000-000000000030,Calcahualco
18.481527,-97.110498,30030,42000000-0000-0000-0000-000000002132,40000000-0000-0000-0000-000000000030,Camerino Z. Mendoza
18.475961,-96.341582,30031,42000000-0000-0000-0000-000000002133,40000000-0000-0000-0000-000000000030,Carrillo Puerto
18.252861,-95.064442,30032,42000000-0000-0000-0000-000000002134,40000000-0000-0000-0000-000000000030,Catemaco
20.421183,-97.184435,30033,42000000-0000-0000-0000-000000002135,40000000-0000-0000-0000-000000000030,Cazones de Herrera
21.112928,-97.443235,30034,42000000-0000-0000-0000-000000002136,40000000-0000-0000-0000-000000000030,Cerro Azul
21.194249,-97.524539,30035,42000000-0000-0000-0000-000000002137,40000000-0000-0000-0000-000000000030,Citlaltepetl
19.391118,-96.564251,30036,42000000-0000-0000-0000-000000002138,40000000-0000-0000-0000-000000000030,Coacoatzintla
20.163022,-97.425355,30037,42000000-0000-0000-0000-000000002139,40000000-0000-0000-0000-000000000030,Coahuitlan
19.271678,-96.573699,30038,42000000-0000-0000-0000-000000002140,40000000-0000-0000-0000-000000000030,Coatepec
18.081638,-94.271081,30039,42000000-0000-0000-0000-000000002141,40000000-0000-0000-0000-000000000030,Coatzacoalcos
20.285651,-97.273882,30040,42000000-0000-0000-0000-000000002142,40000000-0000-0000-0000-000000000030,Coatzintla
18.470829,-96.550009,30041,42000000-0000-0000-0000-000000002143,40000000-0000-0000-0000-000000000030,Coetzala
19.55264,-96.433623,30042,42000000-0000-0000-0000-000000002144,40000000-0000-0000-0000-000000000030,Colipa
19.095266,-96.531043,30043,42000000-0000-0000-0000-000000002145,40000000-0000-0000-0000-000000000030,Comapa
18.533978,-96.560726,30044,42000000-0000-0000-0000-000000002146,40000000-0000-0000-0000-000000000030,Cordoba
18.215319,-95.474689,30045,42000000-0000-0000-0000-000000002147,40000000-0000-0000-0000-000000000030,Cosamaloapan de Carpio
19.195752,-96.592891,30046,42000000-0000-0000-0000-000000002148,40000000-0000-0000-0000-000000000030,Cosautlan de Carvajal
19.042243,-97.024711,30047,42000000-0000-0000-0000-000000002149,40000000-0000-0000-0000-000000000030,Coscomatepec
17.595494,-94.38085,30048,42000000-0000-0000-0000-000000002150,40000000-0000-0000-0000-000000000030,Cosoleacaque
18.500789,-96.234351,30049,42000000-0000-0000-0000-000000002151,40000000-0000-0000-0000-000000000030,Cotaxtla
20.110505,-97.351057,30050,42000000-0000-0000-0000-000000002152,40000000-0000-0000-0000-000000000030,Coxquihui
20.144964,-97.392771,30051,42000000-0000-0000-0000-000000002153,40000000-0000-0000-0000-000000000030,Coyutla
18.462464,-96.520921,30052,42000000-0000-0000-0000-000000002154,40000000-0000-0000-0000-000000000030,Cuichapa
18.485234,-96.432036,30053,42000000-0000-0000-0000-000000002155,40000000-0000-0000-0000-000000000030,Cuitlahuac
18.181921,-95.502901,30054,42000000-0000-0000-0000-000000002156,40000000-0000-0000-0000-000000000030,Chacaltianguis
21.123021,-98.235137,30055,42000000-0000-0000-0000-000000002157,40000000-0000-0000-0000-000000000030,Chalma
21.135,-98.273425,30056,42000000-0000-0000-0000-000000002158,40000000-0000-0000-0000-000000000030,Chiconamel
19.443155,-96.490771,30057,42000000-0000-0000-0000-000000002159,40000000-0000-0000-0000-000000000030,Chiconquiaco
20.581911,-98.104204,30058,42000000-0000-0000-0000-000000002160,40000000-0000-0000-0000-000000000030,Chicontepec
18.0104,-94.4059,30059,42000000-0000-0000-0000-000000002161,40000000-0000-0000-0000-000000000030,Chinameca
21.213456,-97.440722,30060,42000000-0000-0000-0000-000000002162,40000000-0000-0000-0000-000000000030,Chinampa de Gorostiza
17.543357,-94.052499,30061,42000000-0000-0000-0000-000000002163,40000000-0000-0000-0000-000000000030,Las Choapas
19.003914,-97.015966,30062,42000000-0000-0000-0000-000000002164,40000000-0000-0000-0000-000000000030,Chocaman
21.173637,-97.552975,30063,42000000-0000-0000-0000-000000002165,40000000-0000-0000-0000-000000000030,Chontla
20.122712,-97.354069,30064,42000000-0000-0000-0000-000000002166,40000000-0000-0000-0000-000000000030,Chumatlan
19.285915,-96.47531,30065,42000000-0000-0000-0000-000000002167,40000000-0000-0000-0000-000000000030,Emiliano Zapata
20.153394,-97.235465,30066,42000000-0000-0000-0000-000000002168,40000000-0000-0000-0000-000000000030,Espinal
20.120089,-97.421346,30067,42000000-0000-0000-0000-000000002169,40000000-0000-0000-0000-000000000030,Filomeno Mata
18.541319,-96.595764,30068,42000000-0000-0000-0000-000000002170,40000000-0000-0000-0000-000000000030,Fortin
20.270696,-97.051524,30069,42000000-0000-0000-0000-000000002171,40000000-0000-0000-0000-000000000030,Gutierrez Zamora
17.461566,-94.384746,30070,42000000-0000-0000-0000-000000002172,40000000-0000-0000-0000-000000000030,Hidalgotitlan
19.08491,-96.580246,30071,42000000-0000-0000-0000-000000002173,40000000-0000-0000-0000-000000000030,Huatusco
20.32142,-98.284495,30072,42000000-0000-0000-0000-000000002174,40000000-0000-0000-0000-000000000030,Huayacocotla
18.090669,-95.083366,30073,42000000-0000-0000-0000-000000002175,40000000-0000-0000-0000-000000000030,Hueyapan de Ocampo
18.485968,-97.092131,30074,42000000-0000-0000-0000-000000002176,40000000-0000-0000-0000-000000000030,Huiloapan de Cuauhtemoc
18.43275,-95.590829,30075,42000000-0000-0000-0000-000000002177,40000000-0000-0000-0000-000000000030,Ignacio de la Llave
20.465153,-98.263571,30076,42000000-0000-0000-0000-000000002178,40000000-0000-0000-0000-000000000030,Ilamatlan
18.013905,-95.313946,30077,42000000-0000-0000-0000-000000002179,40000000-0000-0000-0000-000000000030,Isla
21.141548,-98.002143,30078,42000000-0000-0000-0000-000000002180,40000000-0000-0000-0000-000000000030,Ixcatepec
19.212141,-97.065501,30079,42000000-0000-0000-0000-000000002181,40000000-0000-0000-0000-000000000030,Ixhuacan de los Reyes
19.030416,-96.590357,30080,42000000-0000-0000-0000-000000002182,40000000-0000-0000-0000-000000000030,Ixhuatlan del Cafe
18.535253,-97.085617,30081,42000000-0000-0000-0000-000000002183,40000000-0000-0000-0000-000000000030,Ixhuatlancillo
18.012191,-94.233742,30082,42000000-0000-0000-0000-000000002184,40000000-0000-0000-0000-000000000030,Ixhuatlan del Sureste
20.412177,-98.004518,30083,42000000-0000-0000-0000-000000002185,40000000-0000-0000-0000-000000000030,Ixhuatlan de Madero
18.265485,-95.494758,30084,42000000-0000-0000-0000-000000002186,40000000-0000-0000-0000-000000000030,Ixmatlahuacan
18.510384,-97.034704,30085,42000000-0000-0000-0000-000000002187,40000000-0000-0000-0000-000000000030,Ixtaczoquitlan
19.482148,-97.183125,30086,42000000-0000-0000-0000-000000002188,40000000-0000-0000-0000-000000000030,Jalacingo
19.313751,-96.552152,30087,42000000-0000-0000-0000-000000002189,40000000-0000-0000-0000-000000000030,Xalapa
19.195407,-96.454256,30088,42000000-0000-0000-0000-000000002190,40000000-0000-0000-0000-000000000030,Jalcomulco
17.575785,-94.431825,30089,42000000-0000-0000-0000-000000002191,40000000-0000-0000-0000-000000000030,Jaltipan
19.02313,-96.142613,30090,42000000-0000-0000-0000-000000002192,40000000-0000-0000-0000-000000000030,Jamapa
17.260574,-95.013451,30091,42000000-0000-0000-0000-000000002193,40000000-0000-0000-0000-000000000030,Jesus Carranza
19.251657,-97.002604,30092,42000000-0000-0000-0000-000000002194,40000000-0000-0000-0000-000000000030,Xico
19.364069,-96.570101,30093,42000000-0000-0000-0000-000000002195,40000000-0000-0000-0000-000000000030,Jilotepec
17.593841,-95.240487,30094,42000000-0000-0000-0000-000000002196,40000000-0000-0000-0000-000000000030,Juan Rodriguez Clara
19.502818,-96.414103,30095,42000000-0000-0000-0000-000000002197,40000000-0000-0000-0000-000000000030,Juchique de Ferrer
19.440669,-96.510572,30096,42000000-0000-0000-0000-000000002198,40000000-0000-0000-0000-000000000030,Landero y Coss
18.374152,-95.31236,30097,42000000-0000-0000-0000-000000002199,40000000-0000-0000-0000-000000000030,Lerdo de Tejada
18.453812,-97.024368,30098,42000000-0000-0000-0000-000000002200,40000000-0000-0000-0000-000000000030,Magdalena
18.483744,-97.164189,30099,42000000-0000-0000-0000-000000002201,40000000-0000-0000-0000-000000000030,Maltrata
19.053996,-96.195963,30100,42000000-0000-0000-0000-000000002202,40000000-0000-0000-0000-000000000030,Manlio Fabio Altamirano
18.544639,-97.074809,30101,42000000-0000-0000-0000-000000002203,40000000-0000-0000-0000-000000000030,Mariano Escobedo
20.04242,-97.031382,30102,42000000-0000-0000-0000-000000002204,40000000-0000-0000-0000-000000000030,Martinez de la Torre
20.123836,-97.405426,30103,42000000-0000-0000-0000-000000002205,40000000-0000-0000-0000-000000000030,Mecatlan
18.131725,-94.501552,30104,42000000-0000-0000-0000-000000002206,40000000-0000-0000-0000-000000000030,Mecayapan
19.033327,-96.092942,30105,42000000-0000-0000-0000-000000002207,40000000-0000-0000-0000-000000000030,Medellin de Bravo
19.422685,-96.521148,30106,42000000-0000-0000-0000-000000002208,40000000-0000-0000-0000-000000000030,Miahuatlan
19.412733,-97.084602,30107,42000000-0000-0000-0000-000000002209,40000000-0000-0000-0000-000000000030,Las Minas
17.592752,-94.32544,30108,42000000-0000-0000-0000-000000002210,40000000-0000-0000-0000-000000000030,Minatitlan
19.554308,-96.510985,30109,42000000-0000-0000-0000-000000002211,40000000-0000-0000-0000-000000000030,Misantla
18.354423,-96.593384,30110,42000000-0000-0000-0000-000000002212,40000000-0000-0000-0000-000000000030,Mixtla de Altamirano
17.591958,-94.20495,30111,42000000-0000-0000-0000-000000002213,40000000-0000-0000-0000-000000000030,Moloacan
19.391896,-96.522523,30112,42000000-0000-0000-0000-000000002214,40000000-0000-0000-0000-000000000030,Naolinco
18.483897,-96.574083,30113,42000000-0000-0000-0000-000000002215,40000000-0000-0000-0000-000000000030,Naranjal
20.123309,-96.462693,30114,42000000-0000-0000-0000-000000002216,40000000-0000-0000-0000-000000000030,Nautla
18.492113,-97.09452,30115,42000000-0000-0000-0000-000000002217,40000000-0000-0000-0000-000000000030,Nogales
17.554147,-94.5349,30116,42000000-0000-0000-0000-000000002218,40000000-0000-0000-0000-000000000030,Oluta
18.44503,-96.471033,30117,42000000-0000-0000-0000-000000002219,40000000-0000-0000-0000-000000000030,Omealca
18.510346,-97.055609,30118,42000000-0000-0000-0000-000000002220,40000000-0000-0000-0000-000000000030,Orizaba
18.103617,-96.020447,30119,42000000-0000-0000-0000-000000002221,40000000-0000-0000-0000-000000000030,Otatitlan
17.595821,-94.395972,30120,42000000-0000-0000-0000-000000002222,40000000-0000-0000-0000-000000000030,Oteapan
21.394054,-97.510182,30121,42000000-0000-0000-0000-000000002223,40000000-0000-0000-0000-000000000030,Ozuluama de Mascarenas
18.154228,-94.413043,30122,42000000-0000-0000-0000-000000002224,40000000-0000-0000-0000-000000000030,Pajapan
22.031301,-98.10527,30123,42000000-0000-0000-0000-000000002225,40000000-0000-0000-0000-000000000030,Panuco
20.264824,-97.19219,30124,42000000-0000-0000-0000-000000002226,40000000-0000-0000-0000-000000000030,Papantla
18.581976,-96.432824,30125,42000000-0000-0000-0000-000000002227,40000000-0000-0000-0000-000000000030,Paso del Macho
19.170617,-96.261843,30126,42000000-0000-0000-0000-000000002228,40000000-0000-0000-0000-000000000030,Paso de Ovejas
18.553943,-97.080249,30127,42000000-0000-0000-0000-000000002229,40000000-0000-0000-0000-000000000030,La Perla
19.333835,-97.143866,30128,42000000-0000-0000-0000-000000002230,40000000-0000-0000-0000-000000000030,Perote
21.162351,-98.222692,30129,42000000-0000-0000-0000-000000002231,40000000-0000-0000-0000-000000000030,Platon Sanchez
17.495568,-95.48434,30130,42000000-0000-0000-0000-000000002232,40000000-0000-0000-0000-000000000030,Playa Vicente
20.320272,-97.263684,30131,42000000-0000-0000-0000-000000002233,40000000-0000-0000-0000-000000000030,Poza Rica de Hidalgo
19.381853,-97.061216,30132,42000000-0000-0000-0000-000000002234,40000000-0000-0000-0000-000000000030,Las Vigas de Ramirez
22.110108,-97.501203,30133,42000000-0000-0000-0000-000000002235,40000000-0000-0000-0000-000000000030,Pueblo Viejo
19.193855,-96.28539,30134,42000000-0000-0000-0000-000000002236,40000000-0000-0000-0000-000000000030,Puente Nacional
18.483788,-97.042438,30135,42000000-0000-0000-0000-000000002237,40000000-0000-0000-0000-000000000030,Rafael Delgado
19.353518,-96.592241,30136,42000000-0000-0000-0000-000000002238,40000000-0000-0000-0000-000000000030,Rafael Lucio
18.402128,-97.023933,30137,42000000-0000-0000-0000-000000002239,40000000-0000-0000-0000-000000000030,Los Reyes
18.501991,-97.082229,30138,42000000-0000-0000-0000-000000002240,40000000-0000-0000-0000-000000000030,Rio Blanco
18.352487,-95.315476,30139,42000000-0000-0000-0000-000000002241,40000000-0000-0000-0000-000000000030,Saltabarranca
18.471933,-97.053561,30140,42000000-0000-0000-0000-000000002242,40000000-0000-0000-0000-000000000030,San Andres Tenejapan
18.265521,-95.124526,30141,42000000-0000-0000-0000-000000002243,40000000-0000-0000-0000-000000000030,San Andres Tuxtla
17.530979,-95.082429,30142,42000000-0000-0000-0000-000000002244,40000000-0000-0000-0000-000000000030,San Juan Evangelista
18.275631,-95.180631,30143,42000000-0000-0000-0000-000000002245,40000000-0000-0000-0000-000000000030,Santiago Tuxtla
17.525149,-94.573639,30144,42000000-0000-0000-0000-000000002246,40000000-0000-0000-0000-000000000030,Sayula de Aleman
17.574637,-94.525178,30145,42000000-0000-0000-0000-000000002247,40000000-0000-0000-0000-000000000030,Soconusco
19.113586,-96.562632,30146,42000000-0000-0000-0000-000000002248,40000000-0000-0000-0000-000000000030,Sochiapa
18.451913,-97.085789,30147,42000000-0000-0000-0000-000000002249,40000000-0000-0000-0000-000000000030,Soledad Atzompa
19.024109,-96.252384,30148,42000000-0000-0000-0000-000000002250,40000000-0000-0000-0000-000000000030,Soledad de Doblado
18.134624,-94.522192,30149,42000000-0000-0000-0000-000000002251,40000000-0000-0000-0000-000000000030,Soteapan
21.201658,-97.484763,30150,42000000-0000-0000-0000-000000002252,40000000-0000-0000-0000-000000000030,Tamalin
21.164707,-97.264749,30151,42000000-0000-0000-0000-000000002253,40000000-0000-0000-0000-000000000030,Tamiahua
22.064697,-97.480585,30152,42000000-0000-0000-0000-000000002254,40000000-0000-0000-0000-000000000030,Tampico Alto
21.171097,-97.472911,30153,42000000-0000-0000-0000-000000002255,40000000-0000-0000-0000-000000000030,Tancoco
21.194669,-97.495985,30154,42000000-0000-0000-0000-000000002256,40000000-0000-0000-0000-000000000030,Tantima
21.210653,-98.134771,30155,42000000-0000-0000-0000-000000002257,40000000-0000-0000-0000-000000000030,Tantoyuca
19.413645,-97.064371,30156,42000000-0000-0000-0000-000000002258,40000000-0000-0000-0000-000000000030,Tatatila
20.445904,-97.37579,30157,42000000-0000-0000-0000-000000002259,40000000-0000-0000-0000-000000000030,Castillo de Teayo
20.283861,-97.003042,30158,42000000-0000-0000-0000-000000002260,40000000-0000-0000-0000-000000000030,Tecolutla
18.310394,-97.032206,30159,42000000-0000-0000-0000-000000002261,40000000-0000-0000-0000-000000000030,Tehuipango
20.550171,-97.403191,30160,42000000-0000-0000-0000-000000002262,40000000-0000-0000-0000-000000000030,Alamo Temapache
21.312021,-98.231725,30161,42000000-0000-0000-0000-000000002263,40000000-0000-0000-0000-000000000030,Tempoal
19.14548,-96.530547,30162,42000000-0000-0000-0000-000000002264,40000000-0000-0000-0000-000000000030,Tenampa
19.483648,-96.545892,30163,42000000-0000-0000-0000-000000002265,40000000-0000-0000-0000-000000000030,Tenochtitlan
19.23105,-96.581984,30164,42000000-0000-0000-0000-000000002266,40000000-0000-0000-0000-000000000030,Teocelo
19.040244,-96.503134,30165,42000000-0000-0000-0000-000000002267,40000000-0000-0000-0000-000000000030,Tepatlaxco
19.402593,-96.474555,30166,42000000-0000-0000-0000-000000002268,40000000-0000-0000-0000-000000000030,Tepetlan
21.095801,-97.510381,30167,42000000-0000-0000-0000-000000002269,40000000-0000-0000-0000-000000000030,Tepetzintla
18.43473,-97.040993,30168,42000000-0000-0000-0000-000000002270,40000000-0000-0000-0000-000000000030,Tequila
18.043229,-95.422867,30169,42000000-0000-0000-0000-000000002271,40000000-0000-0000-0000-000000000030,Jose Azueta
20.350535,-98.215243,30170,42000000-0000-0000-0000-000000002272,40000000-0000-0000-0000-000000000030,Texcatepec
18.37143,-97.021944,30171,42000000-0000-0000-0000-000000002273,40000000-0000-0000-0000-000000000030,Texhuacan
17.533915,-94.485475,30172,42000000-0000-0000-0000-000000002274,40000000-0000-0000-0000-000000000030,Texistepec
18.362451,-96.411512,30173,42000000-0000-0000-0000-000000002275,40000000-0000-0000-0000-000000000030,Tezonapa
18.265082,-96.213713,30174,42000000-0000-0000-0000-000000002276,40000000-0000-0000-0000-000000000030,Tierra Blanca
20.430002,-97.32166,30175,42000000-0000-0000-0000-000000002277,40000000-0000-0000-0000-000000000030,Tihuatlan
18.135119,-95.565146,30176,42000000-0000-0000-0000-000000002278,40000000-0000-0000-0000-000000000030,Tlacojalpan
19.395349,-97.000494,30177,42000000-0000-0000-0000-000000002279,40000000-0000-0000-0000-000000000030,Tlacolulan
18.364778,-95.392272,30178,42000000-0000-0000-0000-000000002280,40000000-0000-0000-0000-000000000030,Tlacotalpan
19.113168,-96.501143,30179,42000000-0000-0000-0000-000000002281,40000000-0000-0000-0000-000000000030,Tlacotepec de Mejia
20.371765,-98.115658,30180,42000000-0000-0000-0000-000000002282,40000000-0000-0000-0000-000000000030,Tlachichilco
18.480778,-96.03392,30181,42000000-0000-0000-0000-000000002283,40000000-0000-0000-0000-000000000030,Tlalixcoyan
19.335306,-96.582603,30182,42000000-0000-0000-0000-000000002284,40000000-0000-0000-0000-000000000030,Tlalnelhuayocan
19.574555,-97.124511,30183,42000000-0000-0000-0000-000000002285,40000000-0000-0000-0000-000000000030,Tlapacoyan
18.364417,-97.070797,30184,42000000-0000-0000-0000-000000002286,40000000-0000-0000-0000-000000000030,Tlaquilpa
18.482068,-97.055661,30185,42000000-0000-0000-0000-000000002287,40000000-0000-0000-0000-000000000030,Tlilapan
19.015354,-97.003694,30186,42000000-0000-0000-0000-000000002288,40000000-0000-0000-0000-000000000030,Tomatlan
19.405841,-96.551743,30187,42000000-0000-0000-0000-000000002289,40000000-0000-0000-0000-000000000030,Tonayan
19.124063,-96.574066,30188,42000000-0000-0000-0000-000000002290,40000000-0000-0000-0000-000000000030,Totutla
20.575147,-97.241414,30189,42000000-0000-0000-0000-000000002291,40000000-0000-0000-0000-000000000030,Tuxpan
18.142026,-95.534109,30190,42000000-0000-0000-0000-000000002292,40000000-0000-0000-0000-000000000030,Tuxtilla
19.242321,-96.213586,30191,42000000-0000-0000-0000-000000002293,40000000-0000-0000-0000-000000000030,Ursulo Galvan
20.013888,-96.385915,30192,42000000-0000-0000-0000-000000002294,40000000-0000-0000-0000-000000000030,Vega de Alatorre
19.112516,-96.09109,30193,42000000-0000-0000-0000-000000002295,40000000-0000-0000-0000-000000000030,Veracruz
19.385599,-97.132289,30194,42000000-0000-0000-0000-000000002296,40000000-0000-0000-0000-000000000030,Villa Aldama
18.38521,-97.090683,30195,42000000-0000-0000-0000-000000002297,40000000-0000-0000-0000-000000000030,Xoxocotla
18.500181,-96.475459,30196,42000000-0000-0000-0000-000000002298,40000000-0000-0000-0000-000000000030,Yanga
19.515827,-96.463442,30197,42000000-0000-0000-0000-000000002299,40000000-0000-0000-0000-000000000030,Yecuatla
20.260134,-98.205531,30198,42000000-0000-0000-0000-000000002300,40000000-0000-0000-0000-000000000030,Zacualpan
17.572069,-94.383269,30199,42000000-0000-0000-0000-000000002301,40000000-0000-0000-0000-000000000030,Zaragoza
19.065509,-96.513153,30200,42000000-0000-0000-0000-000000002302,40000000-0000-0000-0000-000000000030,Zentla
18.400081,-96.595411,30201,42000000-0000-0000-0000-000000002303,40000000-0000-0000-0000-000000000030,Zongolica
20.454313,-98.20345,30202,42000000-0000-0000-0000-000000002304,40000000-0000-0000-0000-000000000030,Zontecomatlan de Lopez y Fuentes
20.082704,-97.343185,30203,42000000-0000-0000-0000-000000002305,40000000-0000-0000-0000-000000000030,Zozocolco de Hidalgo
18.081778,-94.085006,30204,42000000-0000-0000-0000-000000002306,40000000-0000-0000-0000-000000000030,Agua Dulce
21.460744,-98.271341,30205,42000000-0000-0000-0000-000000002307,40000000-0000-0000-0000-000000000030,El Higo
18.041971,-94.244023,30206,42000000-0000-0000-0000-000000002308,40000000-0000-0000-0000-000000000030,Nanchital de Lazaro Cardenas del Rio
18.142732,-96.080527,30207,42000000-0000-0000-0000-000000002309,40000000-0000-0000-0000-000000000030,Tres Valles
18.221824,-95.444114,30208,42000000-0000-0000-0000-000000002310,40000000-0000-0000-0000-000000000030,Carlos A. Carrillo
18.144721,-94.453686,30209,42000000-0000-0000-0000-000000002311,40000000-0000-0000-0000-000000000030,Tatahuicapan de Juarez
17.163369,-94.27048,30210,42000000-0000-0000-0000-000000002312,40000000-0000-0000-0000-000000000030,Uxpanapa
20.111689,-96.521544,30211,42000000-0000-0000-0000-000000002313,40000000-0000-0000-0000-000000000030,San Rafael
17.394944,-95.440457,30212,42000000-0000-0000-0000-000000002314,40000000-0000-0000-0000-000000000030,Santiago Sochiapan
20.385128,-89.405119,31001,42000000-0000-0000-0000-000000002315,40000000-0000-0000-0000-000000000031,Abala
20.484472,-89.271277,31002,42000000-0000-0000-0000-000000002316,40000000-0000-0000-0000-000000000031,Acanceh
20.160139,-89.204857,31003,42000000-0000-0000-0000-000000002317,40000000-0000-0000-0000-000000000031,Akil
21.063437,-89.235778,31004,42000000-0000-0000-0000-000000002318,40000000-0000-0000-0000-000000000031,Baca
21.002498,-89.104629,31005,42000000-0000-0000-0000-000000002319,40000000-0000-0000-0000-000000000031,Bokoba
21.120683,-88.474006,31006,42000000-0000-0000-0000-000000002320,40000000-0000-0000-0000-000000000031,Buctzotz
20.585916,-89.134145,31007,42000000-0000-0000-0000-000000002321,40000000-0000-0000-0000-000000000031,Cacalchen
21.010944,-88.103737,31008,42000000-0000-0000-0000-000000002322,40000000-0000-0000-0000-000000000031,Calotmul
21.092917,-89.060843,31009,42000000-0000-0000-0000-000000002323,40000000-0000-0000-0000-000000000031,Cansahcab
20.2814,-89.04514,31010,42000000-0000-0000-0000-000000002324,40000000-0000-0000-0000-000000000031,Cantamayec
20.513633,-90.235807,31011,42000000-0000-0000-0000-000000002325,40000000-0000-0000-0000-000000000031,Celestun
20.575678,-88.361591,31012,42000000-0000-0000-0000-000000002326,40000000-0000-0000-0000-000000000031,Cenotillo
21.042602,-89.311662,31013,42000000-0000-0000-0000-000000002327,40000000-0000-0000-0000-000000000031,Conkal
20.382819,-88.174787,31014,42000000-0000-0000-0000-000000002328,40000000-0000-0000-0000-000000000031,Cuncunul
20.442934,-89.190106,31015,42000000-0000-0000-0000-000000002329,40000000-0000-0000-0000-000000000031,Cuzama
20.102136,-89.005907,31016,42000000-0000-0000-0000-000000002330,40000000-0000-0000-0000-000000000031,Chacsinkin
20.34069,-88.304445,31017,42000000-0000-0000-0000-000000002331,40000000-0000-0000-0000-000000000031,Chankom
20.27315,-89.272359,31018,42000000-0000-0000-0000-000000002332,40000000-0000-0000-0000-000000000031,Chapab
20.391806,-87.561438,31019,42000000-0000-0000-0000-000000002333,40000000-0000-0000-0000-000000000031,Chemax
21.081424,-89.305427,31020,42000000-0000-0000-0000-000000002334,40000000-0000-0000-0000-000000000031,Chicxulub Pueblo
20.375257,-88.130263,31021,42000000-0000-0000-0000-000000002335,40000000-0000-0000-0000-000000000031,Chichimila
20.200116,-88.291135,31022,42000000-0000-0000-0000-000000002336,40000000-0000-0000-0000-000000000031,Chikindzonot
20.450083,-89.495052,31023,42000000-0000-0000-0000-000000002337,40000000-0000-0000-0000-000000000031,Chochola
20.254633,-89.180907,31024,42000000-0000-0000-0000-000000002338,40000000-0000-0000-0000-000000000031,Chumayel
20.231595,-89.280793,31025,42000000-0000-0000-0000-000000002339,40000000-0000-0000-0000-000000000031,Dzan
21.124141,-89.183173,31026,42000000-0000-0000-0000-000000002340,40000000-0000-0000-0000-000000000031,Dzemul
21.144804,-89.023471,31027,42000000-0000-0000-0000-000000002341,40000000-0000-0000-0000-000000000031,Dzidzantun
21.233563,-88.533077,31028,42000000-0000-0000-0000-000000002342,40000000-0000-0000-0000-000000000031,Dzilam de Bravo
21.164845,-88.554707,31029,42000000-0000-0000-0000-000000002343,40000000-0000-0000-0000-000000000031,Dzilam Gonzalez
20.502352,-88.314016,31030,42000000-0000-0000-0000-000000002344,40000000-0000-0000-0000-000000000031,Dzitas
21.074499,-88.532735,31031,42000000-0000-0000-0000-000000002345,40000000-0000-0000-0000-000000000031,Dzoncauich
21.003979,-88.182456,31032,42000000-0000-0000-0000-000000002346,40000000-0000-0000-0000-000000000031,Espita
20.283989,-90.045602,31033,42000000-0000-0000-0000-000000002347,40000000-0000-0000-0000-000000000031,Halacho
20.485846,-89.144236,31034,42000000-0000-0000-0000-000000002348,40000000-0000-0000-0000-000000000031,Hocaba
20.515476,-89.120744,31035,42000000-0000-0000-0000-000000002349,40000000-0000-0000-0000-000000000031,Hoctun
20.442226,-89.170872,31036,42000000-0000-0000-0000-000000002350,40000000-0000-0000-0000-000000000031,Homun
20.432997,-89.094392,31037,42000000-0000-0000-0000-000000002351,40000000-0000-0000-0000-000000000031,Huhi
21.005816,-89.523739,31038,42000000-0000-0000-0000-000000002352,40000000-0000-0000-0000-000000000031,Hunucma
21.09108,-89.285236,31039,42000000-0000-0000-0000-000000002353,40000000-0000-0000-0000-000000000031,Ixil
20.555879,-89.011097,31040,42000000-0000-0000-0000-000000002354,40000000-0000-0000-0000-000000000031,Izamal
20.56047,-89.332901,31041,42000000-0000-0000-0000-000000002355,40000000-0000-0000-0000-000000000031,Kanasin
20.474718,-89.021147,31042,42000000-0000-0000-0000-000000002356,40000000-0000-0000-0000-000000000031,Kantunil
20.371231,-88.245262,31043,42000000-0000-0000-0000-000000002357,40000000-0000-0000-0000-000000000031,Kaua
20.545926,-89.56513,31044,42000000-0000-0000-0000-000000002358,40000000-0000-0000-0000-000000000031,Kinchil
20.385629,-89.535829,31045,42000000-0000-0000-0000-000000002359,40000000-0000-0000-0000-000000000031,Kopoma
20.283863,-89.215609,31046,42000000-0000-0000-0000-000000002360,40000000-0000-0000-0000-000000000031,Mama
20.231573,-89.23347,31047,42000000-0000-0000-0000-000000002361,40000000-0000-0000-0000-000000000031,Mani
20.350621,-90.000231,31048,42000000-0000-0000-0000-000000002362,40000000-0000-0000-0000-000000000031,Maxcanu
20.280748,-89.125462,31049,42000000-0000-0000-0000-000000002363,40000000-0000-0000-0000-000000000031,Mayapan
20.580313,-89.372781,31050,42000000-0000-0000-0000-000000002364,40000000-0000-0000-0000-000000000031,Merida
21.062046,-89.27074,31051,42000000-0000-0000-0000-000000002365,40000000-0000-0000-0000-000000000031,Mococha
21.054398,-89.170213,31052,42000000-0000-0000-0000-000000002366,40000000-0000-0000-0000-000000000031,Motul
20.290223,-89.424816,31053,42000000-0000-0000-0000-000000002367,40000000-0000-0000-0000-000000000031,Muna
21.023416,-89.194761,31054,42000000-0000-0000-0000-000000002368,40000000-0000-0000-0000-000000000031,Muxupip
20.330235,-89.512248,31055,42000000-0000-0000-0000-000000002369,40000000-0000-0000-0000-000000000031,Opichen
20.180696,-89.250751,31056,42000000-0000-0000-0000-000000002370,40000000-0000-0000-0000-000000000031,Oxkutzcab
21.17487,-88.161626,31057,42000000-0000-0000-0000-000000002371,40000000-0000-0000-0000-000000000031,Panaba
20.073331,-88.552635,31058,42000000-0000-0000-0000-000000002372,40000000-0000-0000-0000-000000000031,Peto
21.165728,-89.394894,31059,42000000-0000-0000-0000-000000002373,40000000-0000-0000-0000-000000000031,Progreso
20.520188,-88.37543,31060,42000000-0000-0000-0000-000000002374,40000000-0000-0000-0000-000000000031,Quintana Roo
21.35519,-88.092872,31061,42000000-0000-0000-0000-000000002375,40000000-0000-0000-0000-000000000031,Rio Lagartos
20.294499,-89.35282,31062,42000000-0000-0000-0000-000000002376,40000000-0000-0000-0000-000000000031,Sacalum
20.53003,-89.531974,31063,42000000-0000-0000-0000-000000002377,40000000-0000-0000-0000-000000000031,Samahil
20.461654,-89.125314,31064,42000000-0000-0000-0000-000000002378,40000000-0000-0000-0000-000000000031,Sanahcat
21.340336,-88.135543,31065,42000000-0000-0000-0000-000000002379,40000000-0000-0000-0000-000000000031,San Felipe
20.194403,-89.383573,31066,42000000-0000-0000-0000-000000002380,40000000-0000-0000-0000-000000000031,Santa Elena
20.501315,-89.222011,31067,42000000-0000-0000-0000-000000002381,40000000-0000-0000-0000-000000000031,Seye
21.133214,-89.110882,31068,42000000-0000-0000-0000-000000002382,40000000-0000-0000-0000-000000000031,Sinanche
20.354206,-89.002414,31069,42000000-0000-0000-0000-000000002383,40000000-0000-0000-0000-000000000031,Sotuta
21.09222,-88.185018,31070,42000000-0000-0000-0000-000000002384,40000000-0000-0000-0000-000000000031,Sucila
20.521954,-88.591965,31071,42000000-0000-0000-0000-000000002385,40000000-0000-0000-0000-000000000031,Sudzal
21.051137,-89.08538,31072,42000000-0000-0000-0000-000000002386,40000000-0000-0000-0000-000000000031,Suma
20.121375,-88.564165,31073,42000000-0000-0000-0000-000000002387,40000000-0000-0000-0000-000000000031,Tahdziu
20.523193,-89.152086,31074,42000000-0000-0000-0000-000000002388,40000000-0000-0000-0000-000000000031,Tahmek
20.240148,-89.170571,31075,42000000-0000-0000-0000-000000002389,40000000-0000-0000-0000-000000000031,Teabo
20.443021,-89.282749,31076,42000000-0000-0000-0000-000000002390,40000000-0000-0000-0000-000000000031,Tecoh
21.005066,-88.564922,31077,42000000-0000-0000-0000-000000002391,40000000-0000-0000-0000-000000000031,Tekal de Venegas
21.004193,-89.06219,31078,42000000-0000-0000-0000-000000002392,40000000-0000-0000-0000-000000000031,Tekanto
20.121247,-89.17182,31079,42000000-0000-0000-0000-000000002393,40000000-0000-0000-0000-000000000031,Tekax
20.320058,-89.195914,31080,42000000-0000-0000-0000-000000002394,40000000-0000-0000-0000-000000000031,Tekit
20.360801,-88.155198,31081,42000000-0000-0000-0000-000000002395,40000000-0000-0000-0000-000000000031,Tekom
21.121206,-89.161656,31082,42000000-0000-0000-0000-000000002396,40000000-0000-0000-0000-000000000031,Telchac Pueblo
21.203481,-89.155121,31083,42000000-0000-0000-0000-000000002397,40000000-0000-0000-0000-000000000031,Telchac Puerto
21.090663,-88.561908,31084,42000000-0000-0000-0000-000000002398,40000000-0000-0000-0000-000000000031,Temax
20.481325,-88.120417,31085,42000000-0000-0000-0000-000000002399,40000000-0000-0000-0000-000000000031,Temozon
21.025776,-89.022201,31086,42000000-0000-0000-0000-000000002400,40000000-0000-0000-0000-000000000031,Tepakan
20.574288,-89.560042,31087,42000000-0000-0000-0000-000000002401,40000000-0000-0000-0000-000000000031,Tetiz
21.025474,-89.042535,31088,42000000-0000-0000-0000-000000002402,40000000-0000-0000-0000-000000000031,Teya
20.235402,-89.320401,31089,42000000-0000-0000-0000-000000002403,40000000-0000-0000-0000-000000000031,Ticul
20.483783,-89.304862,31090,42000000-0000-0000-0000-000000002404,40000000-0000-0000-0000-000000000031,Timucuy
20.460171,-88.232846,31091,42000000-0000-0000-0000-000000002405,40000000-0000-0000-0000-000000000031,Tinum
20.321352,-88.161296,31092,42000000-0000-0000-0000-000000002406,40000000-0000-0000-0000-000000000031,Tixcacalcupul
21.000894,-89.234219,31093,42000000-0000-0000-0000-000000002407,40000000-0000-0000-0000-000000000031,Tixkokob
20.14086,-89.06324,31094,42000000-0000-0000-0000-000000002408,40000000-0000-0000-0000-000000000031,Tixmehuac
20.584141,-89.263085,31095,42000000-0000-0000-0000-000000002409,40000000-0000-0000-0000-000000000031,Tixpehual
21.083668,-88.090816,31096,42000000-0000-0000-0000-000000002410,40000000-0000-0000-0000-000000000031,Tizimin
20.540846,-88.450821,31097,42000000-0000-0000-0000-000000002411,40000000-0000-0000-0000-000000000031,Tunkas
20.041895,-89.030119,31098,42000000-0000-0000-0000-000000002412,40000000-0000-0000-0000-000000000031,Tzucacab
20.430404,-88.19017,31099,42000000-0000-0000-0000-000000002413,40000000-0000-0000-0000-000000000031,Uayma
21.015425,-89.444719,31100,42000000-0000-0000-0000-000000002414,40000000-0000-0000-0000-000000000031,Ucu
20.52548,-89.445382,31101,42000000-0000-0000-0000-000000002415,40000000-0000-0000-0000-000000000031,Uman
20.412301,-88.120353,31102,42000000-0000-0000-0000-000000002416,40000000-0000-0000-0000-000000000031,Valladolid
20.500056,-89.110139,31103,42000000-0000-0000-0000-000000002417,40000000-0000-0000-0000-000000000031,Xocchel
20.325685,-88.493794,31104,42000000-0000-0000-0000-000000002418,40000000-0000-0000-0000-000000000031,Yaxcaba
21.034852,-89.250926,31105,42000000-0000-0000-0000-000000002419,40000000-0000-0000-0000-000000000031,Yaxkukul
21.140048,-89.06594,31106,42000000-0000-0000-0000-000000002420,40000000-0000-0000-0000-000000000031,Yobain
21.281516,-103.052828,32001,42000000-0000-0000-0000-000000002421,40000000-0000-0000-0000-000000000032,Apozol
21.231838,-102.405235,32002,42000000-0000-0000-0000-000000002422,40000000-0000-0000-0000-000000000032,Apulco
21.482502,-103.27561,32003,42000000-0000-0000-0000-000000002423,40000000-0000-0000-0000-000000000032,Atolinga
21.301612,-103.332142,32004,42000000-0000-0000-0000-000000002424,40000000-0000-0000-0000-000000000032,Benito Juarez
22.565653,-102.420815,32005,42000000-0000-0000-0000-000000002425,40000000-0000-0000-0000-000000000032,Calera
23.362511,-102.433572,32006,42000000-0000-0000-0000-000000002426,40000000-0000-0000-0000-000000000032,Canitas de Felipe Pescador
24.364741,-101.251374,32007,42000000-0000-0000-0000-000000002427,40000000-0000-0000-0000-000000000032,Concepcion del Oro
22.265719,-102.210037,32008,42000000-0000-0000-0000-000000002428,40000000-0000-0000-0000-000000000032,Cuauhtemoc
23.283846,-103.530257,32009,42000000-0000-0000-0000-000000002429,40000000-0000-0000-0000-000000000032,Chalchihuites
23.102962,-102.520563,32010,42000000-0000-0000-0000-000000002430,40000000-0000-0000-0000-000000000032,Fresnillo
21.123524,-103.275354,32011,42000000-0000-0000-0000-000000002431,40000000-0000-0000-0000-000000000032,Trinidad Garcia de la Cadena
22.291541,-102.272367,32012,42000000-0000-0000-0000-000000002432,40000000-0000-0000-0000-000000000032,Genaro Codina
22.594244,-102.442405,32013,42000000-0000-0000-0000-000000002433,40000000-0000-0000-0000-000000000032,General Enrique Estrada
23.594081,-103.011137,32014,42000000-0000-0000-0000-000000002434,40000000-0000-0000-0000-000000000032,General Francisco R. Murguia
21.561195,-103.053262,32015,42000000-0000-0000-0000-000000002435,40000000-0000-0000-0000-000000000032,El Plateado de Joaquin Amaro
22.395174,-102.063572,32016,42000000-0000-0000-0000-000000002436,40000000-0000-0000-0000-000000000032,General Panfilo Natera
22.444842,-102.310769,32017,42000000-0000-0000-0000-000000002437,40000000-0000-0000-0000-000000000032,Guadalupe
21.461981,-102.581929,32018,42000000-0000-0000-0000-000000002438,40000000-0000-0000-0000-000000000032,Huanusco
21.375606,-102.5833,32019,42000000-0000-0000-0000-000000002439,40000000-0000-0000-0000-000000000032,Jalpa
22.385785,-102.592373,32020,42000000-0000-0000-0000-000000002440,40000000-0000-0000-0000-000000000032,Jerez
23.15148,-103.475418,32021,42000000-0000-0000-0000-000000002441,40000000-0000-0000-0000-000000000032,Jimenez del Teul
24.172573,-103.233693,32022,42000000-0000-0000-0000-000000002442,40000000-0000-0000-0000-000000000032,Juan Aldama
21.244141,-103.070928,32023,42000000-0000-0000-0000-000000002443,40000000-0000-0000-0000-000000000032,Juchipila
22.161987,-101.591163,32024,42000000-0000-0000-0000-000000002444,40000000-0000-0000-0000-000000000032,Loreto
22.255692,-102.14573,32025,42000000-0000-0000-0000-000000002445,40000000-0000-0000-0000-000000000032,Luis Moya
24.381715,-101.331788,32026,42000000-0000-0000-0000-000000002446,40000000-0000-0000-0000-000000000032,Mazapil
24.495421,-101.383202,32027,42000000-0000-0000-0000-000000002447,40000000-0000-0000-0000-000000000032,Melchor Ocampo
21.13002,-103.214644,32028,42000000-0000-0000-0000-000000002448,40000000-0000-0000-0000-000000000032,Mezquital del Oro
24.174001,-103.270522,32029,42000000-0000-0000-0000-000000002449,40000000-0000-0000-0000-000000000032,Miguel Auza
21.551925,-103.185031,32030,42000000-0000-0000-0000-000000002450,40000000-0000-0000-0000-000000000032,Momax
22.181003,-103.334192,32031,42000000-0000-0000-0000-000000002451,40000000-0000-0000-0000-000000000032,Monte Escobedo
22.51439,-102.363433,32032,42000000-0000-0000-0000-000000002452,40000000-0000-0000-0000-000000000032,Morelos
21.155614,-103.095651,32033,42000000-0000-0000-0000-000000002453,40000000-0000-0000-0000-000000000032,Moyahua de Estrada
21.214771,-102.504979,32034,42000000-0000-0000-0000-000000002454,40000000-0000-0000-0000-000000000032,Nochistlan de Mejia
22.263372,-101.543203,32035,42000000-0000-0000-0000-000000002455,40000000-0000-0000-0000-000000000032,Noria de Angeles
22.341908,-102.151056,32036,42000000-0000-0000-0000-000000002456,40000000-0000-0000-0000-000000000032,Ojocaliente
22.523347,-102.322718,32037,42000000-0000-0000-0000-000000002457,40000000-0000-0000-0000-000000000032,Panuco
22.175583,-101.34306,32038,42000000-0000-0000-0000-000000002458,40000000-0000-0000-0000-000000000032,Pinos
23.493876,-103.020359,32039,42000000-0000-0000-0000-000000002459,40000000-0000-0000-0000-000000000032,Rio Grande
23.344739,-103.145093,32040,42000000-0000-0000-0000-000000002460,40000000-0000-0000-0000-000000000032,Sain Alto
24.311408,-100.520419,32041,42000000-0000-0000-0000-000000002461,40000000-0000-0000-0000-000000000032,El Salvador
23.375296,-103.382883,32042,42000000-0000-0000-0000-000000002462,40000000-0000-0000-0000-000000000032,Sombrerete
22.363992,-103.055888,32043,42000000-0000-0000-0000-000000002463,40000000-0000-0000-0000-000000000032,Susticacan
21.5155,-102.544701,32044,42000000-0000-0000-0000-000000002464,40000000-0000-0000-0000-000000000032,Tabasco
21.401605,-103.193945,32045,42000000-0000-0000-0000-000000002465,40000000-0000-0000-0000-000000000032,Tepechitlan
22.274055,-103.085243,32046,42000000-0000-0000-0000-000000002466,40000000-0000-0000-0000-000000000032,Tepetongo
21.275073,-103.274334,32047,42000000-0000-0000-0000-000000002467,40000000-0000-0000-0000-000000000032,Teul de Gonzalez Ortega
21.465895,-103.182093,32048,42000000-0000-0000-0000-000000002468,40000000-0000-0000-0000-000000000032,Tlaltenango de Sanchez Roman
22.461884,-103.340204,32049,42000000-0000-0000-0000-000000002469,40000000-0000-0000-0000-000000000032,Valparaiso
22.495813,-102.332031,32050,42000000-0000-0000-0000-000000002470,40000000-0000-0000-0000-000000000032,Vetagrande
23.173801,-102.20488,32051,42000000-0000-0000-0000-000000002471,40000000-0000-0000-0000-000000000032,Villa de Cos
22.095363,-101.572275,32052,42000000-0000-0000-0000-000000002472,40000000-0000-0000-0000-000000000032,Villa Garcia
22.304677,-101.544954,32053,42000000-0000-0000-0000-000000002473,40000000-0000-0000-0000-000000000032,Villa Gonzalez Ortega
22.212552,-101.424536,32054,42000000-0000-0000-0000-000000002474,40000000-0000-0000-0000-000000000032,Villa Hidalgo
22.211533,-102.530141,32055,42000000-0000-0000-0000-000000002475,40000000-0000-0000-0000-000000000032,Villanueva
22.463395,-102.341861,32056,42000000-0000-0000-0000-000000002476,40000000-0000-0000-0000-000000000032,Zacatecas
22.44074,-102.215774,32057,42000000-0000-0000-0000-000000002477,40000000-0000-0000-0000-000000000032,Trancoso
21.304384,-103.242535,32058,42000000-0000-0000-0000-000000002478,40000000-0000-0000-0000-000000000032,Santa Maria de la Paz
