scope,municipality_id,municipio_nombre,disease_key,disease_name,confirmation_status,case_count,started_at,ended_at,status,source_datasets,latest_update
MUNICIPALITY,42000000-0000-0000-0000-000000002315,Abala,COVID-19,COVID-19,SUSPECTED,1,2026-08-17 00:00:00,,ACTIVE,COVID19MEXICO,2026-08-24
MUNICIPALITY,42000000-0000-0000-0000-000000002315,Abala,INFLUENZA,Influenza,SUSPECTED,1,2026-08-17 00:00:00,,ACTIVE,COVID19MEXICO,2026-08-24
MUNICIPALITY,42000000-0000-0000-0000-000000000331,Abasolo,COVID-19,COVID-19,SUSPECTED,1,2026-08-18 00:00:00,,ACTIVE,COVID19MEXICO,2026-08-24
MUNICIPALITY,42000000-0000-0000-0000-000000000331,Abasolo,INFLUENZA,Influenza,SUSPECTED,1,2026-08-18 00:00:00,,ACTIVE,COVID19MEXICO,2026-08-24
MUNICIPALITY,42000000-0000-0000-0000-000000000085,Acacoyagua,MEASLES,Measles,SUSPECTED,2,2026-08-18 00:00:00,,ACTIVE,EFES_ABIERTO,2026-08-18
MUNICIPALITY,42000000-0000-0000-0000-000000000085,Acacoyagua,RUBELLA,Rubella,SUSPECTED,2,2026-08-18 00:00:00,,ACTIVE,EFES_ABIERTO,2026-08-18
MUNICIPALITY,42000000-0000-0000-0000-000000001586,Acajete,COVID-19,COVID-19,SUSPECTED,1,2026-06-15 00:00:00,,ACTIVE,COVID19MEXICO,2026-08-24
MUNICIPALITY,42000000-0000-0000-0000-000000001586,Acajete,INFLUENZA,Influenza,SUSPECTED,1,2026-06-15 00:00:00,,ACTIVE,COVID19MEXICO,2026-08-24
MUNICIPALITY,42000000-0000-0000-0000-000000000086,Acala,MEASLES,Measles,CONFIRMED,1,2026-06-03 00:00:00,,ACTIVE,EFES_ABIERTO,2026-08-18
MUNICIPALITY,42000000-0000-0000-0000-000000000086,Acala,MEASLES,Measles,SUSPECTED,4,2026-08-18 00:00:00,,ACTIVE,EFES_ABIERTO,2026-08-18
MUNICIPALITY,42000000-0000-0000-0000-000000000086,Acala,RUBELLA,Rubella,SUSPECTED,4,2026-08-18 00:00:00,,ACTIVE,EFES_ABIERTO,2026-08-18
MUNICIPALITY,42000000-0000-0000-0000-000000000332,Acambaro,COVID-19,COVID-19,CONFIRMED,2,2026-08-09 00:00:00,,ACTIVE,COVID19MEXICO,2026-08-24
MUNICIPALITY,42000000-0000-0000-0000-000000000332,Acambaro,COVID-19,COVID-19,SUSPECTED,10,2026-06-07 00:00:00,,ACTIVE,COVID19MEXICO,2026-08-24
MUNICIPALITY,42000000-0000-0000-0000-000000000332,Acambaro,INFLUENZA,Influenza,SUSPECTED,10,2026-06-07 00:00:00,,ACTIVE,COVID19MEXICO,2026-08-24
MUNICIPALITY,42000000-0000-0000-0000-000000000332,Acambaro,MEASLES,Measles,SUSPECTED,2,2026-08-18 00:00:00,,ACTIVE,EFES_ABIERTO,2026-08-18
MUNICIPALITY,42000000-0000-0000-0000-000000000332,Acambaro,RUBELLA,Rubella,SUSPECTED,2,2026-08-18 00:00:00,,ACTIVE,EFES_ABIERTO,2026-08-18
MUNICIPALITY,42000000-0000-0000-0000-000000000671,Acambay de Ruiz Castaneda,COVID-19,COVID-19,SUSPECTED,2,2026-07-02 00:00:00,,ACTIVE,COVID19MEXICO,2026-08-24
MUNICIPALITY,42000000-0000-0000-0000-000000000671,Acambay de Ruiz Castaneda,INFLUENZA,Influenza,SUSPECTED,2,2026-07-02 00:00:00,,ACTIVE,COVID19MEXICO,2026-08-24
MUNICIPALITY,42000000-0000-0000-0000-000000002316,Acanceh,COVID-19,COVID-19,SUSPECTED,2,2026-06-22 00:00:00,,ACTIVE,COVID19MEXICO,2026-08-24
MUNICIPALITY,42000000-0000-0000-0000-000000002316,Acanceh,INFLUENZA,Influenza,CONFIRMED,2,2026-08-02 00:00:00,,ACTIVE,COVID19MEXICO,2026-08-24
MUNICIPALITY,42000000-0000-0000-0000-000000002316,Acanceh,INFLUENZA,Influenza,SUSPECTED,2,2026-06-22 00:00:00,,ACTIVE,COVID19MEXICO,2026-08-24
MUNICIPALITY,42000000-0000-0000-0000-000000000377,Acapulco de Juarez,COVID-19,COVID-19,CONFIRMED,3,2026-07-19 00:00:00,,ACTIVE,COVID19MEXICO,2026-08-24
MUNICIPALITY,42000000-0000-0000-0000-000000000377,Acapulco de Juarez,COVID-19,COVID-19,SUSPECTED,238,2026-06-01 00:00:00,,ACTIVE,COVID19MEXICO,2026-08-24
MUNICIPALITY,42000000-0000-0000-0000-000000000377,Acapulco de Juarez,DENGUE,Dengue fever,SUSPECTED,1,2026-06-03 00:00:00,,ACTIVE,DENGUE_ABIERTO,2026-08-20
MUNICIPALITY,42000000-0000-0000-0000-000000000377,Acapulco de Juarez,INFLUENZA,Influenza,SUSPECTED,238,2026-06-01 00:00:00,,ACTIVE,COVID19MEXICO,2026-08-24
MUNICIPALITY,42000000-0000-0000-0000-000000000377,Acapulco de Juarez,MEASLES,Measles,SUSPECTED,3,2026-08-18 00:00:00,,ACTIVE,EFES_ABIERTO,2026-08-18
MUNICIPALITY,42000000-0000-0000-0000-000000000377,Acapulco de Juarez,RUBELLA,Rubella,SUSPECTED,3,2026-08-18 00:00:00,,ACTIVE,EFES_ABIERTO,2026-08-18
MUNICIPALITY,42000000-0000-0000-0000-000000001588,Acatlan,COVID-19,COVID-19,CONFIRMED,1,2026-07-29 00:00:00,,ACTIVE,COVID19MEXICO,2026-08-24
MUNICIPALITY,42000000-0000-0000-0000-000000001588,Acatlan,COVID-19,COVID-19,SUSPECTED,2,2026-06-30 00:00:00,,ACTIVE,COVID19MEXICO,2026-08-24
MUNICIPALITY,42000000-0000-0000-0000-000000001588,Acatlan,INFLUENZA,Influenza,SUSPECTED,2,2026-06-30 00:00:00,,ACTIVE,COVID19MEXICO,2026-08-24
MUNICIPALITY,42000000-0000-0000-0000-000000000547,Acatlan de Juarez,COVID-19,COVID-19,SUSPECTED,2,2026-08-01 00:00:00,,ACTIVE,COVID19MEXICO,2026-08-24
MUNICIPALITY,42000000-0000-0000-0000-000000000547,Acatlan de Juarez,INFLUENZA,Influenza,SUSPECTED,2,2026-08-01 00:00:00,,ACTIVE,COVID19MEXICO,2026-08-24
MUNICIPALITY,42000000-0000-0000-0000-000000000547,Acatlan de Juarez,MEASLES,Measles,SUSPECTED,2,2026-08-18 00:00:00,,ACTIVE,EFES_ABIERTO,2026-08-18
MUNICIPALITY,42000000-0000-0000-0000-000000000547,Acatlan de Juarez,RUBELLA,Rubella,SUSPECTED,2,2026-08-18 00:00:00,,ACTIVE,EFES_ABIERTO,2026-08-18
MUNICIPALITY,42000000-0000-0000-0000-000000001017,Acatlan de Perez Figueroa,COVID-19,COVID-19,SUSPECTED,1,2026-06-07 00:00:00,,ACTIVE,COVID19MEXICO,2026-08-24
MUNICIPALITY,42000000-0000-0000-0000-000000001017,Acatlan de Perez Figueroa,INFLUENZA,Influenza,SUSPECTED,1,2026-06-07 00:00:00,,ACTIVE,COVID19MEXICO,2026-08-24
MUNICIPALITY,42000000-0000-0000-0000-000000001589,Acatzingo,COVID-19,COVID-19,SUSPECTED,1,2026-07-17 00:00:00,,ACTIVE,COVID19MEXICO,2026-08-24
MUNICIPALITY,42000000-0000-0000-0000-000000001589,Acatzingo,INFLUENZA,Influenza,SUSPECTED,1,2026-07-17 00:00:00,,ACTIVE,COVID19MEXICO,2026-08-24
MUNICIPALITY,42000000-0000-0000-0000-000000000463,Acaxochitlan,COVID-19,COVID-19,CONFIRMED,1,2026-08-04 00:00:00,,ACTIVE,COVID19MEXICO,2026-08-24
MUNICIPALITY,42000000-0000-0000-0000-000000000672,Acolman,COVID-19,COVID-19,SUSPECTED,5,2026-06-15 00:00:00,,ACTIVE,COVID19MEXICO,2026-08-24
MUNICIPALITY,42000000-0000-0000-0000-000000000672,Acolman,INFLUENZA,Influenza,SUSPECTED,5,2026-06-15 00:00:00,,ACTIVE,COVID19MEXICO,2026-08-24
MUNICIPALITY,42000000-0000-0000-0000-000000000464,Actopan,COVID-19,COVID-19,SUSPECTED,3,2026-06-25 00:00:00,,ACTIVE,COVID19MEXICO,2026-08-24
MUNICIPALITY,42000000-0000-0000-0000-000000000464,Actopan,INFLUENZA,Influenza,SUSPECTED,3,2026-06-25 00:00:00,,ACTIVE,COVID19MEXICO,2026-08-24
MUNICIPALITY,42000000-0000-0000-0000-000000000796,Acuitzio,MEASLES,Measles,SUSPECTED,1,2026-08-18 00:00:00,,ACTIVE,EFES_ABIERTO,2026-08-18
MUNICIPALITY,42000000-0000-0000-0000-000000000796,Acuitzio,RUBELLA,Rubella,SUSPECTED,1,2026-08-18 00:00:00,,ACTIVE,EFES_ABIERTO,2026-08-18
MUNICIPALITY,42000000-0000-0000-0000-000000000673,Aculco,COVID-19,COVID-19,SUSPECTED,4,2026-06-12 00:00:00,,ACTIVE,COVID19MEXICO,2026-08-24
MUNICIPALITY,42000000-0000-0000-0000-000000000673,Aculco,INFLUENZA,Influenza,SUSPECTED,4,2026-06-12 00:00:00,,ACTIVE,COVID19MEXICO,2026-08-24
MUNICIPALITY,42000000-0000-0000-0000-000000002306,Agua Dulce,COVID-19,COVID-19,SUSPECTED,2,2026-07-25 00:00:00,,ACTIVE,COVID19MEXICO,2026-08-24
MUNICIPALITY,42000000-0000-0000-0000-000000002306,Agua Dulce,INFLUENZA,Influenza,SUSPECTED,2,2026-07-25 00:00:00,,ACTIVE,COVID19MEXICO,2026-08-24
MUNICIPALITY,42000000-0000-0000-0000-000000001912,Agua Prieta,COVID-19,COVID-19,SUSPECTED,5,2026-06-05 00:00:00,,ACTIVE,COVID19MEXICO,2026-08-24
MUNICIPALITY,42000000-0000-0000-0000-000000001912,Agua Prieta,INFLUENZA,Influenza,SUSPECTED,5,2026-06-05 00:00:00,,ACTIVE,COVID19MEXICO,2026-08-24
MUNICIPALITY,42000000-0000-0000-0000-000000001912,Agua Prieta,MEASLES,Measles,SUSPECTED,1,2026-08-18 00:00:00,,ACTIVE,EFES_ABIERTO,2026-08-18
MUNICIPALITY,42000000-0000-0000-0000-000000001912,Agua Prieta,RUBELLA,Rubella,SUSPECTED,1,2026-08-18 00:00:00,,ACTIVE,EFES_ABIERTO,2026-08-18
MUNICIPALITY,42000000-0000-0000-0000-000000000966,Agualeguas,COVID-19,COVID-19,SUSPECTED,1,2026-07-20 00:00:00,,ACTIVE,COVID19MEXICO,2026-08-24
MUNICIPALITY,42000000-0000-0000-0000-000000000966,Agualeguas,INFLUENZA,Influenza,SUSPECTED,1,2026-07-20 00:00:00,,ACTIVE,COVID19MEXICO,2026-08-24
MUNICIPALITY,42000000-0000-0000-0000-000000000001,Aguascalientes,COVID-19,COVID-19,CONFIRMED,8,2026-06-01 00:00:00,,ACTIVE,COVID19MEXICO,2026-08-24
MUNICIPALITY,42000000-0000-0000-0000-000000000001,Aguascalientes,COVID-19,COVID-19,SUSPECTED,199,2026-06-01 00:00:00,,ACTIVE,COVID19MEXICO,2026-08-24
MUNICIPALITY,42000000-0000-0000-0000-000000000001,Aguascalientes,DENGUE,Dengue fever,SUSPECTED,1,2026-08-03 00:00:00,,ACTIVE,DENGUE_ABIERTO,2026-08-20
MUNICIPALITY,42000000-0000-0000-0000-000000000001,Aguascalientes,INFLUENZA,Influenza,CONFIRMED,3,2026-07-17 00:00:00,,ACTIVE,COVID19MEXICO,2026-08-24
MUNICIPALITY,42000000-0000-0000-0000-000000000001,Aguascalientes,INFLUENZA,Influenza,SUSPECTED,199,2026-06-01 00:00:00,,ACTIVE,COVID19MEXICO,2026-08-24
MUNICIPALITY,42000000-0000-0000-0000-000000000001,Aguascalientes,MEASLES,Measles,CONFIRMED,4,2026-06-19 00:00:00,,ACTIVE,EFES_ABIERTO,2026-08-18
MUNICIPALITY,42000000-0000-0000-0000-000000000001,Aguascalientes,MEASLES,Measles,SUSPECTED,14,2026-08-18 00:00:00,,ACTIVE,EFES_ABIERTO,2026-08-18
MUNICIPALITY,42000000-0000-0000-0000-000000000001,Aguascalientes,RUBELLA,Rubella,SUSPECTED,14,2026-08-18 00:00:00,,ACTIVE,EFES_ABIERTO,2026-08-18
MUNICIPALITY,42000000-0000-0000-0000-000000001891,Ahome,COVID-19,COVID-19,CONFIRMED,14,2026-07-20 00:00:00,,ACTIVE,COVID19MEXICO,2026-08-24
MUNICIPALITY,42000000-0000-0000-0000-000000001891,Ahome,COVID-19,COVID-19,SUSPECTED,117,2026-06-01 00:00:00,,ACTIVE,COVID19MEXICO,2026-08-24
MUNICIPALITY,42000000-0000-0000-0000-000000001891,Ahome,DENGUE,Dengue fever,SUSPECTED,2,2026-07-18 00:00:00,,ACTIVE,DENGUE_ABIERTO,2026-08-20
MUNICIPALITY,42000000-0000-0000-0000-000000001891,Ahome,INFLUENZA,Influenza,CONFIRMED,6,2026-06-08 00:00:00,,ACTIVE,COVID19MEXICO,2026-08-24
MUNICIPALITY,42000000-0000-0000-0000-000000001891,Ahome,INFLUENZA,Influenza,SUSPECTED,117,2026-06-01 00:00:00,,ACTIVE,COVID19MEXICO,2026-08-24
MUNICIPALITY,42000000-0000-0000-0000-000000001891,Ahome,MEASLES,Measles,SUSPECTED,1,2026-08-18 00:00:00,,ACTIVE,EFES_ABIERTO,2026-08-18
MUNICIPALITY,42000000-0000-0000-0000-000000001891,Ahome,RUBELLA,Rubella,SUSPECTED,1,2026-08-18 00:00:00,,ACTIVE,EFES_ABIERTO,2026-08-18
MUNICIPALITY,42000000-0000-0000-0000-000000000946,Ahuacatlan,COVID-19,COVID-19,SUSPECTED,1,2026-08-18 00:00:00,,ACTIVE,COVID19MEXICO,2026-08-24
MUNICIPALITY,42000000-0000-0000-0000-000000000946,Ahuacatlan,INFLUENZA,Influenza,SUSPECTED,1,2026-08-18 00:00:00,,ACTIVE,COVID19MEXICO,2026-08-24
MUNICIPALITY,42000000-0000-0000-0000-000000000378,Ahuacuotzingo,DENGUE,Dengue fever,SUSPECTED,1,2026-06-01 00:00:00,,ACTIVE,DENGUE_ABIERTO,2026-08-20
MUNICIPALITY,42000000-0000-0000-0000-000000000548,Ahualulco de Mercado,MEASLES,Measles,SUSPECTED,1,2026-08-18 00:00:00,,ACTIVE,EFES_ABIERTO,2026-08-18
MUNICIPALITY,42000000-0000-0000-0000-000000000548,Ahualulco de Mercado,RUBELLA,Rubella,SUSPECTED,1,2026-08-18 00:00:00,,ACTIVE,EFES_ABIERTO,2026-08-18
MUNICIPALITY,42000000-0000-0000-0000-000000001593,Ahuazotepec,COVID-19,COVID-19,SUSPECTED,1,2026-08-02 00:00:00,,ACTIVE,COVID19MEXICO,2026-08-24
MUNICIPALITY,42000000-0000-0000-0000-000000001593,Ahuazotepec,INFLUENZA,Influenza,SUSPECTED,1,2026-08-02 00:00:00,,ACTIVE,COVID19MEXICO,2026-08-24
MUNICIPALITY,42000000-0000-0000-0000-000000000466,Ajacuba,COVID-19,COVID-19,SUSPECTED,2,2026-08-01 00:00:00,,ACTIVE,COVID19MEXICO,2026-08-24
MUNICIPALITY,42000000-0000-0000-0000-000000000466,Ajacuba,INFLUENZA,Influenza,SUSPECTED,2,2026-08-01 00:00:00,,ACTIVE,COVID19MEXICO,2026-08-24
MUNICIPALITY,42000000-0000-0000-0000-000000001595,Ajalpan,COVID-19,COVID-19,SUSPECTED,1,2026-07-10 00:00:00,,ACTIVE,COVID19MEXICO,2026-08-24
MUNICIPALITY,42000000-0000-0000-0000-000000001595,Ajalpan,INFLUENZA,Influenza,SUSPECTED,1,2026-07-10 00:00:00,,ACTIVE,COVID19MEXICO,2026-08-24
MUNICIPALITY,42000000-0000-0000-0000-000000000379,Ajuchitlan del Progreso,COVID-19,COVID-19,CONFIRMED,1,2026-08-19 00:00:00,,ACTIVE,COVID19MEXICO,2026-08-24
MUNICIPALITY,42000000-0000-0000-0000-000000002317,Akil,MEASLES,Measles,SUSPECTED,1,2026-08-18 00:00:00,,ACTIVE,EFES_ABIERTO,2026-08-18
MUNICIPALITY,42000000-0000-0000-0000-000000002317,Akil,RUBELLA,Rubella,SUSPECTED,1,2026-08-18 00:00:00,,ACTIVE,EFES_ABIERTO,2026-08-18
MUNICIPALITY,42000000-0000-0000-0000-000000001833,Alaquines,INFLUENZA,Influenza,CONFIRMED,1,2026-08-02 00:00:00,,ACTIVE,COVID19MEXICO,2026-08-24
MUNICIPALITY,42000000-0000-0000-0000-000000000210,Aldama,COVID-19,COVID-19,SUSPECTED,2,2026-06-22 00:00:00,,ACTIVE,COVID19MEXICO,2026-08-24
MUNICIPALITY,42000000-0000-0000-0000-000000002001,Aldama,COVID-19,COVID-19,SUSPECTED,1,2026-07-24 00:00:00,,ACTIVE,COVID19MEXICO,2026-08-24
MUNICIPALITY,42000000-0000-0000-0000-000000000210,Aldama,INFLUENZA,Influenza,SUSPECTED,2,2026-06-22 00:00:00,,ACTIVE,COVID19MEXICO,2026-08-24
MUNICIPALITY,42000000-0000-0000-0000-000000002001,Aldama,INFLUENZA,Influenza,SUSPECTED,1,2026-07-24 00:00:00,,ACTIVE,COVID19MEXICO,2026-08-24
MUNICIPALITY,42000000-0000-0000-0000-000000000210,Aldama,MEASLES,Measles,SUSPECTED,1,2026-08-18 00:00:00,,ACTIVE,EFES_ABIERTO,2026-08-18
MUNICIPALITY,42000000-0000-0000-0000-000000000210,Aldama,RUBELLA,Rubella,SUSPECTED,1,2026-08-18 00:00:00,,ACTIVE,EFES_ABIERTO,2026-08-18
MUNICIPALITY,42000000-0000-0000-0000-000000000467,Alfajayucan,COVID-19,COVID-19,CONFIRMED,1,2026-06-19 00:00:00,,ACTIVE,COVID19MEXICO,2026-08-24
MUNICIPALITY,42000000-0000-0000-0000-000000000968,Allende,COVID-19,COVID-19,SUSPECTED,4,2026-07-04 00:00:00,,ACTIVE,COVID19MEXICO,2026-08-24
MUNICIPALITY,42000000-0000-0000-0000-000000000968,Allende,INFLUENZA,Influenza,SUSPECTED,4,2026-07-04 00:00:00,,ACTIVE,COVID19MEXICO,2026-08-24
MUNICIPALITY,42000000-0000-0000-0000-000000000039,Allende,MEASLES,Measles,SUSPECTED,1,2026-08-18 00:00:00,,ACTIVE,EFES_ABIERTO,2026-08-18
MUNICIPALITY,42000000-0000-0000-0000-000000000039,Allende,RUBELLA,Rubella,SUSPECTED,1,2026-08-18 00:00:00,,ACTIVE,EFES_ABIERTO,2026-08-18
MUNICIPALITY,42000000-0000-0000-0000-000000000674,Almoloya de Alquisiras,COVID-19,COVID-19,CONFIRMED,1,2026-08-02 00:00:00,,ACTIVE,COVID19MEXICO,2026-08-24
MUNICIPALITY,42000000-0000-0000-0000-000000000674,Almoloya de Alquisiras,COVID-19,COVID-19,SUSPECTED,1,2026-07-19 00:00:00,,ACTIVE,COVID19MEXICO,2026-08-24
MUNICIPALITY,42000000-0000-0000-0000-000000000674,Almoloya de Alquisiras,INFLUENZA,Influenza,SUSPECTED,1,2026-07-19 00:00:00,,ACTIVE,COVID19MEXICO,2026-08-24
MUNICIPALITY,42000000-0000-0000-0000-000000000675,Almoloya de Juarez,COVID-19,COVID-19,SUSPECTED,15,2026-06-01 00:00:00,,ACTIVE,COVID19MEXICO,2026-08-24
MUNICIPALITY,42000000-0000-0000-0000-000000000675,Almoloya de Juarez,INFLUENZA,Influenza,SUSPECTED,15,2026-06-01 00:00:00,,ACTIVE,COVID19MEXICO,2026-08-24
MUNICIPALITY,42000000-0000-0000-0000-000000000675,Almoloya de Juarez,MEASLES,Measles,SUSPECTED,1,2026-08-18 00:00:00,,ACTIVE,EFES_ABIERTO,2026-08-18
MUNICIPALITY,42000000-0000-0000-0000-000000000675,Almoloya de Juarez,RUBELLA,Rubella,SUSPECTED,1,2026-08-18 00:00:00,,ACTIVE,EFES_ABIERTO,2026-08-18
MUNICIPALITY,42000000-0000-0000-0000-000000000676,Almoloya del Rio,COVID-19,COVID-19,SUSPECTED,1,2026-07-10 00:00:00,,ACTIVE,COVID19MEXICO,2026-08-24
MUNICIPALITY,42000000-0000-0000-0000-000000000676,Almoloya del Rio,INFLUENZA,Influenza,SUSPECTED,1,2026-07-10 00:00:00,,ACTIVE,COVID19MEXICO,2026-08-24
MUNICIPALITY,42000000-0000-0000-0000-000000002002,Altamira,COVID-19,COVID-19,CONFIRMED,5,2026-07-26 00:00:00,,ACTIVE,COVID19MEXICO,2026-08-24
MUNICIPALITY,42000000-0000-0000-0000-000000002002,Altamira,COVID-19,COVID-19,SUSPECTED,15,2026-06-08 00:00:00,,ACTIVE,COVID19MEXICO,2026-08-24
MUNICIPALITY,42000000-0000-0000-0000-000000002002,Altamira,DENGUE,Dengue fever,SUSPECTED,3,2026-06-12 00:00:00,,ACTIVE,DENGUE_ABIERTO,2026-08-20
MUNICIPALITY,42000000-0000-0000-0000-000000002002,Altamira,INFLUENZA,Influenza,SUSPECTED,15,2026-06-08 00:00:00,,ACTIVE,COVID19MEXICO,2026-08-24
MUNICIPALITY,42000000-0000-0000-0000-000000002002,Altamira,MEASLES,Measles,SUSPECTED,1,2026-08-18 00:00:00,,ACTIVE,EFES_ABIERTO,2026-08-18
MUNICIPALITY,42000000-0000-0000-0000-000000002002,Altamira,RUBELLA,Rubella,SUSPECTED,1,2026-08-18 00:00:00,,ACTIVE,EFES_ABIERTO,2026-08-18
MUNICIPALITY,42000000-0000-0000-0000-000000002113,Alvarado,COVID-19,COVID-19,SUSPECTED,2,2026-06-22 00:00:00,,ACTIVE,COVID19MEXICO,2026-08-24
MUNICIPALITY,42000000-0000-0000-0000-000000002113,Alvarado,INFLUENZA,Influenza,SUSPECTED,2,2026-06-22 00:00:00,,ACTIVE,COVID19MEXICO,2026-08-24
MUNICIPALITY,42000000-0000-0000-0000-000000000284,Alvaro Obregon,COVID-19,COVID-19,CONFIRMED,44,2026-06-08 00:00:00,,ACTIVE,COVID19MEXICO,2026-08-24
MUNICIPALITY,42000000-0000-0000-0000-000000000284,Alvaro Obregon,COVID-19,COVID-19,SUSPECTED,65,2026-06-03 00:00:00,,ACTIVE,COVID19MEXICO,2026-08-24
MUNICIPALITY,42000000-0000-0000-0000-000000000798,Alvaro Obregon,COVID-19,COVID-19,SUSPECTED,1,2026-08-15 00:00:00,,ACTIVE,COVID19MEXICO,2026-08-24
MUNICIPALITY,42000000-0000-0000-0000-000000000284,Alvaro Obregon,INFLUENZA,Influenza,CONFIRMED,3,2026-06-23 00:00:00,,ACTIVE,COVID19MEXICO,2026-08-24
MUNICIPALITY,42000000-0000-0000-0000-000000000284,Alvaro Obregon,INFLUENZA,Influenza,SUSPECTED,65,2026-06-03 00:00:00,,ACTIVE,COVID19MEXICO,2026-08-24
MUNICIPALITY,42000000-0000-0000-0000-000000000798,Alvaro Obregon,INFLUENZA,Influenza,SUSPECTED,1,2026-08-15 00:00:00,,ACTIVE,COVID19MEXICO,2026-08-24
MUNICIPALITY,42000000-0000-0000-0000-000000000284,Alvaro Obregon,MEASLES,Measles,CONFIRMED,5,2026-06-22 00:00:00,,ACTIVE,EFES_ABIERTO,2026-08-18
MUNICIPALITY,42000000-0000-0000-0000-000000000284,Alvaro Obregon,MEASLES,Measles,SUSPECTED,4,2026-08-18 00:00:00,,ACTIVE,EFES_ABIERTO,2026-08-18
MUNICIPALITY,42000000-0000-0000-0000-000000000284,Alvaro Obregon,RUBELLA,Rubella,SUSPECTED,4,2026-08-18 00:00:00,,ACTIVE,EFES_ABIERTO,2026-08-18
MUNICIPALITY,42000000-0000-0000-0000-000000000909,Amacuzac,DENGUE,Dengue fever,SUSPECTED,1,2026-07-06 00:00:00,,ACTIVE,DENGUE_ABIERTO,2026-08-20
MUNICIPALITY,42000000-0000-0000-0000-000000000089,Amatan,MEASLES,Measles,SUSPECTED,3,2026-08-18 00:00:00,,ACTIVE,EFES_ABIERTO,2026-08-18
MUNICIPALITY,42000000-0000-0000-0000-000000000089,Amatan,RUBELLA,Rubella,SUSPECTED,3,2026-08-18 00:00:00,,ACTIVE,EFES_ABIERTO,2026-08-18
MUNICIPALITY,42000000-0000-0000-0000-000000000091,Amatenango del Valle,MEASLES,Measles,SUSPECTED,2,2026-08-18 00:00:00,,ACTIVE,EFES_ABIERTO,2026-08-18
MUNICIPALITY,42000000-0000-0000-0000-000000000091,Amatenango del Valle,RUBELLA,Rubella,SUSPECTED,2,2026-08-18 00:00:00,,ACTIVE,EFES_ABIERTO,2026-08-18
MUNICIPALITY,42000000-0000-0000-0000-000000002116,Amatlan de los Reyes,COVID-19,COVID-19,SUSPECTED,3,2026-06-01 00:00:00,,ACTIVE,COVID19MEXICO,2026-08-24
MUNICIPALITY,42000000-0000-0000-0000-000000002116,Amatlan de los Reyes,DENGUE,Dengue fever,SUSPECTED,1,2026-07-16 00:00:00,,ACTIVE,DENGUE_ABIERTO,2026-08-20
MUNICIPALITY,42000000-0000-0000-0000-000000002116,Amatlan de los Reyes,INFLUENZA,Influenza,SUSPECTED,3,2026-06-01 00:00:00,,ACTIVE,COVID19MEXICO,2026-08-24
MUNICIPALITY,42000000-0000-0000-0000-000000002043,Amaxac de Guerrero,COVID-19,COVID-19,SUSPECTED,1,2026-07-25 00:00:00,,ACTIVE,COVID19MEXICO,2026-08-24
MUNICIPALITY,42000000-0000-0000-0000-000000002043,Amaxac de Guerrero,INFLUENZA,Influenza,SUSPECTED,1,2026-07-25 00:00:00,,ACTIVE,COVID19MEXICO,2026-08-24
MUNICIPALITY,42000000-0000-0000-0000-000000001803,Amealco de Bonfil,COVID-19,COVID-19,CONFIRMED,1,2026-08-16 00:00:00,,ACTIVE,COVID19MEXICO,2026-08-24
MUNICIPALITY,42000000-0000-0000-0000-000000000551,Ameca,MEASLES,Measles,SUSPECTED,1,2026-08-18 00:00:00,,ACTIVE,EFES_ABIERTO,2026-08-18
MUNICIPALITY,42000000-0000-0000-0000-000000000551,Ameca,RUBELLA,Rubella,SUSPECTED,1,2026-08-18 00:00:00,,ACTIVE,EFES_ABIERTO,2026-08-18
MUNICIPALITY,42000000-0000-0000-0000-000000000679,Amecameca,COVID-19,COVID-19,CONFIRMED,1,2026-07-15 00:00:00,,ACTIVE,COVID19MEXICO,2026-08-24
MUNICIPALITY,42000000-0000-0000-0000-000000000679,Amecameca,COVID-19,COVID-19,SUSPECTED,4,2026-06-09 00:00:00,,ACTIVE,COVID19MEXICO,2026-08-24
MUNICIPALITY,42000000-0000-0000-0000-000000000679,Amecameca,INFLUENZA,Influenza,SUSPECTED,4,2026-06-09 00:00:00,,ACTIVE,COVID19MEXICO,2026-08-24
MUNICIPALITY,42000000-0000-0000-0000-000000000679,Amecameca,MEASLES,Measles,SUSPECTED,1,2026-08-18 00:00:00,,ACTIVE,EFES_ABIERTO,2026-08-18
MUNICIPALITY,42000000-0000-0000-0000-000000000679,Amecameca,RUBELLA,Rubella,SUSPECTED,1,2026-08-18 00:00:00,,ACTIVE,EFES_ABIERTO,2026-08-18
MUNICIPALITY,42000000-0000-0000-0000-000000001600,Amozoc,COVID-19,COVID-19,CONFIRMED,2,2026-07-20 00:00:00,,ACTIVE,COVID19MEXICO,2026-08-24
MUNICIPALITY,42000000-0000-0000-0000-000000001600,Amozoc,COVID-19,COVID-19,SUSPECTED,13,2026-06-05 00:00:00,,ACTIVE,COVID19MEXICO,2026-08-24
MUNICIPALITY,42000000-0000-0000-0000-000000001600,Amozoc,INFLUENZA,Influenza,SUSPECTED,13,2026-06-05 00:00:00,,ACTIVE,COVID19MEXICO,2026-08-24
MUNICIPALITY,42000000-0000-0000-0000-000000001600,Amozoc,MEASLES,Measles,CONFIRMED,11,2026-06-03 00:00:00,,ACTIVE,EFES_ABIERTO,2026-08-18
MUNICIPALITY,42000000-0000-0000-0000-000000001600,Amozoc,MEASLES,Measles,SUSPECTED,2,2026-08-18 00:00:00,,ACTIVE,EFES_ABIERTO,2026-08-18
MUNICIPALITY,42000000-0000-0000-0000-000000001600,Amozoc,RUBELLA,Rubella,SUSPECTED,2,2026-08-18 00:00:00,,ACTIVE,EFES_ABIERTO,2026-08-18
MUNICIPALITY,42000000-0000-0000-0000-000000000799,Angamacutiro,MEASLES,Measles,SUSPECTED,1,2026-08-18 00:00:00,,ACTIVE,EFES_ABIERTO,2026-08-18
MUNICIPALITY,42000000-0000-0000-0000-000000000799,Angamacutiro,RUBELLA,Rubella,SUSPECTED,1,2026-08-18 00:00:00,,ACTIVE,EFES_ABIERTO,2026-08-18
MUNICIPALITY,42000000-0000-0000-0000-000000000800,Angangueo,COVID-19,COVID-19,SUSPECTED,1,2026-07-23 00:00:00,,ACTIVE,COVID19MEXICO,2026-08-24
MUNICIPALITY,42000000-0000-0000-0000-000000000800,Angangueo,INFLUENZA,Influenza,SUSPECTED,1,2026-07-23 00:00:00,,ACTIVE,COVID19MEXICO,2026-08-24
MUNICIPALITY,42000000-0000-0000-0000-000000000092,Angel Albino Corzo,MEASLES,Measles,CONFIRMED,1,2026-06-11 00:00:00,,ACTIVE,EFES_ABIERTO,2026-08-18
MUNICIPALITY,42000000-0000-0000-0000-000000000469,Apan,COVID-19,COVID-19,SUSPECTED,15,2026-06-01 00:00:00,,ACTIVE,COVID19MEXICO,2026-08-24
MUNICIPALITY,42000000-0000-0000-0000-000000000469,Apan,INFLUENZA,Influenza,SUSPECTED,15,2026-06-01 00:00:00,,ACTIVE,COVID19MEXICO,2026-08-24
MUNICIPALITY,42000000-0000-0000-0000-000000000335,Apaseo el Grande,COVID-19,COVID-19,SUSPECTED,1,2026-07-30 00:00:00,,ACTIVE,COVID19MEXICO,2026-08-24
MUNICIPALITY,42000000-0000-0000-0000-000000000335,Apaseo el Grande,INFLUENZA,Influenza,SUSPECTED,1,2026-07-30 00:00:00,,ACTIVE,COVID19MEXICO,2026-08-24
MUNICIPALITY,42000000-0000-0000-0000-000000000335,Apaseo el Grande,MEASLES,Measles,SUSPECTED,1,2026-08-18 00:00:00,,ACTIVE,EFES_ABIERTO,2026-08-18
MUNICIPALITY,42000000-0000-0000-0000-000000000335,Apaseo el Grande,RUBELLA,Rubella,SUSPECTED,1,2026-08-18 00:00:00,,ACTIVE,EFES_ABIERTO,2026-08-18
MUNICIPALITY,42000000-0000-0000-0000-000000000801,Apatzingan,COVID-19,COVID-19,CONFIRMED,1,2026-06-01 00:00:00,,ACTIVE,COVID19MEXICO,2026-08-24
MUNICIPALITY,42000000-0000-0000-0000-000000000801,Apatzingan,COVID-19,COVID-19,SUSPECTED,2,2026-06-02 00:00:00,,ACTIVE,COVID19MEXICO,2026-08-24
MUNICIPALITY,42000000-0000-0000-0000-000000000801,Apatzingan,INFLUENZA,Influenza,SUSPECTED,2,2026-06-02 00:00:00,,ACTIVE,COVID19MEXICO,2026-08-24
MUNICIPALITY,42000000-0000-0000-0000-000000000801,Apatzingan,MEASLES,Measles,SUSPECTED,8,2026-08-18 00:00:00,,ACTIVE,EFES_ABIERTO,2026-08-18
MUNICIPALITY,42000000-0000-0000-0000-000000000801,Apatzingan,RUBELLA,Rubella,SUSPECTED,8,2026-08-18 00:00:00,,ACTIVE,EFES_ABIERTO,2026-08-18
MUNICIPALITY,42000000-0000-0000-0000-000000002044,Apetatitlan de Antonio Carvajal,COVID-19,COVID-19,CONFIRMED,2,2026-07-16 00:00:00,,ACTIVE,COVID19MEXICO,2026-08-24
MUNICIPALITY,42000000-0000-0000-0000-000000002044,Apetatitlan de Antonio Carvajal,COVID-19,COVID-19,SUSPECTED,2,2026-06-20 00:00:00,,ACTIVE,COVID19MEXICO,2026-08-24
MUNICIPALITY,42000000-0000-0000-0000-000000002044,Apetatitlan de Antonio Carvajal,INFLUENZA,Influenza,SUSPECTED,2,2026-06-20 00:00:00,,ACTIVE,COVID19MEXICO,2026-08-24
MUNICIPALITY,42000000-0000-0000-0000-000000002047,Apizaco,COVID-19,COVID-19,CONFIRMED,1,2026-07-20 00:00:00,,ACTIVE,COVID19MEXICO,2026-08-24
MUNICIPALITY,42000000-0000-0000-0000-000000002047,Apizaco,COVID-19,COVID-19,SUSPECTED,2,2026-06-21 00:00:00,,ACTIVE,COVID19MEXICO,2026-08-24
MUNICIPALITY,42000000-0000-0000-0000-000000002047,Apizaco,INFLUENZA,Influenza,CONFIRMED,1,2026-07-08 00:00:00,,ACTIVE,COVID19MEXICO,2026-08-24
MUNICIPALITY,42000000-0000-0000-0000-000000002047,Apizaco,INFLUENZA,Influenza,SUSPECTED,2,2026-06-21 00:00:00,,ACTIVE,COVID19MEXICO,2026-08-24
MUNICIPALITY,42000000-0000-0000-0000-000000000970,Apodaca,COVID-19,COVID-19,CONFIRMED,8,2026-06-17 00:00:00,,ACTIVE,COVID19MEXICO,2026-08-24
MUNICIPALITY,42000000-0000-0000-0000-000000000970,Apodaca,COVID-19,COVID-19,SUSPECTED,22,2026-06-23 00:00:00,,ACTIVE,COVID19MEXICO,2026-08-24
MUNICIPALITY,42000000-0000-0000-0000-000000000970,Apodaca,DENGUE,Dengue fever,SUSPECTED,1,2026-06-03 00:00:00,,ACTIVE,DENGUE_ABIERTO,2026-08-20
MUNICIPALITY,42000000-0000-0000-0000-000000000970,Apodaca,INFLUENZA,Influenza,SUSPECTED,22,2026-06-23 00:00:00,,ACTIVE,COVID19MEXICO,2026-08-24
MUNICIPALITY,42000000-0000-0000-0000-000000000970,Apodaca,MEASLES,Measles,SUSPECTED,4,2026-08-18 00:00:00,,ACTIVE,EFES_ABIERTO,2026-08-18
MUNICIPALITY,42000000-0000-0000-0000-000000000970,Apodaca,RUBELLA,Rubella,SUSPECTED,4,2026-08-18 00:00:00,,ACTIVE,EFES_ABIERTO,2026-08-18
MUNICIPALITY,42000000-0000-0000-0000-000000000803,Aquila,MEASLES,Measles,SUSPECTED,3,2026-08-18 00:00:00,,ACTIVE,EFES_ABIERTO,2026-08-18
MUNICIPALITY,42000000-0000-0000-0000-000000000803,Aquila,RUBELLA,Rubella,SUSPECTED,3,2026-08-18 00:00:00,,ACTIVE,EFES_ABIERTO,2026-08-18
MUNICIPALITY,42000000-0000-0000-0000-000000001834,Aquismon,INFLUENZA,Influenza,CONFIRMED,3,2026-07-21 00:00:00,,ACTIVE,COVID19MEXICO,2026-08-24
MUNICIPALITY,42000000-0000-0000-0000-000000001601,Aquixtla,COVID-19,COVID-19,SUSPECTED,1,2026-07-14 00:00:00,,ACTIVE,COVID19MEXICO,2026-08-24
MUNICIPALITY,42000000-0000-0000-0000-000000001601,Aquixtla,INFLUENZA,Influenza,SUSPECTED,1,2026-07-14 00:00:00,,ACTIVE,COVID19MEXICO,2026-08-24
MUNICIPALITY,42000000-0000-0000-0000-000000000553,Arandas,COVID-19,COVID-19,CONFIRMED,1,2026-06-23 00:00:00,,ACTIVE,COVID19MEXICO,2026-08-24
MUNICIPALITY,42000000-0000-0000-0000-000000000553,Arandas,MEASLES,Measles,SUSPECTED,2,2026-08-18 00:00:00,,ACTIVE,EFES_ABIERTO,2026-08-18
MUNICIPALITY,42000000-0000-0000-0000-000000000553,Arandas,RUBELLA,Rubella,SUSPECTED,2,2026-08-18 00:00:00,,ACTIVE,EFES_ABIERTO,2026-08-18
MUNICIPALITY,42000000-0000-0000-0000-000000000383,Arcelia,COVID-19,COVID-19,SUSPECTED,2,2026-06-23 00:00:00,,ACTIVE,COVID19MEXICO,2026-08-24
MUNICIPALITY,42000000-0000-0000-0000-000000000383,Arcelia,INFLUENZA,Influenza,SUSPECTED,2,2026-06-23 00:00:00,,ACTIVE,COVID19MEXICO,2026-08-24
MUNICIPALITY,42000000-0000-0000-0000-000000000804,Ario,DENGUE,Dengue fever,SUSPECTED,1,2026-08-07 00:00:00,,ACTIVE,DENGUE_ABIERTO,2026-08-20
MUNICIPALITY,42000000-0000-0000-0000-000000000804,Ario,MEASLES,Measles,SUSPECTED,2,2026-08-18 00:00:00,,ACTIVE,EFES_ABIERTO,2026-08-18
MUNICIPALITY,42000000-0000-0000-0000-000000000804,Ario,RUBELLA,Rubella,SUSPECTED,2,2026-08-18 00:00:00,,ACTIVE,EFES_ABIERTO,2026-08-18
MUNICIPALITY,42000000-0000-0000-0000-000000000075,Armeria,MEASLES,Measles,SUSPECTED,1,2026-08-18 00:00:00,,ACTIVE,EFES_ABIERTO,2026-08-18
MUNICIPALITY,42000000-0000-0000-0000-000000000075,Armeria,RUBELLA,Rubella,SUSPECTED,1,2026-08-18 00:00:00,,ACTIVE,EFES_ABIERTO,2026-08-18
MUNICIPALITY,42000000-0000-0000-0000-000000000093,Arriaga,COVID-19,COVID-19,CONFIRMED,3,2026-07-18 00:00:00,,ACTIVE,COVID19MEXICO,2026-08-24
MUNICIPALITY,42000000-0000-0000-0000-000000000093,Arriaga,COVID-19,COVID-19,SUSPECTED,117,2026-06-02 00:00:00,,ACTIVE,COVID19MEXICO,2026-08-24
MUNICIPALITY,42000000-0000-0000-0000-000000000093,Arriaga,INFLUENZA,Influenza,CONFIRMED,2,2026-06-16 00:00:00,,ACTIVE,COVID19MEXICO,2026-08-24
MUNICIPALITY,42000000-0000-0000-0000-000000000093,Arriaga,INFLUENZA,Influenza,SUSPECTED,117,2026-06-02 00:00:00,,ACTIVE,COVID19MEXICO,2026-08-24
MUNICIPALITY,42000000-0000-0000-0000-000000000093,Arriaga,MEASLES,Measles,CONFIRMED,1,2026-07-12 00:00:00,,ACTIVE,EFES_ABIERTO,2026-08-18
MUNICIPALITY,42000000-0000-0000-0000-000000000805,Arteaga,COVID-19,COVID-19,CONFIRMED,1,2026-07-25 00:00:00,,ACTIVE,COVID19MEXICO,2026-08-24
MUNICIPALITY,42000000-0000-0000-0000-000000000040,Arteaga,MEASLES,Measles,SUSPECTED,1,2026-08-18 00:00:00,,ACTIVE,EFES_ABIERTO,2026-08-18
MUNICIPALITY,42000000-0000-0000-0000-000000000040,Arteaga,RUBELLA,Rubella,SUSPECTED,1,2026-08-18 00:00:00,,ACTIVE,EFES_ABIERTO,2026-08-18
MUNICIPALITY,42000000-0000-0000-0000-000000000002,Asientos,COVID-19,COVID-19,CONFIRMED,1,2026-08-02 00:00:00,,ACTIVE,COVID19MEXICO,2026-08-24
MUNICIPALITY,42000000-0000-0000-0000-000000000002,Asientos,COVID-19,COVID-19,SUSPECTED,1,2026-06-12 00:00:00,,ACTIVE,COVID19MEXICO,2026-08-24
MUNICIPALITY,42000000-0000-0000-0000-000000000002,Asientos,INFLUENZA,Influenza,SUSPECTED,1,2026-06-12 00:00:00,,ACTIVE,COVID19MEXICO,2026-08-24
MUNICIPALITY,42000000-0000-0000-0000-000000000002,Asientos,MEASLES,Measles,SUSPECTED,1,2026-08-18 00:00:00,,ACTIVE,EFES_ABIERTO,2026-08-18
MUNICIPALITY,42000000-0000-0000-0000-000000000002,Asientos,RUBELLA,Rubella,SUSPECTED,1,2026-08-18 00:00:00,,ACTIVE,EFES_ABIERTO,2026-08-18
MUNICIPALITY,42000000-0000-0000-0000-000000001021,Asuncion Nochixtlan,MEASLES,Measles,SUSPECTED,1,2026-08-18 00:00:00,,ACTIVE,EFES_ABIERTO,2026-08-18
MUNICIPALITY,42000000-0000-0000-0000-000000001021,Asuncion Nochixtlan,RUBELLA,Rubella,SUSPECTED,1,2026-08-18 00:00:00,,ACTIVE,EFES_ABIERTO,2026-08-18
MUNICIPALITY,42000000-0000-0000-0000-000000001602,Atempan,COVID-19,COVID-19,CONFIRMED,1,2026-07-22 00:00:00,,ACTIVE,COVID19MEXICO,2026-08-24
MUNICIPALITY,42000000-0000-0000-0000-000000000681,Atenco,COVID-19,COVID-19,SUSPECTED,3,2026-06-05 00:00:00,,ACTIVE,COVID19MEXICO,2026-08-24
MUNICIPALITY,42000000-0000-0000-0000-000000000681,Atenco,INFLUENZA,Influenza,SUSPECTED,3,2026-06-05 00:00:00,,ACTIVE,COVID19MEXICO,2026-08-24
MUNICIPALITY,42000000-0000-0000-0000-000000000681,Atenco,MEASLES,Measles,SUSPECTED,1,2026-08-18 00:00:00,,ACTIVE,EFES_ABIERTO,2026-08-18
MUNICIPALITY,42000000-0000-0000-0000-000000000681,Atenco,RUBELLA,Rubella,SUSPECTED,1,2026-08-18 00:00:00,,ACTIVE,EFES_ABIERTO,2026-08-18
MUNICIPALITY,42000000-0000-0000-0000-000000000471,Atitalaquia,COVID-19,COVID-19,CONFIRMED,1,2026-07-16 00:00:00,,ACTIVE,COVID19MEXICO,2026-08-24
MUNICIPALITY,42000000-0000-0000-0000-000000000682,Atizapan,COVID-19,COVID-19,CONFIRMED,1,2026-07-16 00:00:00,,ACTIVE,COVID19MEXICO,2026-08-24
MUNICIPALITY,42000000-0000-0000-0000-000000000683,Atizapan de Zaragoza,COVID-19,COVID-19,CONFIRMED,7,2026-06-19 00:00:00,,ACTIVE,COVID19MEXICO,2026-08-24
MUNICIPALITY,42000000-0000-0000-0000-000000000683,Atizapan de Zaragoza,COVID-19,COVID-19,SUSPECTED,43,2026-06-01 00:00:00,,ACTIVE,COVID19MEXICO,2026-08-24
MUNICIPALITY,42000000-0000-0000-0000-000000000683,Atizapan de Zaragoza,INFLUENZA,Influenza,SUSPECTED,43,2026-06-01 00:00:00,,ACTIVE,COVID19MEXICO,2026-08-24
MUNICIPALITY,42000000-0000-0000-0000-000000000683,Atizapan de Zaragoza,MEASLES,Measles,SUSPECTED,8,2026-08-18 00:00:00,,ACTIVE,EFES_ABIERTO,2026-08-18
MUNICIPALITY,42000000-0000-0000-0000-000000000683,Atizapan de Zaragoza,RUBELLA,Rubella,SUSPECTED,8,2026-08-18 00:00:00,,ACTIVE,EFES_ABIERTO,2026-08-18
MUNICIPALITY,42000000-0000-0000-0000-000000000684,Atlacomulco,COVID-19,COVID-19,SUSPECTED,5,2026-06-01 00:00:00,,ACTIVE,COVID19MEXICO,2026-08-24
MUNICIPALITY,42000000-0000-0000-0000-000000000684,Atlacomulco,INFLUENZA,Influenza,SUSPECTED,5,2026-06-01 00:00:00,,ACTIVE,COVID19MEXICO,2026-08-24
MUNICIPALITY,42000000-0000-0000-0000-000000000910,Atlatlahucan,COVID-19,COVID-19,CONFIRMED,1,2026-07-03 00:00:00,,ACTIVE,COVID19MEXICO,2026-08-24
MUNICIPALITY,42000000-0000-0000-0000-000000000910,Atlatlahucan,COVID-19,COVID-19,SUSPECTED,1,2026-07-18 00:00:00,,ACTIVE,COVID19MEXICO,2026-08-24
MUNICIPALITY,42000000-0000-0000-0000-000000000910,Atlatlahucan,INFLUENZA,Influenza,SUSPECTED,1,2026-07-18 00:00:00,,ACTIVE,COVID19MEXICO,2026-08-24
MUNICIPALITY,42000000-0000-0000-0000-000000000910,Atlatlahucan,MEASLES,Measles,SUSPECTED,1,2026-08-18 00:00:00,,ACTIVE,EFES_ABIERTO,2026-08-18
MUNICIPALITY,42000000-0000-0000-0000-000000000910,Atlatlahucan,RUBELLA,Rubella,SUSPECTED,1,2026-08-18 00:00:00,,ACTIVE,EFES_ABIERTO,2026-08-18
MUNICIPALITY,42000000-0000-0000-0000-000000000685,Atlautla,COVID-19,COVID-19,SUSPECTED,1,2026-07-03 00:00:00,,ACTIVE,COVID19MEXICO,2026-08-24
MUNICIPALITY,42000000-0000-0000-0000-000000000685,Atlautla,INFLUENZA,Influenza,CONFIRMED,1,2026-07-23 00:00:00,,ACTIVE,COVID19MEXICO,2026-08-24
MUNICIPALITY,42000000-0000-0000-0000-000000000685,Atlautla,INFLUENZA,Influenza,SUSPECTED,1,2026-07-03 00:00:00,,ACTIVE,COVID19MEXICO,2026-08-24
MUNICIPALITY,42000000-0000-0000-0000-000000001604,Atlixco,COVID-19,COVID-19,CONFIRMED,1,2026-08-10 00:00:00,,ACTIVE,COVID19MEXICO,2026-08-24
MUNICIPALITY,42000000-0000-0000-0000-000000001604,Atlixco,COVID-19,COVID-19,SUSPECTED,8,2026-06-16 00:00:00,,ACTIVE,COVID19MEXICO,2026-08-24
MUNICIPALITY,42000000-0000-0000-0000-000000001604,Atlixco,INFLUENZA,Influenza,SUSPECTED,8,2026-06-16 00:00:00,,ACTIVE,COVID19MEXICO,2026-08-24
MUNICIPALITY,42000000-0000-0000-0000-000000001604,Atlixco,MEASLES,Measles,SUSPECTED,6,2026-08-18 00:00:00,,ACTIVE,EFES_ABIERTO,2026-08-18
MUNICIPALITY,42000000-0000-0000-0000-000000001604,Atlixco,RUBELLA,Rubella,SUSPECTED,6,2026-08-18 00:00:00,,ACTIVE,EFES_ABIERTO,2026-08-18
MUNICIPALITY,42000000-0000-0000-0000-000000000386,Atlixtac,MEASLES,Measles,CONFIRMED,1,2026-06-21 00:00:00,,ACTIVE,EFES_ABIERTO,2026-08-18
MUNICIPALITY,42000000-0000-0000-0000-000000002046,Atltzayanca,COVID-19,COVID-19,SUSPECTED,1,2026-08-15 00:00:00,,ACTIVE,COVID19MEXICO,2026-08-24
MUNICIPALITY,42000000-0000-0000-0000-000000002046,Atltzayanca,INFLUENZA,Influenza,SUSPECTED,1,2026-08-15 00:00:00,,ACTIVE,COVID19MEXICO,2026-08-24
MUNICIPALITY,42000000-0000-0000-0000-000000002423,Atolinga,COVID-19,COVID-19,CONFIRMED,1,2026-07-14 00:00:00,,ACTIVE,COVID19MEXICO,2026-08-24
MUNICIPALITY,42000000-0000-0000-0000-000000000474,Atotonilco de Tula,COVID-19,COVID-19,SUSPECTED,1,2026-08-05 00:00:00,,ACTIVE,COVID19MEXICO,2026-08-24
MUNICIPALITY,42000000-0000-0000-0000-000000000474,Atotonilco de Tula,INFLUENZA,Influenza,SUSPECTED,1,2026-08-05 00:00:00,,ACTIVE,COVID19MEXICO,2026-08-24
MUNICIPALITY,42000000-0000-0000-0000-000000000558,Atotonilco el Alto,COVID-19,COVID-19,CONFIRMED,1,2026-06-02 00:00:00,,ACTIVE,COVID19MEXICO,2026-08-24
MUNICIPALITY,42000000-0000-0000-0000-000000000558,Atotonilco el Alto,MEASLES,Measles,SUSPECTED,1,2026-08-18 00:00:00,,ACTIVE,EFES_ABIERTO,2026-08-18
MUNICIPALITY,42000000-0000-0000-0000-000000000558,Atotonilco el Alto,RUBELLA,Rubella,SUSPECTED,1,2026-08-18 00:00:00,,ACTIVE,EFES_ABIERTO,2026-08-18
MUNICIPALITY,42000000-0000-0000-0000-000000000387,Atoyac de Alvarez,COVID-19,COVID-19,SUSPECTED,4,2026-07-09 00:00:00,,ACTIVE,COVID19MEXICO,2026-08-24
MUNICIPALITY,42000000-0000-0000-0000-000000000387,Atoyac de Alvarez,INFLUENZA,Influenza,SUSPECTED,4,2026-07-09 00:00:00,,ACTIVE,COVID19MEXICO,2026-08-24
MUNICIPALITY,42000000-0000-0000-0000-000000002125,Atzalan,MEASLES,Measles,SUSPECTED,1,2026-08-18 00:00:00,,ACTIVE,EFES_ABIERTO,2026-08-18
MUNICIPALITY,42000000-0000-0000-0000-000000002125,Atzalan,RUBELLA,Rubella,SUSPECTED,1,2026-08-18 00:00:00,,ACTIVE,EFES_ABIERTO,2026-08-18
MUNICIPALITY,42000000-0000-0000-0000-000000001607,Atzitzihuacan,COVID-19,COVID-19,SUSPECTED,1,2026-08-03 00:00:00,,ACTIVE,COVID19MEXICO,2026-08-24
MUNICIPALITY,42000000-0000-0000-0000-000000001607,Atzitzihuacan,INFLUENZA,Influenza,SUSPECTED,1,2026-08-03 00:00:00,,ACTIVE,COVID19MEXICO,2026-08-24
MUNICIPALITY,42000000-0000-0000-0000-000000000560,Autlan de Navarro,COVID-19,COVID-19,SUSPECTED,2,2026-06-01 00:00:00,,ACTIVE,COVID19MEXICO,2026-08-24
MUNICIPALITY,42000000-0000-0000-0000-000000000560,Autlan de Navarro,INFLUENZA,Influenza,SUSPECTED,2,2026-06-01 00:00:00,,ACTIVE,COVID19MEXICO,2026-08-24
MUNICIPALITY,42000000-0000-0000-0000-000000000686,Axapusco,COVID-19,COVID-19,SUSPECTED,1,2026-07-27 00:00:00,,ACTIVE,COVID19MEXICO,2026-08-24
MUNICIPALITY,42000000-0000-0000-0000-000000000686,Axapusco,INFLUENZA,Influenza,SUSPECTED,1,2026-07-27 00:00:00,,ACTIVE,COVID19MEXICO,2026-08-24
MUNICIPALITY,42000000-0000-0000-0000-000000000911,Axochiapan,COVID-19,COVID-19,CONFIRMED,1,2026-08-16 00:00:00,,ACTIVE,COVID19MEXICO,2026-08-24
MUNICIPALITY,42000000-0000-0000-0000-000000000911,Axochiapan,COVID-19,COVID-19,SUSPECTED,8,2026-06-26 00:00:00,,ACTIVE,COVID19MEXICO,2026-08-24
MUNICIPALITY,42000000-0000-0000-0000-000000000911,Axochiapan,INFLUENZA,Influenza,SUSPECTED,8,2026-06-26 00:00:00,,ACTIVE,COVID19MEXICO,2026-08-24
MUNICIPALITY,42000000-0000-0000-0000-000000001884,Axtla de Terrazas,COVID-19,COVID-19,CONFIRMED,3,2026-07-12 00:00:00,,ACTIVE,COVID19MEXICO,2026-08-24
MUNICIPALITY,42000000-0000-0000-0000-000000001884,Axtla de Terrazas,INFLUENZA,Influenza,CONFIRMED,5,2026-07-03 00:00:00,,ACTIVE,COVID19MEXICO,2026-08-24
MUNICIPALITY,42000000-0000-0000-0000-000000000912,Ayala,COVID-19,COVID-19,CONFIRMED,2,2026-07-09 00:00:00,,ACTIVE,COVID19MEXICO,2026-08-24
MUNICIPALITY,42000000-0000-0000-0000-000000000912,Ayala,COVID-19,COVID-19,SUSPECTED,7,2026-06-06 00:00:00,,ACTIVE,COVID19MEXICO,2026-08-24
MUNICIPALITY,42000000-0000-0000-0000-000000000912,Ayala,INFLUENZA,Influenza,SUSPECTED,7,2026-06-06 00:00:00,,ACTIVE,COVID19MEXICO,2026-08-24
MUNICIPALITY,42000000-0000-0000-0000-000000001610,Ayotoxco de Guerrero,INFLUENZA,Influenza,CONFIRMED,1,2026-06-14 00:00:00,,ACTIVE,COVID19MEXICO,2026-08-24
MUNICIPALITY,42000000-0000-0000-0000-000000000388,Ayutla de los Libres,COVID-19,COVID-19,SUSPECTED,2,2026-06-17 00:00:00,,ACTIVE,COVID19MEXICO,2026-08-24
MUNICIPALITY,42000000-0000-0000-0000-000000000388,Ayutla de los Libres,INFLUENZA,Influenza,SUSPECTED,2,2026-06-17 00:00:00,,ACTIVE,COVID19MEXICO,2026-08-24
MUNICIPALITY,42000000-0000-0000-0000-000000000276,Azcapotzalco,COVID-19,COVID-19,CONFIRMED,16,2026-06-01 00:00:00,,ACTIVE,COVID19MEXICO,2026-08-24
MUNICIPALITY,42000000-0000-0000-0000-000000000276,Azcapotzalco,COVID-19,COVID-19,SUSPECTED,129,2026-06-02 00:00:00,,ACTIVE,COVID19MEXICO,2026-08-24
MUNICIPALITY,42000000-0000-0000-0000-000000000276,Azcapotzalco,INFLUENZA,Influenza,CONFIRMED,1,2026-08-07 00:00:00,,ACTIVE,COVID19MEXICO,2026-08-24
MUNICIPALITY,42000000-0000-0000-0000-000000000276,Azcapotzalco,INFLUENZA,Influenza,SUSPECTED,129,2026-06-02 00:00:00,,ACTIVE,COVID19MEXICO,2026-08-24
MUNICIPALITY,42000000-0000-0000-0000-000000001830,Bacalar,DENGUE,Dengue fever,SUSPECTED,1,2026-07-14 00:00:00,,ACTIVE,DENGUE_ABIERTO,2026-08-20
MUNICIPALITY,42000000-0000-0000-0000-000000000964,Bahia de Banderas,COVID-19,COVID-19,SUSPECTED,9,2026-06-22 00:00:00,,ACTIVE,COVID19MEXICO,2026-08-24
MUNICIPALITY,42000000-0000-0000-0000-000000000964,Bahia de Banderas,INFLUENZA,Influenza,CONFIRMED,1,2026-07-03 00:00:00,,ACTIVE,COVID19MEXICO,2026-08-24
MUNICIPALITY,42000000-0000-0000-0000-000000000964,Bahia de Banderas,INFLUENZA,Influenza,SUSPECTED,9,2026-06-22 00:00:00,,ACTIVE,COVID19MEXICO,2026-08-24
MUNICIPALITY,42000000-0000-0000-0000-000000000964,Bahia de Banderas,MEASLES,Measles,CONFIRMED,10,2026-06-12 00:00:00,,ACTIVE,EFES_ABIERTO,2026-08-18
MUNICIPALITY,42000000-0000-0000-0000-000000000964,Bahia de Banderas,MEASLES,Measles,SUSPECTED,3,2026-08-18 00:00:00,,ACTIVE,EFES_ABIERTO,2026-08-18
MUNICIPALITY,42000000-0000-0000-0000-000000000964,Bahia de Banderas,RUBELLA,Rubella,SUSPECTED,3,2026-08-18 00:00:00,,ACTIVE,EFES_ABIERTO,2026-08-18
MUNICIPALITY,42000000-0000-0000-0000-000000001983,Balancan,COVID-19,COVID-19,CONFIRMED,1,2026-06-13 00:00:00,,ACTIVE,COVID19MEXICO,2026-08-24
MUNICIPALITY,42000000-0000-0000-0000-000000001983,Balancan,COVID-19,COVID-19,SUSPECTED,4,2026-06-12 00:00:00,,ACTIVE,COVID19MEXICO,2026-08-24
MUNICIPALITY,42000000-0000-0000-0000-000000001983,Balancan,INFLUENZA,Influenza,CONFIRMED,1,2026-06-15 00:00:00,,ACTIVE,COVID19MEXICO,2026-08-24
MUNICIPALITY,42000000-0000-0000-0000-000000001983,Balancan,INFLUENZA,Influenza,SUSPECTED,4,2026-06-12 00:00:00,,ACTIVE,COVID19MEXICO,2026-08-24
MUNICIPALITY,42000000-0000-0000-0000-000000002128,Banderilla,MEASLES,Measles,CONFIRMED,1,2026-08-11 00:00:00,,ACTIVE,EFES_ABIERTO,2026-08-18
MUNICIPALITY,42000000-0000-0000-0000-000000000216,Batopilas de Manuel Gomez Morin,COVID-19,COVID-19,SUSPECTED,1,2026-06-04 00:00:00,,ACTIVE,COVID19MEXICO,2026-08-24
MUNICIPALITY,42000000-0000-0000-0000-000000000216,Batopilas de Manuel Gomez Morin,INFLUENZA,Influenza,SUSPECTED,1,2026-06-04 00:00:00,,ACTIVE,COVID19MEXICO,2026-08-24
MUNICIPALITY,42000000-0000-0000-0000-000000000288,Benito Juarez,COVID-19,COVID-19,CONFIRMED,24,2026-06-02 00:00:00,,ACTIVE,COVID19MEXICO,2026-08-24
MUNICIPALITY,42000000-0000-0000-0000-000000001825,Benito Juarez,COVID-19,COVID-19,CONFIRMED,14,2026-06-19 00:00:00,,ACTIVE,COVID19MEXICO,2026-08-24
MUNICIPALITY,42000000-0000-0000-0000-000000000288,Benito Juarez,COVID-19,COVID-19,SUSPECTED,39,2026-06-06 00:00:00,,ACTIVE,COVID19MEXICO,2026-08-24
MUNICIPALITY,42000000-0000-0000-0000-000000000390,Benito Juarez,COVID-19,COVID-19,SUSPECTED,1,2026-06-20 00:00:00,,ACTIVE,COVID19MEXICO,2026-08-24
MUNICIPALITY,42000000-0000-0000-0000-000000001825,Benito Juarez,COVID-19,COVID-19,SUSPECTED,33,2026-06-03 00:00:00,,ACTIVE,COVID19MEXICO,2026-08-24
MUNICIPALITY,42000000-0000-0000-0000-000000001825,Benito Juarez,DENGUE,Dengue fever,SUSPECTED,5,2026-06-05 00:00:00,,ACTIVE,DENGUE_ABIERTO,2026-08-20
MUNICIPALITY,42000000-0000-0000-0000-000000001981,Benito Juarez,DENGUE,Dengue fever,SUSPECTED,1,2026-06-20 00:00:00,,ACTIVE,DENGUE_ABIERTO,2026-08-20
MUNICIPALITY,42000000-0000-0000-0000-000000001825,Benito Juarez,INFLUENZA,Influenza,CONFIRMED,35,2026-06-11 00:00:00,,ACTIVE,COVID19MEXICO,2026-08-24
MUNICIPALITY,42000000-0000-0000-0000-000000000288,Benito Juarez,INFLUENZA,Influenza,SUSPECTED,39,2026-06-06 00:00:00,,ACTIVE,COVID19MEXICO,2026-08-24
MUNICIPALITY,42000000-0000-0000-0000-000000000390,Benito Juarez,INFLUENZA,Influenza,SUSPECTED,1,2026-06-20 00:00:00,,ACTIVE,COVID19MEXICO,2026-08-24
MUNICIPALITY,42000000-0000-0000-0000-000000001825,Benito Juarez,INFLUENZA,Influenza,SUSPECTED,33,2026-06-03 00:00:00,,ACTIVE,COVID19MEXICO,2026-08-24
MUNICIPALITY,42000000-0000-0000-0000-000000001825,Benito Juarez,MEASLES,Measles,CONFIRMED,75,2026-06-01 00:00:00,,ACTIVE,EFES_ABIERTO,2026-08-18
MUNICIPALITY,42000000-0000-0000-0000-000000001825,Benito Juarez,MEASLES,Measles,SUSPECTED,17,2026-08-18 00:00:00,,ACTIVE,EFES_ABIERTO,2026-08-18
MUNICIPALITY,42000000-0000-0000-0000-000000001825,Benito Juarez,RUBELLA,Rubella,SUSPECTED,17,2026-08-18 00:00:00,,ACTIVE,EFES_ABIERTO,2026-08-18
MUNICIPALITY,42000000-0000-0000-0000-000000000096,Berriozabal,COVID-19,COVID-19,SUSPECTED,2,2026-06-30 00:00:00,,ACTIVE,COVID19MEXICO,2026-08-24
MUNICIPALITY,42000000-0000-0000-0000-000000000096,Berriozabal,INFLUENZA,Influenza,SUSPECTED,2,2026-06-30 00:00:00,,ACTIVE,COVID19MEXICO,2026-08-24
MUNICIPALITY,42000000-0000-0000-0000-000000000096,Berriozabal,MEASLES,Measles,SUSPECTED,12,2026-08-18 00:00:00,,ACTIVE,EFES_ABIERTO,2026-08-18
MUNICIPALITY,42000000-0000-0000-0000-000000000096,Berriozabal,RUBELLA,Rubella,SUSPECTED,12,2026-08-18 00:00:00,,ACTIVE,EFES_ABIERTO,2026-08-18
MUNICIPALITY,42000000-0000-0000-0000-000000002130,Boca del Rio,COVID-19,COVID-19,SUSPECTED,9,2026-06-27 00:00:00,,ACTIVE,COVID19MEXICO,2026-08-24
MUNICIPALITY,42000000-0000-0000-0000-000000002130,Boca del Rio,DENGUE,Dengue fever,SUSPECTED,1,2026-06-24 00:00:00,,ACTIVE,DENGUE_ABIERTO,2026-08-20
MUNICIPALITY,42000000-0000-0000-0000-000000002130,Boca del Rio,INFLUENZA,Influenza,SUSPECTED,9,2026-06-27 00:00:00,,ACTIVE,COVID19MEXICO,2026-08-24
MUNICIPALITY,42000000-0000-0000-0000-000000000217,Bocoyna,MEASLES,Measles,SUSPECTED,1,2026-08-18 00:00:00,,ACTIVE,EFES_ABIERTO,2026-08-18
MUNICIPALITY,42000000-0000-0000-0000-000000000217,Bocoyna,RUBELLA,Rubella,SUSPECTED,1,2026-08-18 00:00:00,,ACTIVE,EFES_ABIERTO,2026-08-18
MUNICIPALITY,42000000-0000-0000-0000-000000002319,Bokoba,INFLUENZA,Influenza,CONFIRMED,1,2026-07-23 00:00:00,,ACTIVE,COVID19MEXICO,2026-08-24
MUNICIPALITY,42000000-0000-0000-0000-000000000806,Brisenas,COVID-19,COVID-19,CONFIRMED,1,2026-07-07 00:00:00,,ACTIVE,COVID19MEXICO,2026-08-24
MUNICIPALITY,42000000-0000-0000-0000-000000000806,Brisenas,COVID-19,COVID-19,SUSPECTED,1,2026-07-03 00:00:00,,ACTIVE,COVID19MEXICO,2026-08-24
MUNICIPALITY,42000000-0000-0000-0000-000000000806,Brisenas,INFLUENZA,Influenza,SUSPECTED,1,2026-07-03 00:00:00,,ACTIVE,COVID19MEXICO,2026-08-24
MUNICIPALITY,42000000-0000-0000-0000-000000000806,Brisenas,MEASLES,Measles,SUSPECTED,1,2026-08-18 00:00:00,,ACTIVE,EFES_ABIERTO,2026-08-18
MUNICIPALITY,42000000-0000-0000-0000-000000000806,Brisenas,RUBELLA,Rubella,SUSPECTED,1,2026-08-18 00:00:00,,ACTIVE,EFES_ABIERTO,2026-08-18
MUNICIPALITY,42000000-0000-0000-0000-000000000807,Buenavista,MEASLES,Measles,SUSPECTED,2,2026-08-18 00:00:00,,ACTIVE,EFES_ABIERTO,2026-08-18
MUNICIPALITY,42000000-0000-0000-0000-000000000807,Buenavista,RUBELLA,Rubella,SUSPECTED,2,2026-08-18 00:00:00,,ACTIVE,EFES_ABIERTO,2026-08-18
MUNICIPALITY,42000000-0000-0000-0000-000000000565,Cabo Corrientes,MEASLES,Measles,CONFIRMED,3,2026-07-09 00:00:00,,ACTIVE,EFES_ABIERTO,2026-08-18
MUNICIPALITY,42000000-0000-0000-0000-000000001927,Caborca,COVID-19,COVID-19,CONFIRMED,1,2026-08-16 00:00:00,,ACTIVE,COVID19MEXICO,2026-08-24
MUNICIPALITY,42000000-0000-0000-0000-000000001927,Caborca,DENGUE,Dengue fever,SUSPECTED,1,2026-07-04 00:00:00,,ACTIVE,DENGUE_ABIERTO,2026-08-20
MUNICIPALITY,42000000-0000-0000-0000-000000001927,Caborca,MEASLES,Measles,CONFIRMED,1,2026-07-07 00:00:00,,ACTIVE,EFES_ABIERTO,2026-08-18
MUNICIPALITY,42000000-0000-0000-0000-000000000973,Cadereyta Jimenez,COVID-19,COVID-19,CONFIRMED,4,2026-06-28 00:00:00,,ACTIVE,COVID19MEXICO,2026-08-24
MUNICIPALITY,42000000-0000-0000-0000-000000000973,Cadereyta Jimenez,COVID-19,COVID-19,SUSPECTED,15,2026-06-05 00:00:00,,ACTIVE,COVID19MEXICO,2026-08-24
MUNICIPALITY,42000000-0000-0000-0000-000000000973,Cadereyta Jimenez,INFLUENZA,Influenza,CONFIRMED,1,2026-06-12 00:00:00,,ACTIVE,COVID19MEXICO,2026-08-24
MUNICIPALITY,42000000-0000-0000-0000-000000000973,Cadereyta Jimenez,INFLUENZA,Influenza,SUSPECTED,15,2026-06-05 00:00:00,,ACTIVE,COVID19MEXICO,2026-08-24
MUNICIPALITY,42000000-0000-0000-0000-000000000973,Cadereyta Jimenez,MEASLES,Measles,SUSPECTED,1,2026-08-18 00:00:00,,ACTIVE,EFES_ABIERTO,2026-08-18
MUNICIPALITY,42000000-0000-0000-0000-000000000973,Cadereyta Jimenez,RUBELLA,Rubella,SUSPECTED,1,2026-08-18 00:00:00,,ACTIVE,EFES_ABIERTO,2026-08-18
MUNICIPALITY,42000000-0000-0000-0000-000000001806,Cadereyta de Montes,COVID-19,COVID-19,SUSPECTED,4,2026-06-16 00:00:00,,ACTIVE,COVID19MEXICO,2026-08-24
MUNICIPALITY,42000000-0000-0000-0000-000000001806,Cadereyta de Montes,INFLUENZA,Influenza,SUSPECTED,4,2026-06-16 00:00:00,,ACTIVE,COVID19MEXICO,2026-08-24
MUNICIPALITY,42000000-0000-0000-0000-000000001928,Cajeme,COVID-19,COVID-19,CONFIRMED,1,2026-07-26 00:00:00,,ACTIVE,COVID19MEXICO,2026-08-24
MUNICIPALITY,42000000-0000-0000-0000-000000001928,Cajeme,COVID-19,COVID-19,SUSPECTED,5,2026-06-21 00:00:00,,ACTIVE,COVID19MEXICO,2026-08-24
MUNICIPALITY,42000000-0000-0000-0000-000000001928,Cajeme,DENGUE,Dengue fever,SUSPECTED,7,2026-06-06 00:00:00,,ACTIVE,DENGUE_ABIERTO,2026-08-20
MUNICIPALITY,42000000-0000-0000-0000-000000001928,Cajeme,INFLUENZA,Influenza,SUSPECTED,5,2026-06-21 00:00:00,,ACTIVE,COVID19MEXICO,2026-08-24
MUNICIPALITY,42000000-0000-0000-0000-000000000033,Calakmul,COVID-19,COVID-19,SUSPECTED,2,2026-06-15 00:00:00,,ACTIVE,COVID19MEXICO,2026-08-24
MUNICIPALITY,42000000-0000-0000-0000-000000000033,Calakmul,INFLUENZA,Influenza,SUSPECTED,2,2026-06-15 00:00:00,,ACTIVE,COVID19MEXICO,2026-08-24
MUNICIPALITY,42000000-0000-0000-0000-000000002131,Calcahualco,COVID-19,COVID-19,SUSPECTED,1,2026-07-22 00:00:00,,ACTIVE,COVID19MEXICO,2026-08-24
MUNICIPALITY,42000000-0000-0000-0000-000000002131,Calcahualco,INFLUENZA,Influenza,SUSPECTED,1,2026-07-22 00:00:00,,ACTIVE,COVID19MEXICO,2026-08-24
MUNICIPALITY,42000000-0000-0000-0000-000000002425,Calera,MEASLES,Measles,SUSPECTED,1,2026-08-18 00:00:00,,ACTIVE,EFES_ABIERTO,2026-08-18
MUNICIPALITY,42000000-0000-0000-0000-000000002425,Calera,RUBELLA,Rubella,SUSPECTED,1,2026-08-18 00:00:00,,ACTIVE,EFES_ABIERTO,2026-08-18
MUNICIPALITY,42000000-0000-0000-0000-000000000688,Calimaya,COVID-19,COVID-19,SUSPECTED,3,2026-06-24 00:00:00,,ACTIVE,COVID19MEXICO,2026-08-24
MUNICIPALITY,42000000-0000-0000-0000-000000000688,Calimaya,INFLUENZA,Influenza,SUSPECTED,3,2026-06-24 00:00:00,,ACTIVE,COVID19MEXICO,2026-08-24
MUNICIPALITY,42000000-0000-0000-0000-000000000024,Calkini,COVID-19,COVID-19,SUSPECTED,1,2026-08-18 00:00:00,,ACTIVE,COVID19MEXICO,2026-08-24
MUNICIPALITY,42000000-0000-0000-0000-000000000024,Calkini,INFLUENZA,Influenza,SUSPECTED,1,2026-08-18 00:00:00,,ACTIVE,COVID19MEXICO,2026-08-24
MUNICIPALITY,42000000-0000-0000-0000-000000001611,Calpan,COVID-19,COVID-19,CONFIRMED,1,2026-07-30 00:00:00,,ACTIVE,COVID19MEXICO,2026-08-24
MUNICIPALITY,42000000-0000-0000-0000-000000002048,Calpulalpan,COVID-19,COVID-19,CONFIRMED,1,2026-07-15 00:00:00,,ACTIVE,COVID19MEXICO,2026-08-24
MUNICIPALITY,42000000-0000-0000-0000-000000002048,Calpulalpan,COVID-19,COVID-19,SUSPECTED,15,2026-06-14 00:00:00,,ACTIVE,COVID19MEXICO,2026-08-24
MUNICIPALITY,42000000-0000-0000-0000-000000002048,Calpulalpan,INFLUENZA,Influenza,CONFIRMED,1,2026-06-30 00:00:00,,ACTIVE,COVID19MEXICO,2026-08-24
MUNICIPALITY,42000000-0000-0000-0000-000000002048,Calpulalpan,INFLUENZA,Influenza,SUSPECTED,15,2026-06-14 00:00:00,,ACTIVE,COVID19MEXICO,2026-08-24
MUNICIPALITY,42000000-0000-0000-0000-000000001612,Caltepec,COVID-19,COVID-19,SUSPECTED,2,2026-07-14 00:00:00,,ACTIVE,COVID19MEXICO,2026-08-24
MUNICIPALITY,42000000-0000-0000-0000-000000001612,Caltepec,INFLUENZA,Influenza,SUSPECTED,2,2026-07-14 00:00:00,,ACTIVE,COVID19MEXICO,2026-08-24
MUNICIPALITY,42000000-0000-0000-0000-000000000003,Calvillo,COVID-19,COVID-19,SUSPECTED,9,2026-07-20 00:00:00,,ACTIVE,COVID19MEXICO,2026-08-24
MUNICIPALITY,42000000-0000-0000-0000-000000000003,Calvillo,INFLUENZA,Influenza,SUSPECTED,9,2026-07-20 00:00:00,,ACTIVE,COVID19MEXICO,2026-08-24
MUNICIPALITY,42000000-0000-0000-0000-000000000003,Calvillo,MEASLES,Measles,SUSPECTED,1,2026-08-18 00:00:00,,ACTIVE,EFES_ABIERTO,2026-08-18
MUNICIPALITY,42000000-0000-0000-0000-000000000003,Calvillo,RUBELLA,Rubella,SUSPECTED,1,2026-08-18 00:00:00,,ACTIVE,EFES_ABIERTO,2026-08-18
MUNICIPALITY,42000000-0000-0000-0000-000000000219,Camargo,COVID-19,COVID-19,SUSPECTED,2,2026-07-08 00:00:00,,ACTIVE,COVID19MEXICO,2026-08-24
MUNICIPALITY,42000000-0000-0000-0000-000000000219,Camargo,INFLUENZA,Influenza,SUSPECTED,2,2026-07-08 00:00:00,,ACTIVE,COVID19MEXICO,2026-08-24
MUNICIPALITY,42000000-0000-0000-0000-000000000219,Camargo,MEASLES,Measles,CONFIRMED,1,2026-07-16 00:00:00,,ACTIVE,EFES_ABIERTO,2026-08-18
MUNICIPALITY,42000000-0000-0000-0000-000000002132,Camerino Z. Mendoza,MEASLES,Measles,SUSPECTED,1,2026-08-18 00:00:00,,ACTIVE,EFES_ABIERTO,2026-08-18
MUNICIPALITY,42000000-0000-0000-0000-000000002132,Camerino Z. Mendoza,RUBELLA,Rubella,SUSPECTED,1,2026-08-18 00:00:00,,ACTIVE,EFES_ABIERTO,2026-08-18
MUNICIPALITY,42000000-0000-0000-0000-000000000025,Campeche,COVID-19,COVID-19,CONFIRMED,4,2026-08-08 00:00:00,,ACTIVE,COVID19MEXICO,2026-08-24
MUNICIPALITY,42000000-0000-0000-0000-000000000025,Campeche,COVID-19,COVID-19,SUSPECTED,76,2026-06-01 00:00:00,,ACTIVE,COVID19MEXICO,2026-08-24
MUNICIPALITY,42000000-0000-0000-0000-000000000025,Campeche,INFLUENZA,Influenza,CONFIRMED,2,2026-06-25 00:00:00,,ACTIVE,COVID19MEXICO,2026-08-24
MUNICIPALITY,42000000-0000-0000-0000-000000000025,Campeche,INFLUENZA,Influenza,SUSPECTED,76,2026-06-01 00:00:00,,ACTIVE,COVID19MEXICO,2026-08-24
MUNICIPALITY,42000000-0000-0000-0000-000000000025,Campeche,MEASLES,Measles,SUSPECTED,1,2026-08-18 00:00:00,,ACTIVE,EFES_ABIERTO,2026-08-18
MUNICIPALITY,42000000-0000-0000-0000-000000000025,Campeche,RUBELLA,Rubella,SUSPECTED,1,2026-08-18 00:00:00,,ACTIVE,EFES_ABIERTO,2026-08-18
MUNICIPALITY,42000000-0000-0000-0000-000000000662,Canadas de Obregon,MEASLES,Measles,SUSPECTED,1,2026-08-18 00:00:00,,ACTIVE,EFES_ABIERTO,2026-08-18
MUNICIPALITY,42000000-0000-0000-0000-000000000662,Canadas de Obregon,RUBELLA,Rubella,SUSPECTED,1,2026-08-18 00:00:00,,ACTIVE,EFES_ABIERTO,2026-08-18
MUNICIPALITY,42000000-0000-0000-0000-000000000034,Candelaria,COVID-19,COVID-19,SUSPECTED,6,2026-06-05 00:00:00,,ACTIVE,COVID19MEXICO,2026-08-24
MUNICIPALITY,42000000-0000-0000-0000-000000000034,Candelaria,INFLUENZA,Influenza,SUSPECTED,6,2026-06-05 00:00:00,,ACTIVE,COVID19MEXICO,2026-08-24
MUNICIPALITY,42000000-0000-0000-0000-000000000689,Capulhuac,COVID-19,COVID-19,SUSPECTED,2,2026-07-19 00:00:00,,ACTIVE,COVID19MEXICO,2026-08-24
MUNICIPALITY,42000000-0000-0000-0000-000000000689,Capulhuac,INFLUENZA,Influenza,CONFIRMED,1,2026-08-01 00:00:00,,ACTIVE,COVID19MEXICO,2026-08-24
MUNICIPALITY,42000000-0000-0000-0000-000000000689,Capulhuac,INFLUENZA,Influenza,SUSPECTED,2,2026-07-19 00:00:00,,ACTIVE,COVID19MEXICO,2026-08-24
MUNICIPALITY,42000000-0000-0000-0000-000000000808,Caracuaro,MEASLES,Measles,SUSPECTED,1,2026-08-18 00:00:00,,ACTIVE,EFES_ABIERTO,2026-08-18
MUNICIPALITY,42000000-0000-0000-0000-000000000808,Caracuaro,RUBELLA,Rubella,SUSPECTED,1,2026-08-18 00:00:00,,ACTIVE,EFES_ABIERTO,2026-08-18
MUNICIPALITY,42000000-0000-0000-0000-000000001984,Cardenas,COVID-19,COVID-19,CONFIRMED,9,2026-06-14 00:00:00,,ACTIVE,COVID19MEXICO,2026-08-24
MUNICIPALITY,42000000-0000-0000-0000-000000001984,Cardenas,COVID-19,COVID-19,SUSPECTED,12,2026-06-01 00:00:00,,ACTIVE,COVID19MEXICO,2026-08-24
MUNICIPALITY,42000000-0000-0000-0000-000000001984,Cardenas,INFLUENZA,Influenza,CONFIRMED,3,2026-06-28 00:00:00,,ACTIVE,COVID19MEXICO,2026-08-24
MUNICIPALITY,42000000-0000-0000-0000-000000001984,Cardenas,INFLUENZA,Influenza,SUSPECTED,12,2026-06-01 00:00:00,,ACTIVE,COVID19MEXICO,2026-08-24
MUNICIPALITY,42000000-0000-0000-0000-000000001984,Cardenas,MEASLES,Measles,SUSPECTED,4,2026-08-18 00:00:00,,ACTIVE,EFES_ABIERTO,2026-08-18
MUNICIPALITY,42000000-0000-0000-0000-000000001984,Cardenas,RUBELLA,Rubella,SUSPECTED,4,2026-08-18 00:00:00,,ACTIVE,EFES_ABIERTO,2026-08-18
MUNICIPALITY,42000000-0000-0000-0000-000000002310,Carlos A. Carrillo,COVID-19,COVID-19,SUSPECTED,3,2026-06-13 00:00:00,,ACTIVE,COVID19MEXICO,2026-08-24
MUNICIPALITY,42000000-0000-0000-0000-000000002310,Carlos A. Carrillo,INFLUENZA,Influenza,SUSPECTED,3,2026-06-13 00:00:00,,ACTIVE,COVID19MEXICO,2026-08-24
MUNICIPALITY,42000000-0000-0000-0000-000000000026,Carmen,COVID-19,COVID-19,CONFIRMED,8,2026-06-28 00:00:00,,ACTIVE,COVID19MEXICO,2026-08-24
MUNICIPALITY,42000000-0000-0000-0000-000000000026,Carmen,COVID-19,COVID-19,SUSPECTED,82,2026-06-01 00:00:00,,ACTIVE,COVID19MEXICO,2026-08-24
MUNICIPALITY,42000000-0000-0000-0000-000000000026,Carmen,INFLUENZA,Influenza,CONFIRMED,1,2026-07-13 00:00:00,,ACTIVE,COVID19MEXICO,2026-08-24
MUNICIPALITY,42000000-0000-0000-0000-000000000026,Carmen,INFLUENZA,Influenza,SUSPECTED,82,2026-06-01 00:00:00,,ACTIVE,COVID19MEXICO,2026-08-24
MUNICIPALITY,42000000-0000-0000-0000-000000000026,Carmen,MEASLES,Measles,CONFIRMED,7,2026-07-07 00:00:00,,ACTIVE,EFES_ABIERTO,2026-08-18
MUNICIPALITY,42000000-0000-0000-0000-000000000026,Carmen,MEASLES,Measles,SUSPECTED,1,2026-08-18 00:00:00,,ACTIVE,EFES_ABIERTO,2026-08-18
MUNICIPALITY,42000000-0000-0000-0000-000000000026,Carmen,RUBELLA,Rubella,SUSPECTED,1,2026-08-18 00:00:00,,ACTIVE,EFES_ABIERTO,2026-08-18
MUNICIPALITY,42000000-0000-0000-0000-000000002133,Carrillo Puerto,COVID-19,COVID-19,SUSPECTED,1,2026-07-10 00:00:00,,ACTIVE,COVID19MEXICO,2026-08-24
MUNICIPALITY,42000000-0000-0000-0000-000000002133,Carrillo Puerto,INFLUENZA,Influenza,SUSPECTED,1,2026-07-10 00:00:00,,ACTIVE,COVID19MEXICO,2026-08-24
MUNICIPALITY,42000000-0000-0000-0000-000000000566,Casimiro Castillo,MEASLES,Measles,SUSPECTED,1,2026-08-18 00:00:00,,ACTIVE,EFES_ABIERTO,2026-08-18
MUNICIPALITY,42000000-0000-0000-0000-000000000566,Casimiro Castillo,RUBELLA,Rubella,SUSPECTED,1,2026-08-18 00:00:00,,ACTIVE,EFES_ABIERTO,2026-08-18
MUNICIPALITY,42000000-0000-0000-0000-000000000100,Catazaja,DENGUE,Dengue fever,SUSPECTED,1,2026-07-06 00:00:00,,ACTIVE,DENGUE_ABIERTO,2026-08-20
MUNICIPALITY,42000000-0000-0000-0000-000000002134,Catemaco,COVID-19,COVID-19,SUSPECTED,2,2026-07-19 00:00:00,,ACTIVE,COVID19MEXICO,2026-08-24
MUNICIPALITY,42000000-0000-0000-0000-000000002134,Catemaco,INFLUENZA,Influenza,SUSPECTED,2,2026-07-19 00:00:00,,ACTIVE,COVID19MEXICO,2026-08-24
MUNICIPALITY,42000000-0000-0000-0000-000000002135,Cazones de Herrera,COVID-19,COVID-19,SUSPECTED,3,2026-06-04 00:00:00,,ACTIVE,COVID19MEXICO,2026-08-24
MUNICIPALITY,42000000-0000-0000-0000-000000002135,Cazones de Herrera,INFLUENZA,Influenza,SUSPECTED,3,2026-06-04 00:00:00,,ACTIVE,COVID19MEXICO,2026-08-24
MUNICIPALITY,42000000-0000-0000-0000-000000000337,Celaya,COVID-19,COVID-19,CONFIRMED,3,2026-07-02 00:00:00,,ACTIVE,COVID19MEXICO,2026-08-24
MUNICIPALITY,42000000-0000-0000-0000-000000000337,Celaya,COVID-19,COVID-19,SUSPECTED,25,2026-06-07 00:00:00,,ACTIVE,COVID19MEXICO,2026-08-24
MUNICIPALITY,42000000-0000-0000-0000-000000000337,Celaya,INFLUENZA,Influenza,SUSPECTED,25,2026-06-07 00:00:00,,ACTIVE,COVID19MEXICO,2026-08-24
MUNICIPALITY,42000000-0000-0000-0000-000000000337,Celaya,MEASLES,Measles,SUSPECTED,3,2026-08-18 00:00:00,,ACTIVE,EFES_ABIERTO,2026-08-18
MUNICIPALITY,42000000-0000-0000-0000-000000000337,Celaya,RUBELLA,Rubella,SUSPECTED,3,2026-08-18 00:00:00,,ACTIVE,EFES_ABIERTO,2026-08-18
MUNICIPALITY,42000000-0000-0000-0000-000000001985,Centla,COVID-19,COVID-19,CONFIRMED,3,2026-07-01 00:00:00,,ACTIVE,COVID19MEXICO,2026-08-24
MUNICIPALITY,42000000-0000-0000-0000-000000001985,Centla,COVID-19,COVID-19,SUSPECTED,1,2026-08-16 00:00:00,,ACTIVE,COVID19MEXICO,2026-08-24
MUNICIPALITY,42000000-0000-0000-0000-000000001985,Centla,INFLUENZA,Influenza,SUSPECTED,1,2026-08-16 00:00:00,,ACTIVE,COVID19MEXICO,2026-08-24
MUNICIPALITY,42000000-0000-0000-0000-000000001986,Centro,COVID-19,COVID-19,CONFIRMED,13,2026-06-08 00:00:00,,ACTIVE,COVID19MEXICO,2026-08-24
MUNICIPALITY,42000000-0000-0000-0000-000000001986,Centro,COVID-19,COVID-19,SUSPECTED,24,2026-06-12 00:00:00,,ACTIVE,COVID19MEXICO,2026-08-24
MUNICIPALITY,42000000-0000-0000-0000-000000001986,Centro,INFLUENZA,Influenza,CONFIRMED,5,2026-06-06 00:00:00,,ACTIVE,COVID19MEXICO,2026-08-24
MUNICIPALITY,42000000-0000-0000-0000-000000001986,Centro,INFLUENZA,Influenza,SUSPECTED,24,2026-06-12 00:00:00,,ACTIVE,COVID19MEXICO,2026-08-24
MUNICIPALITY,42000000-0000-0000-0000-000000001986,Centro,MEASLES,Measles,CONFIRMED,1,2026-08-09 00:00:00,,ACTIVE,EFES_ABIERTO,2026-08-18
MUNICIPALITY,42000000-0000-0000-0000-000000001986,Centro,MEASLES,Measles,SUSPECTED,12,2026-08-18 00:00:00,,ACTIVE,EFES_ABIERTO,2026-08-18
MUNICIPALITY,42000000-0000-0000-0000-000000001986,Centro,RUBELLA,Rubella,SUSPECTED,12,2026-08-18 00:00:00,,ACTIVE,EFES_ABIERTO,2026-08-18
MUNICIPALITY,42000000-0000-0000-0000-000000000975,Cerralvo,COVID-19,COVID-19,CONFIRMED,1,2026-08-06 00:00:00,,ACTIVE,COVID19MEXICO,2026-08-24
MUNICIPALITY,42000000-0000-0000-0000-000000000975,Cerralvo,INFLUENZA,Influenza,CONFIRMED,1,2026-06-09 00:00:00,,ACTIVE,COVID19MEXICO,2026-08-24
MUNICIPALITY,42000000-0000-0000-0000-000000002136,Cerro Azul,COVID-19,COVID-19,SUSPECTED,1,2026-07-25 00:00:00,,ACTIVE,COVID19MEXICO,2026-08-24
MUNICIPALITY,42000000-0000-0000-0000-000000002136,Cerro Azul,INFLUENZA,Influenza,SUSPECTED,1,2026-07-25 00:00:00,,ACTIVE,COVID19MEXICO,2026-08-24
MUNICIPALITY,42000000-0000-0000-0000-000000002156,Chacaltianguis,COVID-19,COVID-19,SUSPECTED,1,2026-08-17 00:00:00,,ACTIVE,COVID19MEXICO,2026-08-24
MUNICIPALITY,42000000-0000-0000-0000-000000002156,Chacaltianguis,INFLUENZA,Influenza,SUSPECTED,1,2026-08-17 00:00:00,,ACTIVE,COVID19MEXICO,2026-08-24
MUNICIPALITY,42000000-0000-0000-0000-000000001040,Chahuites,MEASLES,Measles,SUSPECTED,1,2026-08-18 00:00:00,,ACTIVE,EFES_ABIERTO,2026-08-18
MUNICIPALITY,42000000-0000-0000-0000-000000001040,Chahuites,RUBELLA,Rubella,SUSPECTED,1,2026-08-18 00:00:00,,ACTIVE,EFES_ABIERTO,2026-08-18
MUNICIPALITY,42000000-0000-0000-0000-000000001630,Chalchicomula de Sesma,COVID-19,COVID-19,SUSPECTED,2,2026-07-27 00:00:00,,ACTIVE,COVID19MEXICO,2026-08-24
MUNICIPALITY,42000000-0000-0000-0000-000000001630,Chalchicomula de Sesma,INFLUENZA,Influenza,SUSPECTED,2,2026-07-27 00:00:00,,ACTIVE,COVID19MEXICO,2026-08-24
MUNICIPALITY,42000000-0000-0000-0000-000000000695,Chalco,COVID-19,COVID-19,CONFIRMED,11,2026-06-03 00:00:00,,ACTIVE,COVID19MEXICO,2026-08-24
MUNICIPALITY,42000000-0000-0000-0000-000000000695,Chalco,COVID-19,COVID-19,SUSPECTED,17,2026-06-05 00:00:00,,ACTIVE,COVID19MEXICO,2026-08-24
MUNICIPALITY,42000000-0000-0000-0000-000000000695,Chalco,INFLUENZA,Influenza,CONFIRMED,2,2026-06-01 00:00:00,,ACTIVE,COVID19MEXICO,2026-08-24
MUNICIPALITY,42000000-0000-0000-0000-000000000695,Chalco,INFLUENZA,Influenza,SUSPECTED,17,2026-06-05 00:00:00,,ACTIVE,COVID19MEXICO,2026-08-24
MUNICIPALITY,42000000-0000-0000-0000-000000000695,Chalco,MEASLES,Measles,CONFIRMED,4,2026-06-03 00:00:00,,ACTIVE,EFES_ABIERTO,2026-08-18
MUNICIPALITY,42000000-0000-0000-0000-000000000695,Chalco,MEASLES,Measles,SUSPECTED,4,2026-08-18 00:00:00,,ACTIVE,EFES_ABIERTO,2026-08-18
MUNICIPALITY,42000000-0000-0000-0000-000000000695,Chalco,RUBELLA,Rubella,SUSPECTED,4,2026-08-18 00:00:00,,ACTIVE,EFES_ABIERTO,2026-08-18
MUNICIPALITY,42000000-0000-0000-0000-000000000027,Champoton,COVID-19,COVID-19,SUSPECTED,10,2026-06-05 00:00:00,,ACTIVE,COVID19MEXICO,2026-08-24
MUNICIPALITY,42000000-0000-0000-0000-000000000027,Champoton,INFLUENZA,Influenza,CONFIRMED,1,2026-06-10 00:00:00,,ACTIVE,COVID19MEXICO,2026-08-24
MUNICIPALITY,42000000-0000-0000-0000-000000000027,Champoton,INFLUENZA,Influenza,SUSPECTED,10,2026-06-05 00:00:00,,ACTIVE,COVID19MEXICO,2026-08-24
MUNICIPALITY,42000000-0000-0000-0000-000000000108,Chanal,MEASLES,Measles,SUSPECTED,1,2026-08-18 00:00:00,,ACTIVE,EFES_ABIERTO,2026-08-18
MUNICIPALITY,42000000-0000-0000-0000-000000000108,Chanal,RUBELLA,Rubella,SUSPECTED,1,2026-08-18 00:00:00,,ACTIVE,EFES_ABIERTO,2026-08-18
MUNICIPALITY,42000000-0000-0000-0000-000000000696,Chapa de Mota,COVID-19,COVID-19,SUSPECTED,1,2026-07-19 00:00:00,,ACTIVE,COVID19MEXICO,2026-08-24
MUNICIPALITY,42000000-0000-0000-0000-000000000696,Chapa de Mota,INFLUENZA,Influenza,SUSPECTED,1,2026-07-19 00:00:00,,ACTIVE,COVID19MEXICO,2026-08-24
MUNICIPALITY,42000000-0000-0000-0000-000000002332,Chapab,COVID-19,COVID-19,SUSPECTED,1,2026-07-08 00:00:00,,ACTIVE,COVID19MEXICO,2026-08-24
MUNICIPALITY,42000000-0000-0000-0000-000000002332,Chapab,INFLUENZA,Influenza,CONFIRMED,2,2026-07-07 00:00:00,,ACTIVE,COVID19MEXICO,2026-08-24
MUNICIPALITY,42000000-0000-0000-0000-000000002332,Chapab,INFLUENZA,Influenza,SUSPECTED,1,2026-07-08 00:00:00,,ACTIVE,COVID19MEXICO,2026-08-24
MUNICIPALITY,42000000-0000-0000-0000-000000002332,Chapab,MEASLES,Measles,SUSPECTED,1,2026-08-18 00:00:00,,ACTIVE,EFES_ABIERTO,2026-08-18
MUNICIPALITY,42000000-0000-0000-0000-000000002332,Chapab,RUBELLA,Rubella,SUSPECTED,1,2026-08-18 00:00:00,,ACTIVE,EFES_ABIERTO,2026-08-18
MUNICIPALITY,42000000-0000-0000-0000-000000000575,Chapala,MEASLES,Measles,SUSPECTED,3,2026-08-18 00:00:00,,ACTIVE,EFES_ABIERTO,2026-08-18
MUNICIPALITY,42000000-0000-0000-0000-000000000575,Chapala,RUBELLA,Rubella,SUSPECTED,3,2026-08-18 00:00:00,,ACTIVE,EFES_ABIERTO,2026-08-18
MUNICIPALITY,42000000-0000-0000-0000-000000000697,Chapultepec,COVID-19,COVID-19,SUSPECTED,2,2026-07-08 00:00:00,,ACTIVE,COVID19MEXICO,2026-08-24
MUNICIPALITY,42000000-0000-0000-0000-000000000697,Chapultepec,INFLUENZA,Influenza,SUSPECTED,2,2026-07-08 00:00:00,,ACTIVE,COVID19MEXICO,2026-08-24
MUNICIPALITY,42000000-0000-0000-0000-000000000697,Chapultepec,MEASLES,Measles,SUSPECTED,1,2026-08-18 00:00:00,,ACTIVE,EFES_ABIERTO,2026-08-18
MUNICIPALITY,42000000-0000-0000-0000-000000000697,Chapultepec,RUBELLA,Rubella,SUSPECTED,1,2026-08-18 00:00:00,,ACTIVE,EFES_ABIERTO,2026-08-18
MUNICIPALITY,42000000-0000-0000-0000-000000000816,Charapan,COVID-19,COVID-19,CONFIRMED,1,2026-08-04 00:00:00,,ACTIVE,COVID19MEXICO,2026-08-24
MUNICIPALITY,42000000-0000-0000-0000-000000000817,Charo,COVID-19,COVID-19,CONFIRMED,1,2026-07-09 00:00:00,,ACTIVE,COVID19MEXICO,2026-08-24
MUNICIPALITY,42000000-0000-0000-0000-000000002333,Chemax,COVID-19,COVID-19,CONFIRMED,1,2026-07-23 00:00:00,,ACTIVE,COVID19MEXICO,2026-08-24
MUNICIPALITY,42000000-0000-0000-0000-000000002333,Chemax,COVID-19,COVID-19,SUSPECTED,14,2026-06-14 00:00:00,,ACTIVE,COVID19MEXICO,2026-08-24
MUNICIPALITY,42000000-0000-0000-0000-000000002333,Chemax,INFLUENZA,Influenza,SUSPECTED,14,2026-06-14 00:00:00,,ACTIVE,COVID19MEXICO,2026-08-24
MUNICIPALITY,42000000-0000-0000-0000-000000002333,Chemax,MEASLES,Measles,SUSPECTED,1,2026-08-18 00:00:00,,ACTIVE,EFES_ABIERTO,2026-08-18
MUNICIPALITY,42000000-0000-0000-0000-000000002333,Chemax,RUBELLA,Rubella,SUSPECTED,1,2026-08-18 00:00:00,,ACTIVE,EFES_ABIERTO,2026-08-18
MUNICIPALITY,42000000-0000-0000-0000-000000000111,Chiapa de Corzo,COVID-19,COVID-19,SUSPECTED,1,2026-07-15 00:00:00,,ACTIVE,COVID19MEXICO,2026-08-24
MUNICIPALITY,42000000-0000-0000-0000-000000000111,Chiapa de Corzo,INFLUENZA,Influenza,SUSPECTED,1,2026-07-15 00:00:00,,ACTIVE,COVID19MEXICO,2026-08-24
MUNICIPALITY,42000000-0000-0000-0000-000000000111,Chiapa de Corzo,MEASLES,Measles,CONFIRMED,1,2026-06-26 00:00:00,,ACTIVE,EFES_ABIERTO,2026-08-18
MUNICIPALITY,42000000-0000-0000-0000-000000000111,Chiapa de Corzo,MEASLES,Measles,SUSPECTED,11,2026-08-18 00:00:00,,ACTIVE,EFES_ABIERTO,2026-08-18
MUNICIPALITY,42000000-0000-0000-0000-000000000111,Chiapa de Corzo,RUBELLA,Rubella,SUSPECTED,11,2026-08-18 00:00:00,,ACTIVE,EFES_ABIERTO,2026-08-18
MUNICIPALITY,42000000-0000-0000-0000-000000002052,Chiautempan,COVID-19,COVID-19,CONFIRMED,1,2026-06-15 00:00:00,,ACTIVE,COVID19MEXICO,2026-08-24
MUNICIPALITY,42000000-0000-0000-0000-000000002052,Chiautempan,COVID-19,COVID-19,SUSPECTED,4,2026-07-11 00:00:00,,ACTIVE,COVID19MEXICO,2026-08-24
MUNICIPALITY,42000000-0000-0000-0000-000000002052,Chiautempan,INFLUENZA,Influenza,SUSPECTED,4,2026-07-11 00:00:00,,ACTIVE,COVID19MEXICO,2026-08-24
MUNICIPALITY,42000000-0000-0000-0000-000000002335,Chichimila,MEASLES,Measles,SUSPECTED,1,2026-08-18 00:00:00,,ACTIVE,EFES_ABIERTO,2026-08-18
MUNICIPALITY,42000000-0000-0000-0000-000000002335,Chichimila,RUBELLA,Rubella,SUSPECTED,1,2026-08-18 00:00:00,,ACTIVE,EFES_ABIERTO,2026-08-18
MUNICIPALITY,42000000-0000-0000-0000-000000000699,Chicoloapan,COVID-19,COVID-19,CONFIRMED,1,2026-06-26 00:00:00,,ACTIVE,COVID19MEXICO,2026-08-24
MUNICIPALITY,42000000-0000-0000-0000-000000000699,Chicoloapan,COVID-19,COVID-19,SUSPECTED,3,2026-06-05 00:00:00,,ACTIVE,COVID19MEXICO,2026-08-24
MUNICIPALITY,42000000-0000-0000-0000-000000000699,Chicoloapan,INFLUENZA,Influenza,SUSPECTED,3,2026-06-05 00:00:00,,ACTIVE,COVID19MEXICO,2026-08-24
MUNICIPALITY,42000000-0000-0000-0000-000000000699,Chicoloapan,MEASLES,Measles,SUSPECTED,5,2026-08-18 00:00:00,,ACTIVE,EFES_ABIERTO,2026-08-18
MUNICIPALITY,42000000-0000-0000-0000-000000000699,Chicoloapan,RUBELLA,Rubella,SUSPECTED,5,2026-08-18 00:00:00,,ACTIVE,EFES_ABIERTO,2026-08-18
MUNICIPALITY,42000000-0000-0000-0000-000000000114,Chicomuselo,COVID-19,COVID-19,SUSPECTED,1,2026-07-27 00:00:00,,ACTIVE,COVID19MEXICO,2026-08-24
MUNICIPALITY,42000000-0000-0000-0000-000000000114,Chicomuselo,INFLUENZA,Influenza,SUSPECTED,1,2026-07-27 00:00:00,,ACTIVE,COVID19MEXICO,2026-08-24
MUNICIPALITY,42000000-0000-0000-0000-000000000700,Chiconcuac,MEASLES,Measles,SUSPECTED,1,2026-08-18 00:00:00,,ACTIVE,EFES_ABIERTO,2026-08-18
MUNICIPALITY,42000000-0000-0000-0000-000000000700,Chiconcuac,RUBELLA,Rubella,SUSPECTED,1,2026-08-18 00:00:00,,ACTIVE,EFES_ABIERTO,2026-08-18
MUNICIPALITY,42000000-0000-0000-0000-000000001634,Chiconcuautla,COVID-19,COVID-19,SUSPECTED,1,2026-07-10 00:00:00,,ACTIVE,COVID19MEXICO,2026-08-24
MUNICIPALITY,42000000-0000-0000-0000-000000001634,Chiconcuautla,INFLUENZA,Influenza,CONFIRMED,1,2026-08-15 00:00:00,,ACTIVE,COVID19MEXICO,2026-08-24
MUNICIPALITY,42000000-0000-0000-0000-000000001634,Chiconcuautla,INFLUENZA,Influenza,SUSPECTED,1,2026-07-10 00:00:00,,ACTIVE,COVID19MEXICO,2026-08-24
MUNICIPALITY,42000000-0000-0000-0000-000000001634,Chiconcuautla,MEASLES,Measles,SUSPECTED,1,2026-08-18 00:00:00,,ACTIVE,EFES_ABIERTO,2026-08-18
MUNICIPALITY,42000000-0000-0000-0000-000000001634,Chiconcuautla,RUBELLA,Rubella,SUSPECTED,1,2026-08-18 00:00:00,,ACTIVE,EFES_ABIERTO,2026-08-18
MUNICIPALITY,42000000-0000-0000-0000-000000002159,Chiconquiaco,MEASLES,Measles,SUSPECTED,1,2026-08-18 00:00:00,,ACTIVE,EFES_ABIERTO,2026-08-18
MUNICIPALITY,42000000-0000-0000-0000-000000002159,Chiconquiaco,RUBELLA,Rubella,SUSPECTED,1,2026-08-18 00:00:00,,ACTIVE,EFES_ABIERTO,2026-08-18
MUNICIPALITY,42000000-0000-0000-0000-000000002160,Chicontepec,COVID-19,COVID-19,SUSPECTED,1,2026-07-31 00:00:00,,ACTIVE,COVID19MEXICO,2026-08-24
MUNICIPALITY,42000000-0000-0000-0000-000000002160,Chicontepec,INFLUENZA,Influenza,SUSPECTED,1,2026-07-31 00:00:00,,ACTIVE,COVID19MEXICO,2026-08-24
MUNICIPALITY,42000000-0000-0000-0000-000000002334,Chicxulub Pueblo,COVID-19,COVID-19,SUSPECTED,1,2026-07-02 00:00:00,,ACTIVE,COVID19MEXICO,2026-08-24
MUNICIPALITY,42000000-0000-0000-0000-000000002334,Chicxulub Pueblo,INFLUENZA,Influenza,SUSPECTED,1,2026-07-02 00:00:00,,ACTIVE,COVID19MEXICO,2026-08-24
MUNICIPALITY,42000000-0000-0000-0000-000000001636,Chietla,COVID-19,COVID-19,SUSPECTED,4,2026-06-14 00:00:00,,ACTIVE,COVID19MEXICO,2026-08-24
MUNICIPALITY,42000000-0000-0000-0000-000000001636,Chietla,INFLUENZA,Influenza,SUSPECTED,4,2026-06-14 00:00:00,,ACTIVE,COVID19MEXICO,2026-08-24
MUNICIPALITY,42000000-0000-0000-0000-000000001638,Chignahuapan,COVID-19,COVID-19,CONFIRMED,1,2026-06-29 00:00:00,,ACTIVE,COVID19MEXICO,2026-08-24
MUNICIPALITY,42000000-0000-0000-0000-000000001638,Chignahuapan,COVID-19,COVID-19,SUSPECTED,53,2026-06-01 00:00:00,,ACTIVE,COVID19MEXICO,2026-08-24
MUNICIPALITY,42000000-0000-0000-0000-000000001638,Chignahuapan,INFLUENZA,Influenza,SUSPECTED,53,2026-06-01 00:00:00,,ACTIVE,COVID19MEXICO,2026-08-24
MUNICIPALITY,42000000-0000-0000-0000-000000001639,Chignautla,COVID-19,COVID-19,CONFIRMED,1,2026-08-05 00:00:00,,ACTIVE,COVID19MEXICO,2026-08-24
MUNICIPALITY,42000000-0000-0000-0000-000000001639,Chignautla,COVID-19,COVID-19,SUSPECTED,13,2026-06-12 00:00:00,,ACTIVE,COVID19MEXICO,2026-08-24
MUNICIPALITY,42000000-0000-0000-0000-000000001639,Chignautla,INFLUENZA,Influenza,SUSPECTED,13,2026-06-12 00:00:00,,ACTIVE,COVID19MEXICO,2026-08-24
MUNICIPALITY,42000000-0000-0000-0000-000000001639,Chignautla,MEASLES,Measles,SUSPECTED,1,2026-08-18 00:00:00,,ACTIVE,EFES_ABIERTO,2026-08-18
MUNICIPALITY,42000000-0000-0000-0000-000000001639,Chignautla,RUBELLA,Rubella,SUSPECTED,1,2026-08-18 00:00:00,,ACTIVE,EFES_ABIERTO,2026-08-18
MUNICIPALITY,42000000-0000-0000-0000-000000000227,Chihuahua,COVID-19,COVID-19,CONFIRMED,3,2026-07-12 00:00:00,,ACTIVE,COVID19MEXICO,2026-08-24
MUNICIPALITY,42000000-0000-0000-0000-000000000227,Chihuahua,COVID-19,COVID-19,SUSPECTED,28,2026-06-01 00:00:00,,ACTIVE,COVID19MEXICO,2026-08-24
MUNICIPALITY,42000000-0000-0000-0000-000000000227,Chihuahua,INFLUENZA,Influenza,CONFIRMED,1,2026-07-04 00:00:00,,ACTIVE,COVID19MEXICO,2026-08-24
MUNICIPALITY,42000000-0000-0000-0000-000000000227,Chihuahua,INFLUENZA,Influenza,SUSPECTED,28,2026-06-01 00:00:00,,ACTIVE,COVID19MEXICO,2026-08-24
MUNICIPALITY,42000000-0000-0000-0000-000000001640,Chila,COVID-19,COVID-19,SUSPECTED,2,2026-06-28 00:00:00,,ACTIVE,COVID19MEXICO,2026-08-24
MUNICIPALITY,42000000-0000-0000-0000-000000001640,Chila,INFLUENZA,Influenza,SUSPECTED,2,2026-06-28 00:00:00,,ACTIVE,COVID19MEXICO,2026-08-24
MUNICIPALITY,42000000-0000-0000-0000-000000000404,Chilapa de Alvarez,COVID-19,COVID-19,SUSPECTED,3,2026-06-23 00:00:00,,ACTIVE,COVID19MEXICO,2026-08-24
MUNICIPALITY,42000000-0000-0000-0000-000000000404,Chilapa de Alvarez,DENGUE,Dengue fever,SUSPECTED,1,2026-06-28 00:00:00,,ACTIVE,DENGUE_ABIERTO,2026-08-20
MUNICIPALITY,42000000-0000-0000-0000-000000000404,Chilapa de Alvarez,INFLUENZA,Influenza,SUSPECTED,3,2026-06-23 00:00:00,,ACTIVE,COVID19MEXICO,2026-08-24
MUNICIPALITY,42000000-0000-0000-0000-000000000820,Chilchota,MEASLES,Measles,SUSPECTED,1,2026-08-18 00:00:00,,ACTIVE,EFES_ABIERTO,2026-08-18
MUNICIPALITY,42000000-0000-0000-0000-000000000820,Chilchota,RUBELLA,Rubella,SUSPECTED,1,2026-08-18 00:00:00,,ACTIVE,EFES_ABIERTO,2026-08-18
MUNICIPALITY,42000000-0000-0000-0000-000000000480,Chilcuautla,COVID-19,COVID-19,CONFIRMED,1,2026-06-26 00:00:00,,ACTIVE,COVID19MEXICO,2026-08-24
MUNICIPALITY,42000000-0000-0000-0000-000000000480,Chilcuautla,COVID-19,COVID-19,SUSPECTED,1,2026-07-10 00:00:00,,ACTIVE,COVID19MEXICO,2026-08-24
MUNICIPALITY,42000000-0000-0000-0000-000000000480,Chilcuautla,INFLUENZA,Influenza,SUSPECTED,1,2026-07-10 00:00:00,,ACTIVE,COVID19MEXICO,2026-08-24
MUNICIPALITY,42000000-0000-0000-0000-000000000115,Chilon,MEASLES,Measles,SUSPECTED,3,2026-08-18 00:00:00,,ACTIVE,EFES_ABIERTO,2026-08-18
MUNICIPALITY,42000000-0000-0000-0000-000000000115,Chilon,RUBELLA,Rubella,SUSPECTED,3,2026-08-18 00:00:00,,ACTIVE,EFES_ABIERTO,2026-08-18
MUNICIPALITY,42000000-0000-0000-0000-000000000405,Chilpancingo de los Bravo,COVID-19,COVID-19,SUSPECTED,58,2026-06-02 00:00:00,,ACTIVE,COVID19MEXICO,2026-08-24
MUNICIPALITY,42000000-0000-0000-0000-000000000405,Chilpancingo de los Bravo,INFLUENZA,Influenza,SUSPECTED,58,2026-06-02 00:00:00,,ACTIVE,COVID19MEXICO,2026-08-24
MUNICIPALITY,42000000-0000-0000-0000-000000000701,Chimalhuacan,COVID-19,COVID-19,CONFIRMED,8,2026-06-09 00:00:00,,ACTIVE,COVID19MEXICO,2026-08-24
MUNICIPALITY,42000000-0000-0000-0000-000000000701,Chimalhuacan,COVID-19,COVID-19,SUSPECTED,9,2026-06-07 00:00:00,,ACTIVE,COVID19MEXICO,2026-08-24
MUNICIPALITY,42000000-0000-0000-0000-000000000701,Chimalhuacan,INFLUENZA,Influenza,SUSPECTED,9,2026-06-07 00:00:00,,ACTIVE,COVID19MEXICO,2026-08-24
MUNICIPALITY,42000000-0000-0000-0000-000000000701,Chimalhuacan,MEASLES,Measles,CONFIRMED,3,2026-07-19 00:00:00,,ACTIVE,EFES_ABIERTO,2026-08-18
MUNICIPALITY,42000000-0000-0000-0000-000000000701,Chimalhuacan,MEASLES,Measles,SUSPECTED,15,2026-08-18 00:00:00,,ACTIVE,EFES_ABIERTO,2026-08-18
MUNICIPALITY,42000000-0000-0000-0000-000000000701,Chimalhuacan,RUBELLA,Rubella,SUSPECTED,15,2026-08-18 00:00:00,,ACTIVE,EFES_ABIERTO,2026-08-18
MUNICIPALITY,42000000-0000-0000-0000-000000002164,Chocaman,COVID-19,COVID-19,SUSPECTED,3,2026-06-29 00:00:00,,ACTIVE,COVID19MEXICO,2026-08-24
MUNICIPALITY,42000000-0000-0000-0000-000000002164,Chocaman,INFLUENZA,Influenza,SUSPECTED,3,2026-06-29 00:00:00,,ACTIVE,COVID19MEXICO,2026-08-24
MUNICIPALITY,42000000-0000-0000-0000-000000002337,Chochola,MEASLES,Measles,SUSPECTED,1,2026-08-18 00:00:00,,ACTIVE,EFES_ABIERTO,2026-08-18
MUNICIPALITY,42000000-0000-0000-0000-000000002337,Chochola,RUBELLA,Rubella,SUSPECTED,1,2026-08-18 00:00:00,,ACTIVE,EFES_ABIERTO,2026-08-18
MUNICIPALITY,42000000-0000-0000-0000-000000001897,Choix,COVID-19,COVID-19,SUSPECTED,1,2026-08-17 00:00:00,,ACTIVE,COVID19MEXICO,2026-08-24
MUNICIPALITY,42000000-0000-0000-0000-000000001897,Choix,INFLUENZA,Influenza,SUSPECTED,1,2026-08-17 00:00:00,,ACTIVE,COVID19MEXICO,2026-08-24
MUNICIPALITY,42000000-0000-0000-0000-000000000823,Churintzio,MEASLES,Measles,SUSPECTED,3,2026-08-18 00:00:00,,ACTIVE,EFES_ABIERTO,2026-08-18
MUNICIPALITY,42000000-0000-0000-0000-000000000823,Churintzio,RUBELLA,Rubella,SUSPECTED,3,2026-08-18 00:00:00,,ACTIVE,EFES_ABIERTO,2026-08-18
MUNICIPALITY,42000000-0000-0000-0000-000000000824,Churumuco,COVID-19,COVID-19,CONFIRMED,1,2026-07-23 00:00:00,,ACTIVE,COVID19MEXICO,2026-08-24
MUNICIPALITY,42000000-0000-0000-0000-000000000976,Cienega de Flores,COVID-19,COVID-19,CONFIRMED,2,2026-06-12 00:00:00,,ACTIVE,COVID19MEXICO,2026-08-24
MUNICIPALITY,42000000-0000-0000-0000-000000000976,Cienega de Flores,MEASLES,Measles,CONFIRMED,1,2026-07-07 00:00:00,,ACTIVE,EFES_ABIERTO,2026-08-18
MUNICIPALITY,42000000-0000-0000-0000-000000000976,Cienega de Flores,MEASLES,Measles,SUSPECTED,1,2026-08-18 00:00:00,,ACTIVE,EFES_ABIERTO,2026-08-18
MUNICIPALITY,42000000-0000-0000-0000-000000000976,Cienega de Flores,RUBELLA,Rubella,SUSPECTED,1,2026-08-18 00:00:00,,ACTIVE,EFES_ABIERTO,2026-08-18
MUNICIPALITY,42000000-0000-0000-0000-000000000567,Cihuatlan,INFLUENZA,Influenza,CONFIRMED,1,2026-06-26 00:00:00,,ACTIVE,COVID19MEXICO,2026-08-24
MUNICIPALITY,42000000-0000-0000-0000-000000000567,Cihuatlan,MEASLES,Measles,SUSPECTED,4,2026-08-18 00:00:00,,ACTIVE,EFES_ABIERTO,2026-08-18
MUNICIPALITY,42000000-0000-0000-0000-000000000567,Cihuatlan,RUBELLA,Rubella,SUSPECTED,4,2026-08-18 00:00:00,,ACTIVE,EFES_ABIERTO,2026-08-18
MUNICIPALITY,42000000-0000-0000-0000-000000000101,Cintalapa de Figueroa,COVID-19,COVID-19,SUSPECTED,1,2026-07-08 00:00:00,,ACTIVE,COVID19MEXICO,2026-08-24
MUNICIPALITY,42000000-0000-0000-0000-000000000101,Cintalapa de Figueroa,INFLUENZA,Influenza,SUSPECTED,1,2026-07-08 00:00:00,,ACTIVE,COVID19MEXICO,2026-08-24
MUNICIPALITY,42000000-0000-0000-0000-000000000101,Cintalapa de Figueroa,MEASLES,Measles,SUSPECTED,15,2026-08-18 00:00:00,,ACTIVE,EFES_ABIERTO,2026-08-18
MUNICIPALITY,42000000-0000-0000-0000-000000000101,Cintalapa de Figueroa,RUBELLA,Rubella,SUSPECTED,15,2026-08-18 00:00:00,,ACTIVE,EFES_ABIERTO,2026-08-18
MUNICIPALITY,42000000-0000-0000-0000-000000002008,Ciudad Madero,COVID-19,COVID-19,CONFIRMED,6,2026-07-19 00:00:00,,ACTIVE,COVID19MEXICO,2026-08-24
MUNICIPALITY,42000000-0000-0000-0000-000000002008,Ciudad Madero,COVID-19,COVID-19,SUSPECTED,32,2026-06-07 00:00:00,,ACTIVE,COVID19MEXICO,2026-08-24
MUNICIPALITY,42000000-0000-0000-0000-000000002008,Ciudad Madero,INFLUENZA,Influenza,SUSPECTED,32,2026-06-07 00:00:00,,ACTIVE,COVID19MEXICO,2026-08-24
MUNICIPALITY,42000000-0000-0000-0000-000000002008,Ciudad Madero,MEASLES,Measles,SUSPECTED,1,2026-08-18 00:00:00,,ACTIVE,EFES_ABIERTO,2026-08-18
MUNICIPALITY,42000000-0000-0000-0000-000000002008,Ciudad Madero,RUBELLA,Rubella,SUSPECTED,1,2026-08-18 00:00:00,,ACTIVE,EFES_ABIERTO,2026-08-18
MUNICIPALITY,42000000-0000-0000-0000-000000001844,Ciudad Valles,COVID-19,COVID-19,CONFIRMED,2,2026-07-27 00:00:00,,ACTIVE,COVID19MEXICO,2026-08-24
MUNICIPALITY,42000000-0000-0000-0000-000000001844,Ciudad Valles,COVID-19,COVID-19,SUSPECTED,1,2026-08-14 00:00:00,,ACTIVE,COVID19MEXICO,2026-08-24
MUNICIPALITY,42000000-0000-0000-0000-000000001844,Ciudad Valles,INFLUENZA,Influenza,CONFIRMED,2,2026-07-04 00:00:00,,ACTIVE,COVID19MEXICO,2026-08-24
MUNICIPALITY,42000000-0000-0000-0000-000000001844,Ciudad Valles,INFLUENZA,Influenza,SUSPECTED,1,2026-08-14 00:00:00,,ACTIVE,COVID19MEXICO,2026-08-24
MUNICIPALITY,42000000-0000-0000-0000-000000000690,Coacalco de Berriozabal,COVID-19,COVID-19,CONFIRMED,3,2026-07-02 00:00:00,,ACTIVE,COVID19MEXICO,2026-08-24
MUNICIPALITY,42000000-0000-0000-0000-000000000690,Coacalco de Berriozabal,COVID-19,COVID-19,SUSPECTED,13,2026-06-09 00:00:00,,ACTIVE,COVID19MEXICO,2026-08-24
MUNICIPALITY,42000000-0000-0000-0000-000000000690,Coacalco de Berriozabal,INFLUENZA,Influenza,SUSPECTED,13,2026-06-09 00:00:00,,ACTIVE,COVID19MEXICO,2026-08-24
MUNICIPALITY,42000000-0000-0000-0000-000000000690,Coacalco de Berriozabal,MEASLES,Measles,SUSPECTED,4,2026-08-18 00:00:00,,ACTIVE,EFES_ABIERTO,2026-08-18
MUNICIPALITY,42000000-0000-0000-0000-000000000690,Coacalco de Berriozabal,RUBELLA,Rubella,SUSPECTED,4,2026-08-18 00:00:00,,ACTIVE,EFES_ABIERTO,2026-08-18
MUNICIPALITY,42000000-0000-0000-0000-000000000809,Coahuayana,COVID-19,COVID-19,SUSPECTED,1,2026-08-19 00:00:00,,ACTIVE,COVID19MEXICO,2026-08-24
MUNICIPALITY,42000000-0000-0000-0000-000000000809,Coahuayana,INFLUENZA,Influenza,SUSPECTED,1,2026-08-19 00:00:00,,ACTIVE,COVID19MEXICO,2026-08-24
MUNICIPALITY,42000000-0000-0000-0000-000000000102,Coapilla,MEASLES,Measles,SUSPECTED,1,2026-08-18 00:00:00,,ACTIVE,EFES_ABIERTO,2026-08-18
MUNICIPALITY,42000000-0000-0000-0000-000000000102,Coapilla,RUBELLA,Rubella,SUSPECTED,1,2026-08-18 00:00:00,,ACTIVE,EFES_ABIERTO,2026-08-18
MUNICIPALITY,42000000-0000-0000-0000-000000002140,Coatepec,COVID-19,COVID-19,SUSPECTED,2,2026-07-22 00:00:00,,ACTIVE,COVID19MEXICO,2026-08-24
MUNICIPALITY,42000000-0000-0000-0000-000000002140,Coatepec,INFLUENZA,Influenza,SUSPECTED,2,2026-07-22 00:00:00,,ACTIVE,COVID19MEXICO,2026-08-24
MUNICIPALITY,42000000-0000-0000-0000-000000002140,Coatepec,MEASLES,Measles,SUSPECTED,1,2026-08-18 00:00:00,,ACTIVE,EFES_ABIERTO,2026-08-18
MUNICIPALITY,42000000-0000-0000-0000-000000002140,Coatepec,RUBELLA,Rubella,SUSPECTED,1,2026-08-18 00:00:00,,ACTIVE,EFES_ABIERTO,2026-08-18
MUNICIPALITY,42000000-0000-0000-0000-000000000691,Coatepec Harinas,COVID-19,COVID-19,SUSPECTED,1,2026-08-12 00:00:00,,ACTIVE,COVID19MEXICO,2026-08-24
MUNICIPALITY,42000000-0000-0000-0000-000000000691,Coatepec Harinas,INFLUENZA,Influenza,SUSPECTED,1,2026-08-12 00:00:00,,ACTIVE,COVID19MEXICO,2026-08-24
MUNICIPALITY,42000000-0000-0000-0000-000000002141,Coatzacoalcos,COVID-19,COVID-19,SUSPECTED,21,2026-06-01 00:00:00,,ACTIVE,COVID19MEXICO,2026-08-24
MUNICIPALITY,42000000-0000-0000-0000-000000002141,Coatzacoalcos,DENGUE,Dengue fever,SUSPECTED,2,2026-07-25 00:00:00,,ACTIVE,DENGUE_ABIERTO,2026-08-20
MUNICIPALITY,42000000-0000-0000-0000-000000002141,Coatzacoalcos,INFLUENZA,Influenza,SUSPECTED,21,2026-06-01 00:00:00,,ACTIVE,COVID19MEXICO,2026-08-24
MUNICIPALITY,42000000-0000-0000-0000-000000002141,Coatzacoalcos,MEASLES,Measles,SUSPECTED,2,2026-08-18 00:00:00,,ACTIVE,EFES_ABIERTO,2026-08-18
MUNICIPALITY,42000000-0000-0000-0000-000000002141,Coatzacoalcos,RUBELLA,Rubella,SUSPECTED,2,2026-08-18 00:00:00,,ACTIVE,EFES_ABIERTO,2026-08-18
MUNICIPALITY,42000000-0000-0000-0000-000000002142,Coatzintla,COVID-19,COVID-19,SUSPECTED,7,2026-06-18 00:00:00,,ACTIVE,COVID19MEXICO,2026-08-24
MUNICIPALITY,42000000-0000-0000-0000-000000002142,Coatzintla,DENGUE,Dengue fever,SUSPECTED,1,2026-07-25 00:00:00,,ACTIVE,DENGUE_ABIERTO,2026-08-20
MUNICIPALITY,42000000-0000-0000-0000-000000002142,Coatzintla,INFLUENZA,Influenza,SUSPECTED,7,2026-06-18 00:00:00,,ACTIVE,COVID19MEXICO,2026-08-24
MUNICIPALITY,42000000-0000-0000-0000-000000000569,Cocula,COVID-19,COVID-19,SUSPECTED,6,2026-06-04 00:00:00,,ACTIVE,COVID19MEXICO,2026-08-24
MUNICIPALITY,42000000-0000-0000-0000-000000000569,Cocula,DENGUE,Dengue fever,SUSPECTED,1,2026-06-22 00:00:00,,ACTIVE,DENGUE_ABIERTO,2026-08-20
MUNICIPALITY,42000000-0000-0000-0000-000000000569,Cocula,INFLUENZA,Influenza,SUSPECTED,6,2026-06-04 00:00:00,,ACTIVE,COVID19MEXICO,2026-08-24
MUNICIPALITY,42000000-0000-0000-0000-000000000569,Cocula,MEASLES,Measles,SUSPECTED,1,2026-08-18 00:00:00,,ACTIVE,EFES_ABIERTO,2026-08-18
MUNICIPALITY,42000000-0000-0000-0000-000000000569,Cocula,RUBELLA,Rubella,SUSPECTED,1,2026-08-18 00:00:00,,ACTIVE,EFES_ABIERTO,2026-08-18
MUNICIPALITY,42000000-0000-0000-0000-000000000076,Colima,COVID-19,COVID-19,CONFIRMED,5,2026-07-06 00:00:00,,ACTIVE,COVID19MEXICO,2026-08-24
MUNICIPALITY,42000000-0000-0000-0000-000000000076,Colima,COVID-19,COVID-19,SUSPECTED,14,2026-07-02 00:00:00,,ACTIVE,COVID19MEXICO,2026-08-24
MUNICIPALITY,42000000-0000-0000-0000-000000000076,Colima,DENGUE,Dengue fever,SUSPECTED,1,2026-06-23 00:00:00,,ACTIVE,DENGUE_ABIERTO,2026-08-20
MUNICIPALITY,42000000-0000-0000-0000-000000000076,Colima,INFLUENZA,Influenza,CONFIRMED,4,2026-06-29 00:00:00,,ACTIVE,COVID19MEXICO,2026-08-24
MUNICIPALITY,42000000-0000-0000-0000-000000000076,Colima,INFLUENZA,Influenza,SUSPECTED,14,2026-07-02 00:00:00,,ACTIVE,COVID19MEXICO,2026-08-24
MUNICIPALITY,42000000-0000-0000-0000-000000000076,Colima,MEASLES,Measles,SUSPECTED,4,2026-08-18 00:00:00,,ACTIVE,EFES_ABIERTO,2026-08-18
MUNICIPALITY,42000000-0000-0000-0000-000000000076,Colima,RUBELLA,Rubella,SUSPECTED,4,2026-08-18 00:00:00,,ACTIVE,EFES_ABIERTO,2026-08-18
MUNICIPALITY,42000000-0000-0000-0000-000000001807,Colon,COVID-19,COVID-19,CONFIRMED,1,2026-07-22 00:00:00,,ACTIVE,COVID19MEXICO,2026-08-24
MUNICIPALITY,42000000-0000-0000-0000-000000001807,Colon,COVID-19,COVID-19,SUSPECTED,1,2026-07-22 00:00:00,,ACTIVE,COVID19MEXICO,2026-08-24
MUNICIPALITY,42000000-0000-0000-0000-000000001807,Colon,INFLUENZA,Influenza,SUSPECTED,1,2026-07-22 00:00:00,,ACTIVE,COVID19MEXICO,2026-08-24
MUNICIPALITY,42000000-0000-0000-0000-000000000570,Colotlan,COVID-19,COVID-19,CONFIRMED,1,2026-07-18 00:00:00,,ACTIVE,COVID19MEXICO,2026-08-24
MUNICIPALITY,42000000-0000-0000-0000-000000000570,Colotlan,COVID-19,COVID-19,SUSPECTED,24,2026-06-01 00:00:00,,ACTIVE,COVID19MEXICO,2026-08-24
MUNICIPALITY,42000000-0000-0000-0000-000000000570,Colotlan,INFLUENZA,Influenza,SUSPECTED,24,2026-06-01 00:00:00,,ACTIVE,COVID19MEXICO,2026-08-24
MUNICIPALITY,42000000-0000-0000-0000-000000000570,Colotlan,MEASLES,Measles,SUSPECTED,4,2026-08-18 00:00:00,,ACTIVE,EFES_ABIERTO,2026-08-18
MUNICIPALITY,42000000-0000-0000-0000-000000000570,Colotlan,RUBELLA,Rubella,SUSPECTED,4,2026-08-18 00:00:00,,ACTIVE,EFES_ABIERTO,2026-08-18
MUNICIPALITY,42000000-0000-0000-0000-000000000077,Comala,COVID-19,COVID-19,SUSPECTED,1,2026-06-10 00:00:00,,ACTIVE,COVID19MEXICO,2026-08-24
MUNICIPALITY,42000000-0000-0000-0000-000000000077,Comala,INFLUENZA,Influenza,SUSPECTED,1,2026-06-10 00:00:00,,ACTIVE,COVID19MEXICO,2026-08-24
MUNICIPALITY,42000000-0000-0000-0000-000000001987,Comalcalco,COVID-19,COVID-19,CONFIRMED,6,2026-06-20 00:00:00,,ACTIVE,COVID19MEXICO,2026-08-24
MUNICIPALITY,42000000-0000-0000-0000-000000001987,Comalcalco,COVID-19,COVID-19,SUSPECTED,5,2026-06-16 00:00:00,,ACTIVE,COVID19MEXICO,2026-08-24
MUNICIPALITY,42000000-0000-0000-0000-000000001987,Comalcalco,INFLUENZA,Influenza,CONFIRMED,2,2026-06-04 00:00:00,,ACTIVE,COVID19MEXICO,2026-08-24
MUNICIPALITY,42000000-0000-0000-0000-000000001987,Comalcalco,INFLUENZA,Influenza,SUSPECTED,5,2026-06-16 00:00:00,,ACTIVE,COVID19MEXICO,2026-08-24
MUNICIPALITY,42000000-0000-0000-0000-000000001987,Comalcalco,MEASLES,Measles,SUSPECTED,2,2026-08-18 00:00:00,,ACTIVE,EFES_ABIERTO,2026-08-18
MUNICIPALITY,42000000-0000-0000-0000-000000001987,Comalcalco,RUBELLA,Rubella,SUSPECTED,2,2026-08-18 00:00:00,,ACTIVE,EFES_ABIERTO,2026-08-18
MUNICIPALITY,42000000-0000-0000-0000-000000000103,Comitan de Dominguez,COVID-19,COVID-19,CONFIRMED,1,2026-06-07 00:00:00,,ACTIVE,COVID19MEXICO,2026-08-24
MUNICIPALITY,42000000-0000-0000-0000-000000000103,Comitan de Dominguez,COVID-19,COVID-19,SUSPECTED,19,2026-06-01 00:00:00,,ACTIVE,COVID19MEXICO,2026-08-24
MUNICIPALITY,42000000-0000-0000-0000-000000000103,Comitan de Dominguez,INFLUENZA,Influenza,CONFIRMED,1,2026-08-14 00:00:00,,ACTIVE,COVID19MEXICO,2026-08-24
MUNICIPALITY,42000000-0000-0000-0000-000000000103,Comitan de Dominguez,INFLUENZA,Influenza,SUSPECTED,19,2026-06-01 00:00:00,,ACTIVE,COVID19MEXICO,2026-08-24
MUNICIPALITY,42000000-0000-0000-0000-000000000103,Comitan de Dominguez,MEASLES,Measles,SUSPECTED,4,2026-08-18 00:00:00,,ACTIVE,EFES_ABIERTO,2026-08-18
MUNICIPALITY,42000000-0000-0000-0000-000000000103,Comitan de Dominguez,RUBELLA,Rubella,SUSPECTED,4,2026-08-18 00:00:00,,ACTIVE,EFES_ABIERTO,2026-08-18
MUNICIPALITY,42000000-0000-0000-0000-000000000019,Comondu,COVID-19,COVID-19,CONFIRMED,2,2026-07-07 00:00:00,,ACTIVE,COVID19MEXICO,2026-08-24
MUNICIPALITY,42000000-0000-0000-0000-000000000019,Comondu,COVID-19,COVID-19,SUSPECTED,8,2026-06-02 00:00:00,,ACTIVE,COVID19MEXICO,2026-08-24
MUNICIPALITY,42000000-0000-0000-0000-000000000019,Comondu,INFLUENZA,Influenza,SUSPECTED,8,2026-06-02 00:00:00,,ACTIVE,COVID19MEXICO,2026-08-24
MUNICIPALITY,42000000-0000-0000-0000-000000000339,Comonfort,COVID-19,COVID-19,SUSPECTED,1,2026-07-04 00:00:00,,ACTIVE,COVID19MEXICO,2026-08-24
MUNICIPALITY,42000000-0000-0000-0000-000000000339,Comonfort,INFLUENZA,Influenza,SUSPECTED,1,2026-07-04 00:00:00,,ACTIVE,COVID19MEXICO,2026-08-24
MUNICIPALITY,42000000-0000-0000-0000-000000000339,Comonfort,MEASLES,Measles,SUSPECTED,4,2026-08-18 00:00:00,,ACTIVE,EFES_ABIERTO,2026-08-18
MUNICIPALITY,42000000-0000-0000-0000-000000000339,Comonfort,RUBELLA,Rubella,SUSPECTED,4,2026-08-18 00:00:00,,ACTIVE,EFES_ABIERTO,2026-08-18
MUNICIPALITY,42000000-0000-0000-0000-000000000948,Compostela,COVID-19,COVID-19,CONFIRMED,2,2026-06-10 00:00:00,,ACTIVE,COVID19MEXICO,2026-08-24
MUNICIPALITY,42000000-0000-0000-0000-000000000948,Compostela,COVID-19,COVID-19,SUSPECTED,5,2026-06-14 00:00:00,,ACTIVE,COVID19MEXICO,2026-08-24
MUNICIPALITY,42000000-0000-0000-0000-000000000948,Compostela,INFLUENZA,Influenza,SUSPECTED,5,2026-06-14 00:00:00,,ACTIVE,COVID19MEXICO,2026-08-24
MUNICIPALITY,42000000-0000-0000-0000-000000000948,Compostela,MEASLES,Measles,CONFIRMED,2,2026-06-22 00:00:00,,ACTIVE,EFES_ABIERTO,2026-08-18
MUNICIPALITY,42000000-0000-0000-0000-000000000948,Compostela,MEASLES,Measles,SUSPECTED,1,2026-08-18 00:00:00,,ACTIVE,EFES_ABIERTO,2026-08-18
MUNICIPALITY,42000000-0000-0000-0000-000000000948,Compostela,RUBELLA,Rubella,SUSPECTED,1,2026-08-18 00:00:00,,ACTIVE,EFES_ABIERTO,2026-08-18
MUNICIPALITY,42000000-0000-0000-0000-000000000571,Concepcion de Buenos Aires,MEASLES,Measles,SUSPECTED,1,2026-08-18 00:00:00,,ACTIVE,EFES_ABIERTO,2026-08-18
MUNICIPALITY,42000000-0000-0000-0000-000000000571,Concepcion de Buenos Aires,RUBELLA,Rubella,SUSPECTED,1,2026-08-18 00:00:00,,ACTIVE,EFES_ABIERTO,2026-08-18
MUNICIPALITY,42000000-0000-0000-0000-000000001894,Concordia,COVID-19,COVID-19,SUSPECTED,1,2026-07-29 00:00:00,,ACTIVE,COVID19MEXICO,2026-08-24
MUNICIPALITY,42000000-0000-0000-0000-000000001894,Concordia,INFLUENZA,Influenza,SUSPECTED,1,2026-07-29 00:00:00,,ACTIVE,COVID19MEXICO,2026-08-24
MUNICIPALITY,42000000-0000-0000-0000-000000002327,Conkal,COVID-19,COVID-19,SUSPECTED,1,2026-06-12 00:00:00,,ACTIVE,COVID19MEXICO,2026-08-24
MUNICIPALITY,42000000-0000-0000-0000-000000002327,Conkal,INFLUENZA,Influenza,SUSPECTED,1,2026-06-12 00:00:00,,ACTIVE,COVID19MEXICO,2026-08-24
MUNICIPALITY,42000000-0000-0000-0000-000000002060,Contla de Juan Cuamatzi,COVID-19,COVID-19,CONFIRMED,2,2026-07-29 00:00:00,,ACTIVE,COVID19MEXICO,2026-08-24
MUNICIPALITY,42000000-0000-0000-0000-000000002060,Contla de Juan Cuamatzi,COVID-19,COVID-19,SUSPECTED,4,2026-07-18 00:00:00,,ACTIVE,COVID19MEXICO,2026-08-24
MUNICIPALITY,42000000-0000-0000-0000-000000002060,Contla de Juan Cuamatzi,INFLUENZA,Influenza,CONFIRMED,1,2026-08-05 00:00:00,,ACTIVE,COVID19MEXICO,2026-08-24
MUNICIPALITY,42000000-0000-0000-0000-000000002060,Contla de Juan Cuamatzi,INFLUENZA,Influenza,SUSPECTED,4,2026-07-18 00:00:00,,ACTIVE,COVID19MEXICO,2026-08-24
MUNICIPALITY,42000000-0000-0000-0000-000000000105,Copainala,COVID-19,COVID-19,CONFIRMED,1,2026-07-22 00:00:00,,ACTIVE,COVID19MEXICO,2026-08-24
MUNICIPALITY,42000000-0000-0000-0000-000000000105,Copainala,MEASLES,Measles,SUSPECTED,1,2026-08-18 00:00:00,,ACTIVE,EFES_ABIERTO,2026-08-18
MUNICIPALITY,42000000-0000-0000-0000-000000000105,Copainala,RUBELLA,Rubella,SUSPECTED,1,2026-08-18 00:00:00,,ACTIVE,EFES_ABIERTO,2026-08-18
MUNICIPALITY,42000000-0000-0000-0000-000000000394,Copala,COVID-19,COVID-19,SUSPECTED,1,2026-06-29 00:00:00,,ACTIVE,COVID19MEXICO,2026-08-24
MUNICIPALITY,42000000-0000-0000-0000-000000000394,Copala,INFLUENZA,Influenza,SUSPECTED,1,2026-06-29 00:00:00,,ACTIVE,COVID19MEXICO,2026-08-24
MUNICIPALITY,42000000-0000-0000-0000-000000002146,Cordoba,COVID-19,COVID-19,SUSPECTED,30,2026-06-15 00:00:00,,ACTIVE,COVID19MEXICO,2026-08-24
MUNICIPALITY,42000000-0000-0000-0000-000000002146,Cordoba,INFLUENZA,Influenza,SUSPECTED,30,2026-06-15 00:00:00,,ACTIVE,COVID19MEXICO,2026-08-24
MUNICIPALITY,42000000-0000-0000-0000-000000002146,Cordoba,MEASLES,Measles,SUSPECTED,3,2026-08-18 00:00:00,,ACTIVE,EFES_ABIERTO,2026-08-18
MUNICIPALITY,42000000-0000-0000-0000-000000002146,Cordoba,RUBELLA,Rubella,SUSPECTED,3,2026-08-18 00:00:00,,ACTIVE,EFES_ABIERTO,2026-08-18
MUNICIPALITY,42000000-0000-0000-0000-000000001619,Coronango,COVID-19,COVID-19,SUSPECTED,3,2026-07-27 00:00:00,,ACTIVE,COVID19MEXICO,2026-08-24
MUNICIPALITY,42000000-0000-0000-0000-000000001619,Coronango,INFLUENZA,Influenza,SUSPECTED,3,2026-07-27 00:00:00,,ACTIVE,COVID19MEXICO,2026-08-24
MUNICIPALITY,42000000-0000-0000-0000-000000001619,Coronango,MEASLES,Measles,SUSPECTED,2,2026-08-18 00:00:00,,ACTIVE,EFES_ABIERTO,2026-08-18
MUNICIPALITY,42000000-0000-0000-0000-000000001619,Coronango,RUBELLA,Rubella,SUSPECTED,2,2026-08-18 00:00:00,,ACTIVE,EFES_ABIERTO,2026-08-18
MUNICIPALITY,42000000-0000-0000-0000-000000001808,Corregidora,COVID-19,COVID-19,CONFIRMED,1,2026-08-07 00:00:00,,ACTIVE,COVID19MEXICO,2026-08-24
MUNICIPALITY,42000000-0000-0000-0000-000000001808,Corregidora,COVID-19,COVID-19,SUSPECTED,11,2026-06-07 00:00:00,,ACTIVE,COVID19MEXICO,2026-08-24
MUNICIPALITY,42000000-0000-0000-0000-000000001808,Corregidora,INFLUENZA,Influenza,SUSPECTED,11,2026-06-07 00:00:00,,ACTIVE,COVID19MEXICO,2026-08-24
MUNICIPALITY,42000000-0000-0000-0000-000000001808,Corregidora,MEASLES,Measles,SUSPECTED,1,2026-08-18 00:00:00,,ACTIVE,EFES_ABIERTO,2026-08-18
MUNICIPALITY,42000000-0000-0000-0000-000000001808,Corregidora,RUBELLA,Rubella,SUSPECTED,1,2026-08-18 00:00:00,,ACTIVE,EFES_ABIERTO,2026-08-18
MUNICIPALITY,42000000-0000-0000-0000-000000000341,Cortazar,COVID-19,COVID-19,SUSPECTED,2,2026-06-28 00:00:00,,ACTIVE,COVID19MEXICO,2026-08-24
MUNICIPALITY,42000000-0000-0000-0000-000000000341,Cortazar,INFLUENZA,Influenza,SUSPECTED,2,2026-06-28 00:00:00,,ACTIVE,COVID19MEXICO,2026-08-24
MUNICIPALITY,42000000-0000-0000-0000-000000000341,Cortazar,MEASLES,Measles,SUSPECTED,1,2026-08-18 00:00:00,,ACTIVE,EFES_ABIERTO,2026-08-18
MUNICIPALITY,42000000-0000-0000-0000-000000000341,Cortazar,RUBELLA,Rubella,SUSPECTED,1,2026-08-18 00:00:00,,ACTIVE,EFES_ABIERTO,2026-08-18
MUNICIPALITY,42000000-0000-0000-0000-000000002147,Cosamaloapan de Carpio,COVID-19,COVID-19,SUSPECTED,1,2026-06-07 00:00:00,,ACTIVE,COVID19MEXICO,2026-08-24
MUNICIPALITY,42000000-0000-0000-0000-000000002147,Cosamaloapan de Carpio,INFLUENZA,Influenza,SUSPECTED,1,2026-06-07 00:00:00,,ACTIVE,COVID19MEXICO,2026-08-24
MUNICIPALITY,42000000-0000-0000-0000-000000002149,Coscomatepec,COVID-19,COVID-19,SUSPECTED,3,2026-07-07 00:00:00,,ACTIVE,COVID19MEXICO,2026-08-24
MUNICIPALITY,42000000-0000-0000-0000-000000002149,Coscomatepec,INFLUENZA,Influenza,SUSPECTED,3,2026-07-07 00:00:00,,ACTIVE,COVID19MEXICO,2026-08-24
MUNICIPALITY,42000000-0000-0000-0000-000000000004,Cosio,COVID-19,COVID-19,SUSPECTED,7,2026-06-12 00:00:00,,ACTIVE,COVID19MEXICO,2026-08-24
MUNICIPALITY,42000000-0000-0000-0000-000000000004,Cosio,INFLUENZA,Influenza,SUSPECTED,7,2026-06-12 00:00:00,,ACTIVE,COVID19MEXICO,2026-08-24
MUNICIPALITY,42000000-0000-0000-0000-000000001036,Cosolapa,COVID-19,COVID-19,SUSPECTED,1,2026-06-30 00:00:00,,ACTIVE,COVID19MEXICO,2026-08-24
MUNICIPALITY,42000000-0000-0000-0000-000000001036,Cosolapa,INFLUENZA,Influenza,SUSPECTED,1,2026-06-30 00:00:00,,ACTIVE,COVID19MEXICO,2026-08-24
MUNICIPALITY,42000000-0000-0000-0000-000000002150,Cosoleacaque,COVID-19,COVID-19,SUSPECTED,2,2026-06-15 00:00:00,,ACTIVE,COVID19MEXICO,2026-08-24
MUNICIPALITY,42000000-0000-0000-0000-000000002150,Cosoleacaque,INFLUENZA,Influenza,SUSPECTED,2,2026-06-15 00:00:00,,ACTIVE,COVID19MEXICO,2026-08-24
MUNICIPALITY,42000000-0000-0000-0000-000000001845,Coxcatlan,COVID-19,COVID-19,CONFIRMED,1,2026-07-14 00:00:00,,ACTIVE,COVID19MEXICO,2026-08-24
MUNICIPALITY,42000000-0000-0000-0000-000000001620,Coxcatlan,COVID-19,COVID-19,SUSPECTED,1,2026-07-29 00:00:00,,ACTIVE,COVID19MEXICO,2026-08-24
MUNICIPALITY,42000000-0000-0000-0000-000000001845,Coxcatlan,INFLUENZA,Influenza,CONFIRMED,2,2026-06-26 00:00:00,,ACTIVE,COVID19MEXICO,2026-08-24
MUNICIPALITY,42000000-0000-0000-0000-000000001620,Coxcatlan,INFLUENZA,Influenza,SUSPECTED,1,2026-07-29 00:00:00,,ACTIVE,COVID19MEXICO,2026-08-24
MUNICIPALITY,42000000-0000-0000-0000-000000002152,Coxquihui,COVID-19,COVID-19,SUSPECTED,1,2026-07-02 00:00:00,,ACTIVE,COVID19MEXICO,2026-08-24
MUNICIPALITY,42000000-0000-0000-0000-000000002152,Coxquihui,INFLUENZA,Influenza,SUSPECTED,1,2026-07-02 00:00:00,,ACTIVE,COVID19MEXICO,2026-08-24
MUNICIPALITY,42000000-0000-0000-0000-000000000277,Coyoacan,COVID-19,COVID-19,CONFIRMED,74,2026-06-01 00:00:00,,ACTIVE,COVID19MEXICO,2026-08-24
MUNICIPALITY,42000000-0000-0000-0000-000000000277,Coyoacan,COVID-19,COVID-19,SUSPECTED,109,2026-06-01 00:00:00,,ACTIVE,COVID19MEXICO,2026-08-24
MUNICIPALITY,42000000-0000-0000-0000-000000000277,Coyoacan,INFLUENZA,Influenza,CONFIRMED,7,2026-06-22 00:00:00,,ACTIVE,COVID19MEXICO,2026-08-24
MUNICIPALITY,42000000-0000-0000-0000-000000000277,Coyoacan,INFLUENZA,Influenza,SUSPECTED,109,2026-06-01 00:00:00,,ACTIVE,COVID19MEXICO,2026-08-24
MUNICIPALITY,42000000-0000-0000-0000-000000000277,Coyoacan,MEASLES,Measles,CONFIRMED,3,2026-06-04 00:00:00,,ACTIVE,EFES_ABIERTO,2026-08-18
MUNICIPALITY,42000000-0000-0000-0000-000000000277,Coyoacan,MEASLES,Measles,SUSPECTED,3,2026-08-18 00:00:00,,ACTIVE,EFES_ABIERTO,2026-08-18
MUNICIPALITY,42000000-0000-0000-0000-000000000277,Coyoacan,RUBELLA,Rubella,SUSPECTED,3,2026-08-18 00:00:00,,ACTIVE,EFES_ABIERTO,2026-08-18
MUNICIPALITY,42000000-0000-0000-0000-000000000693,Coyotepec,COVID-19,COVID-19,SUSPECTED,2,2026-07-09 00:00:00,,ACTIVE,COVID19MEXICO,2026-08-24
MUNICIPALITY,42000000-0000-0000-0000-000000000693,Coyotepec,INFLUENZA,Influenza,SUSPECTED,2,2026-07-09 00:00:00,,ACTIVE,COVID19MEXICO,2026-08-24
MUNICIPALITY,42000000-0000-0000-0000-000000000693,Coyotepec,MEASLES,Measles,SUSPECTED,1,2026-08-18 00:00:00,,ACTIVE,EFES_ABIERTO,2026-08-18
MUNICIPALITY,42000000-0000-0000-0000-000000000693,Coyotepec,RUBELLA,Rubella,SUSPECTED,1,2026-08-18 00:00:00,,ACTIVE,EFES_ABIERTO,2026-08-18
MUNICIPALITY,42000000-0000-0000-0000-000000000397,Coyuca de Benitez,COVID-19,COVID-19,SUSPECTED,5,2026-06-20 00:00:00,,ACTIVE,COVID19MEXICO,2026-08-24
MUNICIPALITY,42000000-0000-0000-0000-000000000397,Coyuca de Benitez,DENGUE,Dengue fever,SUSPECTED,1,2026-07-02 00:00:00,,ACTIVE,DENGUE_ABIERTO,2026-08-20
MUNICIPALITY,42000000-0000-0000-0000-000000000397,Coyuca de Benitez,INFLUENZA,Influenza,SUSPECTED,5,2026-06-20 00:00:00,,ACTIVE,COVID19MEXICO,2026-08-24
MUNICIPALITY,42000000-0000-0000-0000-000000000398,Coyuca de Catalan,COVID-19,COVID-19,SUSPECTED,1,2026-06-20 00:00:00,,ACTIVE,COVID19MEXICO,2026-08-24
MUNICIPALITY,42000000-0000-0000-0000-000000000398,Coyuca de Catalan,INFLUENZA,Influenza,SUSPECTED,1,2026-06-20 00:00:00,,ACTIVE,COVID19MEXICO,2026-08-24
MUNICIPALITY,42000000-0000-0000-0000-000000000398,Coyuca de Catalan,MEASLES,Measles,SUSPECTED,1,2026-08-18 00:00:00,,ACTIVE,EFES_ABIERTO,2026-08-18
MUNICIPALITY,42000000-0000-0000-0000-000000000398,Coyuca de Catalan,RUBELLA,Rubella,SUSPECTED,1,2026-08-18 00:00:00,,ACTIVE,EFES_ABIERTO,2026-08-18
MUNICIPALITY,42000000-0000-0000-0000-000000001821,Cozumel,COVID-19,COVID-19,SUSPECTED,1,2026-08-18 00:00:00,,ACTIVE,COVID19MEXICO,2026-08-24
MUNICIPALITY,42000000-0000-0000-0000-000000001821,Cozumel,INFLUENZA,Influenza,CONFIRMED,1,2026-06-24 00:00:00,,ACTIVE,COVID19MEXICO,2026-08-24
MUNICIPALITY,42000000-0000-0000-0000-000000001821,Cozumel,INFLUENZA,Influenza,SUSPECTED,1,2026-08-18 00:00:00,,ACTIVE,COVID19MEXICO,2026-08-24
MUNICIPALITY,42000000-0000-0000-0000-000000001821,Cozumel,MEASLES,Measles,CONFIRMED,2,2026-06-18 00:00:00,,ACTIVE,EFES_ABIERTO,2026-08-18
MUNICIPALITY,42000000-0000-0000-0000-000000000278,Cuajimalpa de Morelos,COVID-19,COVID-19,CONFIRMED,7,2026-06-19 00:00:00,,ACTIVE,COVID19MEXICO,2026-08-24
MUNICIPALITY,42000000-0000-0000-0000-000000000278,Cuajimalpa de Morelos,COVID-19,COVID-19,SUSPECTED,27,2026-06-12 00:00:00,,ACTIVE,COVID19MEXICO,2026-08-24
MUNICIPALITY,42000000-0000-0000-0000-000000000278,Cuajimalpa de Morelos,INFLUENZA,Influenza,CONFIRMED,1,2026-06-15 00:00:00,,ACTIVE,COVID19MEXICO,2026-08-24
MUNICIPALITY,42000000-0000-0000-0000-000000000278,Cuajimalpa de Morelos,INFLUENZA,Influenza,SUSPECTED,27,2026-06-12 00:00:00,,ACTIVE,COVID19MEXICO,2026-08-24
MUNICIPALITY,42000000-0000-0000-0000-000000000278,Cuajimalpa de Morelos,MEASLES,Measles,CONFIRMED,7,2026-06-27 00:00:00,,ACTIVE,EFES_ABIERTO,2026-08-18
MUNICIPALITY,42000000-0000-0000-0000-000000000399,Cuajinicuilapa,COVID-19,COVID-19,SUSPECTED,1,2026-06-14 00:00:00,,ACTIVE,COVID19MEXICO,2026-08-24
MUNICIPALITY,42000000-0000-0000-0000-000000000399,Cuajinicuilapa,INFLUENZA,Influenza,SUSPECTED,1,2026-06-14 00:00:00,,ACTIVE,COVID19MEXICO,2026-08-24
MUNICIPALITY,42000000-0000-0000-0000-000000000043,Cuatro Cienegas,DENGUE,Dengue fever,SUSPECTED,1,2026-07-05 00:00:00,,ACTIVE,DENGUE_ABIERTO,2026-08-20
MUNICIPALITY,42000000-0000-0000-0000-000000000289,Cuauhtemoc,COVID-19,COVID-19,CONFIRMED,19,2026-06-03 00:00:00,,ACTIVE,COVID19MEXICO,2026-08-24
MUNICIPALITY,42000000-0000-0000-0000-000000000289,Cuauhtemoc,COVID-19,COVID-19,SUSPECTED,45,2026-06-13 00:00:00,,ACTIVE,COVID19MEXICO,2026-08-24
MUNICIPALITY,42000000-0000-0000-0000-000000000289,Cuauhtemoc,INFLUENZA,Influenza,CONFIRMED,3,2026-06-03 00:00:00,,ACTIVE,COVID19MEXICO,2026-08-24
MUNICIPALITY,42000000-0000-0000-0000-000000000289,Cuauhtemoc,INFLUENZA,Influenza,SUSPECTED,45,2026-06-13 00:00:00,,ACTIVE,COVID19MEXICO,2026-08-24
MUNICIPALITY,42000000-0000-0000-0000-000000000225,Cuauhtemoc,MEASLES,Measles,CONFIRMED,1,2026-06-26 00:00:00,,ACTIVE,EFES_ABIERTO,2026-08-18
MUNICIPALITY,42000000-0000-0000-0000-000000000225,Cuauhtemoc,MEASLES,Measles,SUSPECTED,1,2026-08-18 00:00:00,,ACTIVE,EFES_ABIERTO,2026-08-18
MUNICIPALITY,42000000-0000-0000-0000-000000000289,Cuauhtemoc,MEASLES,Measles,SUSPECTED,2,2026-08-18 00:00:00,,ACTIVE,EFES_ABIERTO,2026-08-18
MUNICIPALITY,42000000-0000-0000-0000-000000000225,Cuauhtemoc,RUBELLA,Rubella,SUSPECTED,1,2026-08-18 00:00:00,,ACTIVE,EFES_ABIERTO,2026-08-18
MUNICIPALITY,42000000-0000-0000-0000-000000000289,Cuauhtemoc,RUBELLA,Rubella,SUSPECTED,2,2026-08-18 00:00:00,,ACTIVE,EFES_ABIERTO,2026-08-18
MUNICIPALITY,42000000-0000-0000-0000-000000000477,Cuautepec de Hinojosa,COVID-19,COVID-19,CONFIRMED,3,2026-06-01 00:00:00,,ACTIVE,COVID19MEXICO,2026-08-24
MUNICIPALITY,42000000-0000-0000-0000-000000000477,Cuautepec de Hinojosa,INFLUENZA,Influenza,CONFIRMED,1,2026-07-02 00:00:00,,ACTIVE,COVID19MEXICO,2026-08-24
MUNICIPALITY,42000000-0000-0000-0000-000000000694,Cuautitlan,COVID-19,COVID-19,CONFIRMED,2,2026-07-19 00:00:00,,ACTIVE,COVID19MEXICO,2026-08-24
MUNICIPALITY,42000000-0000-0000-0000-000000000694,Cuautitlan,COVID-19,COVID-19,SUSPECTED,19,2026-06-09 00:00:00,,ACTIVE,COVID19MEXICO,2026-08-24
MUNICIPALITY,42000000-0000-0000-0000-000000000694,Cuautitlan,INFLUENZA,Influenza,CONFIRMED,1,2026-07-29 00:00:00,,ACTIVE,COVID19MEXICO,2026-08-24
MUNICIPALITY,42000000-0000-0000-0000-000000000694,Cuautitlan,INFLUENZA,Influenza,SUSPECTED,19,2026-06-09 00:00:00,,ACTIVE,COVID19MEXICO,2026-08-24
MUNICIPALITY,42000000-0000-0000-0000-000000000694,Cuautitlan,MEASLES,Measles,SUSPECTED,6,2026-08-18 00:00:00,,ACTIVE,EFES_ABIERTO,2026-08-18
MUNICIPALITY,42000000-0000-0000-0000-000000000694,Cuautitlan,RUBELLA,Rubella,SUSPECTED,6,2026-08-18 00:00:00,,ACTIVE,EFES_ABIERTO,2026-08-18
MUNICIPALITY,42000000-0000-0000-0000-000000000791,Cuautitlan Izcalli,COVID-19,COVID-19,CONFIRMED,1,2026-08-15 00:00:00,,ACTIVE,COVID19MEXICO,2026-08-24
MUNICIPALITY,42000000-0000-0000-0000-000000000791,Cuautitlan Izcalli,COVID-19,COVID-19,SUSPECTED,14,2026-06-11 00:00:00,,ACTIVE,COVID19MEXICO,2026-08-24
MUNICIPALITY,42000000-0000-0000-0000-000000000791,Cuautitlan Izcalli,INFLUENZA,Influenza,SUSPECTED,14,2026-06-11 00:00:00,,ACTIVE,COVID19MEXICO,2026-08-24
MUNICIPALITY,42000000-0000-0000-0000-000000000791,Cuautitlan Izcalli,MEASLES,Measles,SUSPECTED,12,2026-08-18 00:00:00,,ACTIVE,EFES_ABIERTO,2026-08-18
MUNICIPALITY,42000000-0000-0000-0000-000000000791,Cuautitlan Izcalli,RUBELLA,Rubella,SUSPECTED,12,2026-08-18 00:00:00,,ACTIVE,EFES_ABIERTO,2026-08-18
MUNICIPALITY,42000000-0000-0000-0000-000000000914,Cuautla,COVID-19,COVID-19,CONFIRMED,7,2026-06-07 00:00:00,,ACTIVE,COVID19MEXICO,2026-08-24
MUNICIPALITY,42000000-0000-0000-0000-000000000914,Cuautla,COVID-19,COVID-19,SUSPECTED,41,2026-06-06 00:00:00,,ACTIVE,COVID19MEXICO,2026-08-24
MUNICIPALITY,42000000-0000-0000-0000-000000000914,Cuautla,INFLUENZA,Influenza,CONFIRMED,1,2026-07-09 00:00:00,,ACTIVE,COVID19MEXICO,2026-08-24
MUNICIPALITY,42000000-0000-0000-0000-000000000914,Cuautla,INFLUENZA,Influenza,SUSPECTED,41,2026-06-06 00:00:00,,ACTIVE,COVID19MEXICO,2026-08-24
MUNICIPALITY,42000000-0000-0000-0000-000000000914,Cuautla,MEASLES,Measles,CONFIRMED,2,2026-06-29 00:00:00,,ACTIVE,EFES_ABIERTO,2026-08-18
MUNICIPALITY,42000000-0000-0000-0000-000000001626,Cuautlancingo,COVID-19,COVID-19,CONFIRMED,3,2026-07-23 00:00:00,,ACTIVE,COVID19MEXICO,2026-08-24
MUNICIPALITY,42000000-0000-0000-0000-000000001626,Cuautlancingo,COVID-19,COVID-19,SUSPECTED,8,2026-06-04 00:00:00,,ACTIVE,COVID19MEXICO,2026-08-24
MUNICIPALITY,42000000-0000-0000-0000-000000001626,Cuautlancingo,INFLUENZA,Influenza,SUSPECTED,8,2026-06-04 00:00:00,,ACTIVE,COVID19MEXICO,2026-08-24
MUNICIPALITY,42000000-0000-0000-0000-000000001626,Cuautlancingo,MEASLES,Measles,CONFIRMED,1,2026-06-12 00:00:00,,ACTIVE,EFES_ABIERTO,2026-08-18
MUNICIPALITY,42000000-0000-0000-0000-000000001626,Cuautlancingo,MEASLES,Measles,SUSPECTED,1,2026-08-18 00:00:00,,ACTIVE,EFES_ABIERTO,2026-08-18
MUNICIPALITY,42000000-0000-0000-0000-000000001626,Cuautlancingo,RUBELLA,Rubella,SUSPECTED,1,2026-08-18 00:00:00,,ACTIVE,EFES_ABIERTO,2026-08-18
MUNICIPALITY,42000000-0000-0000-0000-000000000342,Cueramaro,MEASLES,Measles,SUSPECTED,1,2026-08-18 00:00:00,,ACTIVE,EFES_ABIERTO,2026-08-18
MUNICIPALITY,42000000-0000-0000-0000-000000000342,Cueramaro,RUBELLA,Rubella,SUSPECTED,1,2026-08-18 00:00:00,,ACTIVE,EFES_ABIERTO,2026-08-18
MUNICIPALITY,42000000-0000-0000-0000-000000000915,Cuernavaca,COVID-19,COVID-19,CONFIRMED,12,2026-06-17 00:00:00,,ACTIVE,COVID19MEXICO,2026-08-24
MUNICIPALITY,42000000-0000-0000-0000-000000000915,Cuernavaca,COVID-19,COVID-19,SUSPECTED,80,2026-06-02 00:00:00,,ACTIVE,COVID19MEXICO,2026-08-24
MUNICIPALITY,42000000-0000-0000-0000-000000000915,Cuernavaca,INFLUENZA,Influenza,SUSPECTED,80,2026-06-02 00:00:00,,ACTIVE,COVID19MEXICO,2026-08-24
MUNICIPALITY,42000000-0000-0000-0000-000000000915,Cuernavaca,MEASLES,Measles,CONFIRMED,2,2026-06-01 00:00:00,,ACTIVE,EFES_ABIERTO,2026-08-18
MUNICIPALITY,42000000-0000-0000-0000-000000000915,Cuernavaca,MEASLES,Measles,SUSPECTED,11,2026-08-18 00:00:00,,ACTIVE,EFES_ABIERTO,2026-08-18
MUNICIPALITY,42000000-0000-0000-0000-000000000915,Cuernavaca,RUBELLA,Rubella,SUSPECTED,11,2026-08-18 00:00:00,,ACTIVE,EFES_ABIERTO,2026-08-18
MUNICIPALITY,42000000-0000-0000-0000-000000001628,Cuetzalan del Progreso,COVID-19,COVID-19,SUSPECTED,10,2026-06-22 00:00:00,,ACTIVE,COVID19MEXICO,2026-08-24
MUNICIPALITY,42000000-0000-0000-0000-000000001628,Cuetzalan del Progreso,INFLUENZA,Influenza,SUSPECTED,10,2026-06-22 00:00:00,,ACTIVE,COVID19MEXICO,2026-08-24
MUNICIPALITY,42000000-0000-0000-0000-000000002154,Cuichapa,COVID-19,COVID-19,CONFIRMED,1,2026-08-10 00:00:00,,ACTIVE,COVID19MEXICO,2026-08-24
MUNICIPALITY,42000000-0000-0000-0000-000000002154,Cuichapa,MEASLES,Measles,SUSPECTED,1,2026-08-18 00:00:00,,ACTIVE,EFES_ABIERTO,2026-08-18
MUNICIPALITY,42000000-0000-0000-0000-000000002154,Cuichapa,RUBELLA,Rubella,SUSPECTED,1,2026-08-18 00:00:00,,ACTIVE,EFES_ABIERTO,2026-08-18
MUNICIPALITY,42000000-0000-0000-0000-000000001038,Cuilapam de Guerrero,COVID-19,COVID-19,SUSPECTED,3,2026-07-11 00:00:00,,ACTIVE,COVID19MEXICO,2026-08-24
MUNICIPALITY,42000000-0000-0000-0000-000000001038,Cuilapam de Guerrero,INFLUENZA,Influenza,SUSPECTED,3,2026-07-11 00:00:00,,ACTIVE,COVID19MEXICO,2026-08-24
MUNICIPALITY,42000000-0000-0000-0000-000000000815,Cuitzeo,COVID-19,COVID-19,CONFIRMED,1,2026-08-07 00:00:00,,ACTIVE,COVID19MEXICO,2026-08-24
MUNICIPALITY,42000000-0000-0000-0000-000000000815,Cuitzeo,DENGUE,Dengue fever,SUSPECTED,1,2026-08-02 00:00:00,,ACTIVE,DENGUE_ABIERTO,2026-08-20
MUNICIPALITY,42000000-0000-0000-0000-000000001896,Culiacan,COVID-19,COVID-19,CONFIRMED,7,2026-07-31 00:00:00,,ACTIVE,COVID19MEXICO,2026-08-24
MUNICIPALITY,42000000-0000-0000-0000-000000001896,Culiacan,COVID-19,COVID-19,SUSPECTED,54,2026-06-01 00:00:00,,ACTIVE,COVID19MEXICO,2026-08-24
MUNICIPALITY,42000000-0000-0000-0000-000000001896,Culiacan,INFLUENZA,Influenza,CONFIRMED,10,2026-07-02 00:00:00,,ACTIVE,COVID19MEXICO,2026-08-24
MUNICIPALITY,42000000-0000-0000-0000-000000001896,Culiacan,INFLUENZA,Influenza,SUSPECTED,54,2026-06-01 00:00:00,,ACTIVE,COVID19MEXICO,2026-08-24
MUNICIPALITY,42000000-0000-0000-0000-000000001896,Culiacan,MEASLES,Measles,CONFIRMED,1,2026-06-05 00:00:00,,ACTIVE,EFES_ABIERTO,2026-08-18
MUNICIPALITY,42000000-0000-0000-0000-000000001896,Culiacan,MEASLES,Measles,SUSPECTED,2,2026-08-18 00:00:00,,ACTIVE,EFES_ABIERTO,2026-08-18
MUNICIPALITY,42000000-0000-0000-0000-000000001896,Culiacan,RUBELLA,Rubella,SUSPECTED,2,2026-08-18 00:00:00,,ACTIVE,EFES_ABIERTO,2026-08-18
MUNICIPALITY,42000000-0000-0000-0000-000000001988,Cunduacan,COVID-19,COVID-19,CONFIRMED,1,2026-07-02 00:00:00,,ACTIVE,COVID19MEXICO,2026-08-24
MUNICIPALITY,42000000-0000-0000-0000-000000001629,Cuyoaco,COVID-19,COVID-19,SUSPECTED,1,2026-07-15 00:00:00,,ACTIVE,COVID19MEXICO,2026-08-24
MUNICIPALITY,42000000-0000-0000-0000-000000001629,Cuyoaco,INFLUENZA,Influenza,SUSPECTED,1,2026-07-15 00:00:00,,ACTIVE,COVID19MEXICO,2026-08-24
MUNICIPALITY,42000000-0000-0000-0000-000000000578,Degollado,MEASLES,Measles,SUSPECTED,1,2026-08-18 00:00:00,,ACTIVE,EFES_ABIERTO,2026-08-18
MUNICIPALITY,42000000-0000-0000-0000-000000000578,Degollado,RUBELLA,Rubella,SUSPECTED,1,2026-08-18 00:00:00,,ACTIVE,EFES_ABIERTO,2026-08-18
MUNICIPALITY,42000000-0000-0000-0000-000000000953,Del Nayar,COVID-19,COVID-19,SUSPECTED,1,2026-06-12 00:00:00,,ACTIVE,COVID19MEXICO,2026-08-24
MUNICIPALITY,42000000-0000-0000-0000-000000000953,Del Nayar,INFLUENZA,Influenza,SUSPECTED,1,2026-06-12 00:00:00,,ACTIVE,COVID19MEXICO,2026-08-24
MUNICIPALITY,42000000-0000-0000-0000-000000000953,Del Nayar,MEASLES,Measles,CONFIRMED,1,2026-07-16 00:00:00,,ACTIVE,EFES_ABIERTO,2026-08-18
MUNICIPALITY,42000000-0000-0000-0000-000000000229,Delicias,COVID-19,COVID-19,SUSPECTED,9,2026-06-03 00:00:00,,ACTIVE,COVID19MEXICO,2026-08-24
MUNICIPALITY,42000000-0000-0000-0000-000000000229,Delicias,INFLUENZA,Influenza,SUSPECTED,9,2026-06-03 00:00:00,,ACTIVE,COVID19MEXICO,2026-08-24
MUNICIPALITY,42000000-0000-0000-0000-000000000229,Delicias,MEASLES,Measles,SUSPECTED,1,2026-08-18 00:00:00,,ACTIVE,EFES_ABIERTO,2026-08-18
MUNICIPALITY,42000000-0000-0000-0000-000000000229,Delicias,RUBELLA,Rubella,SUSPECTED,1,2026-08-18 00:00:00,,ACTIVE,EFES_ABIERTO,2026-08-18
MUNICIPALITY,42000000-0000-0000-0000-000000000343,Doctor Mora,MEASLES,Measles,SUSPECTED,2,2026-08-18 00:00:00,,ACTIVE,EFES_ABIERTO,2026-08-18
MUNICIPALITY,42000000-0000-0000-0000-000000000343,Doctor Mora,RUBELLA,Rubella,SUSPECTED,2,2026-08-18 00:00:00,,ACTIVE,EFES_ABIERTO,2026-08-18
MUNICIPALITY,42000000-0000-0000-0000-000000001645,Domingo Arenas,MEASLES,Measles,SUSPECTED,1,2026-08-18 00:00:00,,ACTIVE,EFES_ABIERTO,2026-08-18
MUNICIPALITY,42000000-0000-0000-0000-000000001645,Domingo Arenas,RUBELLA,Rubella,SUSPECTED,1,2026-08-18 00:00:00,,ACTIVE,EFES_ABIERTO,2026-08-18
MUNICIPALITY,42000000-0000-0000-0000-000000000296,Durango,COVID-19,COVID-19,CONFIRMED,4,2026-06-11 00:00:00,,ACTIVE,COVID19MEXICO,2026-08-24
MUNICIPALITY,42000000-0000-0000-0000-000000000296,Durango,COVID-19,COVID-19,SUSPECTED,24,2026-06-04 00:00:00,,ACTIVE,COVID19MEXICO,2026-08-24
MUNICIPALITY,42000000-0000-0000-0000-000000000296,Durango,INFLUENZA,Influenza,CONFIRMED,2,2026-06-09 00:00:00,,ACTIVE,COVID19MEXICO,2026-08-24
MUNICIPALITY,42000000-0000-0000-0000-000000000296,Durango,INFLUENZA,Influenza,SUSPECTED,24,2026-06-04 00:00:00,,ACTIVE,COVID19MEXICO,2026-08-24
MUNICIPALITY,42000000-0000-0000-0000-000000000296,Durango,MEASLES,Measles,CONFIRMED,47,2026-06-01 00:00:00,,ACTIVE,EFES_ABIERTO,2026-08-18
MUNICIPALITY,42000000-0000-0000-0000-000000000296,Durango,MEASLES,Measles,SUSPECTED,63,2026-08-18 00:00:00,,ACTIVE,EFES_ABIERTO,2026-08-18
MUNICIPALITY,42000000-0000-0000-0000-000000000296,Durango,RUBELLA,Rubella,SUSPECTED,63,2026-08-18 00:00:00,,ACTIVE,EFES_ABIERTO,2026-08-18
MUNICIPALITY,42000000-0000-0000-0000-000000002343,Dzilam Gonzalez,COVID-19,COVID-19,SUSPECTED,1,2026-06-18 00:00:00,,ACTIVE,COVID19MEXICO,2026-08-24
MUNICIPALITY,42000000-0000-0000-0000-000000002343,Dzilam Gonzalez,INFLUENZA,Influenza,CONFIRMED,1,2026-08-03 00:00:00,,ACTIVE,COVID19MEXICO,2026-08-24
MUNICIPALITY,42000000-0000-0000-0000-000000002343,Dzilam Gonzalez,INFLUENZA,Influenza,SUSPECTED,1,2026-06-18 00:00:00,,ACTIVE,COVID19MEXICO,2026-08-24
MUNICIPALITY,42000000-0000-0000-0000-000000002344,Dzitas,COVID-19,COVID-19,SUSPECTED,1,2026-08-06 00:00:00,,ACTIVE,COVID19MEXICO,2026-08-24
MUNICIPALITY,42000000-0000-0000-0000-000000002344,Dzitas,INFLUENZA,Influenza,SUSPECTED,1,2026-08-06 00:00:00,,ACTIVE,COVID19MEXICO,2026-08-24
MUNICIPALITY,42000000-0000-0000-0000-000000002344,Dzitas,MEASLES,Measles,SUSPECTED,2,2026-08-18 00:00:00,,ACTIVE,EFES_ABIERTO,2026-08-18
MUNICIPALITY,42000000-0000-0000-0000-000000002344,Dzitas,RUBELLA,Rubella,SUSPECTED,2,2026-08-18 00:00:00,,ACTIVE,EFES_ABIERTO,2026-08-18
MUNICIPALITY,42000000-0000-0000-0000-000000002345,Dzoncauich,MEASLES,Measles,SUSPECTED,1,2026-08-18 00:00:00,,ACTIVE,EFES_ABIERTO,2026-08-18
MUNICIPALITY,42000000-0000-0000-0000-000000002345,Dzoncauich,RUBELLA,Rubella,SUSPECTED,1,2026-08-18 00:00:00,,ACTIVE,EFES_ABIERTO,2026-08-18
MUNICIPALITY,42000000-0000-0000-0000-000000001847,Ebano,COVID-19,COVID-19,SUSPECTED,1,2026-07-21 00:00:00,,ACTIVE,COVID19MEXICO,2026-08-24
MUNICIPALITY,42000000-0000-0000-0000-000000001847,Ebano,INFLUENZA,Influenza,SUSPECTED,1,2026-07-21 00:00:00,,ACTIVE,COVID19MEXICO,2026-08-24
MUNICIPALITY,42000000-0000-0000-0000-000000000703,Ecatepec de Morelos,COVID-19,COVID-19,CONFIRMED,16,2026-06-18 00:00:00,,ACTIVE,COVID19MEXICO,2026-08-24
MUNICIPALITY,42000000-0000-0000-0000-000000000703,Ecatepec de Morelos,COVID-19,COVID-19,SUSPECTED,28,2026-06-07 00:00:00,,ACTIVE,COVID19MEXICO,2026-08-24
MUNICIPALITY,42000000-0000-0000-0000-000000000703,Ecatepec de Morelos,INFLUENZA,Influenza,CONFIRMED,3,2026-07-22 00:00:00,,ACTIVE,COVID19MEXICO,2026-08-24
MUNICIPALITY,42000000-0000-0000-0000-000000000703,Ecatepec de Morelos,INFLUENZA,Influenza,SUSPECTED,28,2026-06-07 00:00:00,,ACTIVE,COVID19MEXICO,2026-08-24
MUNICIPALITY,42000000-0000-0000-0000-000000000703,Ecatepec de Morelos,MEASLES,Measles,CONFIRMED,2,2026-06-09 00:00:00,,ACTIVE,EFES_ABIERTO,2026-08-18
MUNICIPALITY,42000000-0000-0000-0000-000000000703,Ecatepec de Morelos,MEASLES,Measles,SUSPECTED,22,2026-08-18 00:00:00,,ACTIVE,EFES_ABIERTO,2026-08-18
MUNICIPALITY,42000000-0000-0000-0000-000000000703,Ecatepec de Morelos,RUBELLA,Rubella,SUSPECTED,22,2026-08-18 00:00:00,,ACTIVE,EFES_ABIERTO,2026-08-18
MUNICIPALITY,42000000-0000-0000-0000-000000000451,Eduardo Neri,COVID-19,COVID-19,SUSPECTED,10,2026-06-03 00:00:00,,ACTIVE,COVID19MEXICO,2026-08-24
MUNICIPALITY,42000000-0000-0000-0000-000000000451,Eduardo Neri,INFLUENZA,Influenza,SUSPECTED,10,2026-06-03 00:00:00,,ACTIVE,COVID19MEXICO,2026-08-24
MUNICIPALITY,42000000-0000-0000-0000-000000000579,Ejutla,COVID-19,COVID-19,CONFIRMED,1,2026-06-08 00:00:00,,ACTIVE,COVID19MEXICO,2026-08-24
MUNICIPALITY,42000000-0000-0000-0000-000000000470,El Arenal,COVID-19,COVID-19,CONFIRMED,1,2026-08-15 00:00:00,,ACTIVE,COVID19MEXICO,2026-08-24
MUNICIPALITY,42000000-0000-0000-0000-000000000470,El Arenal,COVID-19,COVID-19,SUSPECTED,2,2026-06-01 00:00:00,,ACTIVE,COVID19MEXICO,2026-08-24
MUNICIPALITY,42000000-0000-0000-0000-000000000470,El Arenal,INFLUENZA,Influenza,SUSPECTED,2,2026-06-01 00:00:00,,ACTIVE,COVID19MEXICO,2026-08-24
MUNICIPALITY,42000000-0000-0000-0000-000000000098,El Bosque,MEASLES,Measles,SUSPECTED,1,2026-08-18 00:00:00,,ACTIVE,EFES_ABIERTO,2026-08-18
MUNICIPALITY,42000000-0000-0000-0000-000000000098,El Bosque,RUBELLA,Rubella,SUSPECTED,1,2026-08-18 00:00:00,,ACTIVE,EFES_ABIERTO,2026-08-18
MUNICIPALITY,42000000-0000-0000-0000-000000000974,El Carmen,COVID-19,COVID-19,CONFIRMED,1,2026-07-29 00:00:00,,ACTIVE,COVID19MEXICO,2026-08-24
MUNICIPALITY,42000000-0000-0000-0000-000000000974,El Carmen,MEASLES,Measles,SUSPECTED,2,2026-08-18 00:00:00,,ACTIVE,EFES_ABIERTO,2026-08-18
MUNICIPALITY,42000000-0000-0000-0000-000000000974,El Carmen,RUBELLA,Rubella,SUSPECTED,2,2026-08-18 00:00:00,,ACTIVE,EFES_ABIERTO,2026-08-18
MUNICIPALITY,42000000-0000-0000-0000-000000001900,El Fuerte,COVID-19,COVID-19,CONFIRMED,1,2026-07-20 00:00:00,,ACTIVE,COVID19MEXICO,2026-08-24
MUNICIPALITY,42000000-0000-0000-0000-000000001900,El Fuerte,COVID-19,COVID-19,SUSPECTED,8,2026-06-18 00:00:00,,ACTIVE,COVID19MEXICO,2026-08-24
MUNICIPALITY,42000000-0000-0000-0000-000000001900,El Fuerte,DENGUE,Dengue fever,SUSPECTED,2,2026-06-24 00:00:00,,ACTIVE,DENGUE_ABIERTO,2026-08-20
MUNICIPALITY,42000000-0000-0000-0000-000000001900,El Fuerte,INFLUENZA,Influenza,CONFIRMED,1,2026-06-17 00:00:00,,ACTIVE,COVID19MEXICO,2026-08-24
MUNICIPALITY,42000000-0000-0000-0000-000000001900,El Fuerte,INFLUENZA,Influenza,SUSPECTED,8,2026-06-18 00:00:00,,ACTIVE,COVID19MEXICO,2026-08-24
MUNICIPALITY,42000000-0000-0000-0000-000000000582,El Grullo,COVID-19,COVID-19,CONFIRMED,1,2026-07-16 00:00:00,,ACTIVE,COVID19MEXICO,2026-08-24
MUNICIPALITY,42000000-0000-0000-0000-000000000582,El Grullo,COVID-19,COVID-19,SUSPECTED,20,2026-06-01 00:00:00,,ACTIVE,COVID19MEXICO,2026-08-24
MUNICIPALITY,42000000-0000-0000-0000-000000000582,El Grullo,INFLUENZA,Influenza,SUSPECTED,20,2026-06-01 00:00:00,,ACTIVE,COVID19MEXICO,2026-08-24
MUNICIPALITY,42000000-0000-0000-0000-000000000599,El Limon,COVID-19,COVID-19,SUSPECTED,1,2026-07-02 00:00:00,,ACTIVE,COVID19MEXICO,2026-08-24
MUNICIPALITY,42000000-0000-0000-0000-000000000599,El Limon,INFLUENZA,Influenza,SUSPECTED,1,2026-07-02 00:00:00,,ACTIVE,COVID19MEXICO,2026-08-24
MUNICIPALITY,42000000-0000-0000-0000-000000000010,El Llano,COVID-19,COVID-19,SUSPECTED,2,2026-06-07 00:00:00,,ACTIVE,COVID19MEXICO,2026-08-24
MUNICIPALITY,42000000-0000-0000-0000-000000000010,El Llano,INFLUENZA,Influenza,SUSPECTED,2,2026-06-07 00:00:00,,ACTIVE,COVID19MEXICO,2026-08-24
MUNICIPALITY,42000000-0000-0000-0000-000000002020,El Mante,MEASLES,Measles,SUSPECTED,1,2026-08-18 00:00:00,,ACTIVE,EFES_ABIERTO,2026-08-18
MUNICIPALITY,42000000-0000-0000-0000-000000002020,El Mante,RUBELLA,Rubella,SUSPECTED,1,2026-08-18 00:00:00,,ACTIVE,EFES_ABIERTO,2026-08-18
MUNICIPALITY,42000000-0000-0000-0000-000000001813,El Marques,COVID-19,COVID-19,SUSPECTED,4,2026-06-02 00:00:00,,ACTIVE,COVID19MEXICO,2026-08-24
MUNICIPALITY,42000000-0000-0000-0000-000000001813,El Marques,INFLUENZA,Influenza,SUSPECTED,4,2026-06-02 00:00:00,,ACTIVE,COVID19MEXICO,2026-08-24
MUNICIPALITY,42000000-0000-0000-0000-000000001813,El Marques,MEASLES,Measles,SUSPECTED,3,2026-08-18 00:00:00,,ACTIVE,EFES_ABIERTO,2026-08-18
MUNICIPALITY,42000000-0000-0000-0000-000000001813,El Marques,RUBELLA,Rubella,SUSPECTED,3,2026-08-18 00:00:00,,ACTIVE,EFES_ABIERTO,2026-08-18
MUNICIPALITY,42000000-0000-0000-0000-000000000309,El Oro,COVID-19,COVID-19,CONFIRMED,1,2026-08-03 00:00:00,,ACTIVE,COVID19MEXICO,2026-08-24
MUNICIPALITY,42000000-0000-0000-0000-000000000734,El Oro,COVID-19,COVID-19,SUSPECTED,2,2026-07-18 00:00:00,,ACTIVE,COVID19MEXICO,2026-08-24
MUNICIPALITY,42000000-0000-0000-0000-000000000734,El Oro,INFLUENZA,Influenza,SUSPECTED,2,2026-07-18 00:00:00,,ACTIVE,COVID19MEXICO,2026-08-24
MUNICIPALITY,42000000-0000-0000-0000-000000000615,El Salto,COVID-19,COVID-19,CONFIRMED,2,2026-06-25 00:00:00,,ACTIVE,COVID19MEXICO,2026-08-24
MUNICIPALITY,42000000-0000-0000-0000-000000000615,El Salto,COVID-19,COVID-19,SUSPECTED,16,2026-06-09 00:00:00,,ACTIVE,COVID19MEXICO,2026-08-24
MUNICIPALITY,42000000-0000-0000-0000-000000000615,El Salto,INFLUENZA,Influenza,CONFIRMED,1,2026-08-05 00:00:00,,ACTIVE,COVID19MEXICO,2026-08-24
MUNICIPALITY,42000000-0000-0000-0000-000000000615,El Salto,INFLUENZA,Influenza,SUSPECTED,16,2026-06-09 00:00:00,,ACTIVE,COVID19MEXICO,2026-08-24
MUNICIPALITY,42000000-0000-0000-0000-000000000615,El Salto,MEASLES,Measles,CONFIRMED,34,2026-06-03 00:00:00,,ACTIVE,EFES_ABIERTO,2026-08-18
MUNICIPALITY,42000000-0000-0000-0000-000000000615,El Salto,MEASLES,Measles,SUSPECTED,200,2026-08-18 00:00:00,,ACTIVE,EFES_ABIERTO,2026-08-18
MUNICIPALITY,42000000-0000-0000-0000-000000000615,El Salto,RUBELLA,Rubella,SUSPECTED,200,2026-08-18 00:00:00,,ACTIVE,EFES_ABIERTO,2026-08-18
MUNICIPALITY,42000000-0000-0000-0000-000000001898,Elota,COVID-19,COVID-19,SUSPECTED,3,2026-07-26 00:00:00,,ACTIVE,COVID19MEXICO,2026-08-24
MUNICIPALITY,42000000-0000-0000-0000-000000001898,Elota,INFLUENZA,Influenza,SUSPECTED,3,2026-07-26 00:00:00,,ACTIVE,COVID19MEXICO,2026-08-24
MUNICIPALITY,42000000-0000-0000-0000-000000000206,Emiliano Zapata,COVID-19,COVID-19,CONFIRMED,1,2026-07-15 00:00:00,,ACTIVE,COVID19MEXICO,2026-08-24
MUNICIPALITY,42000000-0000-0000-0000-000000000916,Emiliano Zapata,COVID-19,COVID-19,CONFIRMED,1,2026-07-28 00:00:00,,ACTIVE,COVID19MEXICO,2026-08-24
MUNICIPALITY,42000000-0000-0000-0000-000000000916,Emiliano Zapata,COVID-19,COVID-19,SUSPECTED,3,2026-07-17 00:00:00,,ACTIVE,COVID19MEXICO,2026-08-24
MUNICIPALITY,42000000-0000-0000-0000-000000002167,Emiliano Zapata,COVID-19,COVID-19,SUSPECTED,2,2026-08-02 00:00:00,,ACTIVE,COVID19MEXICO,2026-08-24
MUNICIPALITY,42000000-0000-0000-0000-000000000916,Emiliano Zapata,INFLUENZA,Influenza,SUSPECTED,3,2026-07-17 00:00:00,,ACTIVE,COVID19MEXICO,2026-08-24
MUNICIPALITY,42000000-0000-0000-0000-000000002167,Emiliano Zapata,INFLUENZA,Influenza,SUSPECTED,2,2026-08-02 00:00:00,,ACTIVE,COVID19MEXICO,2026-08-24
MUNICIPALITY,42000000-0000-0000-0000-000000000916,Emiliano Zapata,MEASLES,Measles,SUSPECTED,3,2026-08-18 00:00:00,,ACTIVE,EFES_ABIERTO,2026-08-18
MUNICIPALITY,42000000-0000-0000-0000-000000000916,Emiliano Zapata,RUBELLA,Rubella,SUSPECTED,3,2026-08-18 00:00:00,,ACTIVE,EFES_ABIERTO,2026-08-18
MUNICIPALITY,42000000-0000-0000-0000-000000001935,Empalme,MEASLES,Measles,SUSPECTED,3,2026-08-18 00:00:00,,ACTIVE,EFES_ABIERTO,2026-08-18
MUNICIPALITY,42000000-0000-0000-0000-000000001935,Empalme,RUBELLA,Rubella,SUSPECTED,3,2026-08-18 00:00:00,,ACTIVE,EFES_ABIERTO,2026-08-18
MUNICIPALITY,42000000-0000-0000-0000-000000000012,Ensenada,COVID-19,COVID-19,CONFIRMED,3,2026-07-26 00:00:00,,ACTIVE,COVID19MEXICO,2026-08-24
MUNICIPALITY,42000000-0000-0000-0000-000000000012,Ensenada,COVID-19,COVID-19,SUSPECTED,2,2026-08-15 00:00:00,,ACTIVE,COVID19MEXICO,2026-08-24
MUNICIPALITY,42000000-0000-0000-0000-000000000012,Ensenada,INFLUENZA,Influenza,SUSPECTED,2,2026-08-15 00:00:00,,ACTIVE,COVID19MEXICO,2026-08-24
MUNICIPALITY,42000000-0000-0000-0000-000000000012,Ensenada,MEASLES,Measles,SUSPECTED,23,2026-08-18 00:00:00,,ACTIVE,EFES_ABIERTO,2026-08-18
MUNICIPALITY,42000000-0000-0000-0000-000000000012,Ensenada,RUBELLA,Rubella,SUSPECTED,23,2026-08-18 00:00:00,,ACTIVE,EFES_ABIERTO,2026-08-18
MUNICIPALITY,42000000-0000-0000-0000-000000000483,Epazoyucan,COVID-19,COVID-19,CONFIRMED,3,2026-07-13 00:00:00,,ACTIVE,COVID19MEXICO,2026-08-24
MUNICIPALITY,42000000-0000-0000-0000-000000000483,Epazoyucan,COVID-19,COVID-19,SUSPECTED,1,2026-07-29 00:00:00,,ACTIVE,COVID19MEXICO,2026-08-24
MUNICIPALITY,42000000-0000-0000-0000-000000000483,Epazoyucan,INFLUENZA,Influenza,SUSPECTED,1,2026-07-29 00:00:00,,ACTIVE,COVID19MEXICO,2026-08-24
MUNICIPALITY,42000000-0000-0000-0000-000000000032,Escarcega,COVID-19,COVID-19,SUSPECTED,29,2026-06-02 00:00:00,,ACTIVE,COVID19MEXICO,2026-08-24
MUNICIPALITY,42000000-0000-0000-0000-000000000032,Escarcega,INFLUENZA,Influenza,CONFIRMED,1,2026-07-12 00:00:00,,ACTIVE,COVID19MEXICO,2026-08-24
MUNICIPALITY,42000000-0000-0000-0000-000000000032,Escarcega,INFLUENZA,Influenza,SUSPECTED,29,2026-06-02 00:00:00,,ACTIVE,COVID19MEXICO,2026-08-24
MUNICIPALITY,42000000-0000-0000-0000-000000001899,Escuinapa,COVID-19,COVID-19,SUSPECTED,1,2026-08-16 00:00:00,,ACTIVE,COVID19MEXICO,2026-08-24
MUNICIPALITY,42000000-0000-0000-0000-000000001899,Escuinapa,INFLUENZA,Influenza,CONFIRMED,1,2026-06-09 00:00:00,,ACTIVE,COVID19MEXICO,2026-08-24
MUNICIPALITY,42000000-0000-0000-0000-000000001899,Escuinapa,INFLUENZA,Influenza,SUSPECTED,1,2026-08-16 00:00:00,,ACTIVE,COVID19MEXICO,2026-08-24
MUNICIPALITY,42000000-0000-0000-0000-000000001899,Escuinapa,MEASLES,Measles,CONFIRMED,1,2026-06-16 00:00:00,,ACTIVE,EFES_ABIERTO,2026-08-18
MUNICIPALITY,42000000-0000-0000-0000-000000001899,Escuinapa,MEASLES,Measles,SUSPECTED,1,2026-08-18 00:00:00,,ACTIVE,EFES_ABIERTO,2026-08-18
MUNICIPALITY,42000000-0000-0000-0000-000000001899,Escuinapa,RUBELLA,Rubella,SUSPECTED,1,2026-08-18 00:00:00,,ACTIVE,EFES_ABIERTO,2026-08-18
MUNICIPALITY,42000000-0000-0000-0000-000000002054,Espanita,COVID-19,COVID-19,CONFIRMED,1,2026-07-29 00:00:00,,ACTIVE,COVID19MEXICO,2026-08-24
MUNICIPALITY,42000000-0000-0000-0000-000000002054,Espanita,COVID-19,COVID-19,SUSPECTED,1,2026-06-30 00:00:00,,ACTIVE,COVID19MEXICO,2026-08-24
MUNICIPALITY,42000000-0000-0000-0000-000000002054,Espanita,INFLUENZA,Influenza,SUSPECTED,1,2026-06-30 00:00:00,,ACTIVE,COVID19MEXICO,2026-08-24
MUNICIPALITY,42000000-0000-0000-0000-000000001648,Esperanza,MEASLES,Measles,SUSPECTED,1,2026-08-18 00:00:00,,ACTIVE,EFES_ABIERTO,2026-08-18
MUNICIPALITY,42000000-0000-0000-0000-000000001648,Esperanza,RUBELLA,Rubella,SUSPECTED,1,2026-08-18 00:00:00,,ACTIVE,EFES_ABIERTO,2026-08-18
MUNICIPALITY,42000000-0000-0000-0000-000000002168,Espinal,COVID-19,COVID-19,SUSPECTED,2,2026-06-27 00:00:00,,ACTIVE,COVID19MEXICO,2026-08-24
MUNICIPALITY,42000000-0000-0000-0000-000000002168,Espinal,INFLUENZA,Influenza,SUSPECTED,2,2026-06-27 00:00:00,,ACTIVE,COVID19MEXICO,2026-08-24
MUNICIPALITY,42000000-0000-0000-0000-000000002346,Espita,COVID-19,COVID-19,SUSPECTED,1,2026-06-30 00:00:00,,ACTIVE,COVID19MEXICO,2026-08-24
MUNICIPALITY,42000000-0000-0000-0000-000000002346,Espita,INFLUENZA,Influenza,SUSPECTED,1,2026-06-30 00:00:00,,ACTIVE,COVID19MEXICO,2026-08-24
MUNICIPALITY,42000000-0000-0000-0000-000000001936,Etchojoa,COVID-19,COVID-19,SUSPECTED,1,2026-06-18 00:00:00,,ACTIVE,COVID19MEXICO,2026-08-24
MUNICIPALITY,42000000-0000-0000-0000-000000001936,Etchojoa,INFLUENZA,Influenza,SUSPECTED,1,2026-06-18 00:00:00,,ACTIVE,COVID19MEXICO,2026-08-24
MUNICIPALITY,42000000-0000-0000-0000-000000000581,Etzatlan,COVID-19,COVID-19,CONFIRMED,1,2026-06-30 00:00:00,,ACTIVE,COVID19MEXICO,2026-08-24
MUNICIPALITY,42000000-0000-0000-0000-000000001809,Ezequiel Montes,COVID-19,COVID-19,SUSPECTED,4,2026-06-13 00:00:00,,ACTIVE,COVID19MEXICO,2026-08-24
MUNICIPALITY,42000000-0000-0000-0000-000000001809,Ezequiel Montes,INFLUENZA,Influenza,SUSPECTED,4,2026-06-13 00:00:00,,ACTIVE,COVID19MEXICO,2026-08-24
MUNICIPALITY,42000000-0000-0000-0000-000000001809,Ezequiel Montes,MEASLES,Measles,SUSPECTED,1,2026-08-18 00:00:00,,ACTIVE,EFES_ABIERTO,2026-08-18
MUNICIPALITY,42000000-0000-0000-0000-000000001809,Ezequiel Montes,RUBELLA,Rubella,SUSPECTED,1,2026-08-18 00:00:00,,ACTIVE,EFES_ABIERTO,2026-08-18
MUNICIPALITY,42000000-0000-0000-0000-000000001822,Felipe Carrillo Puerto,COVID-19,COVID-19,CONFIRMED,1,2026-07-20 00:00:00,,ACTIVE,COVID19MEXICO,2026-08-24
MUNICIPALITY,42000000-0000-0000-0000-000000001822,Felipe Carrillo Puerto,COVID-19,COVID-19,SUSPECTED,4,2026-06-25 00:00:00,,ACTIVE,COVID19MEXICO,2026-08-24
MUNICIPALITY,42000000-0000-0000-0000-000000001822,Felipe Carrillo Puerto,INFLUENZA,Influenza,CONFIRMED,3,2026-06-30 00:00:00,,ACTIVE,COVID19MEXICO,2026-08-24
MUNICIPALITY,42000000-0000-0000-0000-000000001822,Felipe Carrillo Puerto,INFLUENZA,Influenza,SUSPECTED,4,2026-06-25 00:00:00,,ACTIVE,COVID19MEXICO,2026-08-24
MUNICIPALITY,42000000-0000-0000-0000-000000002169,Filomeno Mata,COVID-19,COVID-19,SUSPECTED,1,2026-07-19 00:00:00,,ACTIVE,COVID19MEXICO,2026-08-24
MUNICIPALITY,42000000-0000-0000-0000-000000002169,Filomeno Mata,INFLUENZA,Influenza,SUSPECTED,1,2026-07-19 00:00:00,,ACTIVE,COVID19MEXICO,2026-08-24
MUNICIPALITY,42000000-0000-0000-0000-000000000406,Florencio Villarreal,COVID-19,COVID-19,SUSPECTED,3,2026-06-20 00:00:00,,ACTIVE,COVID19MEXICO,2026-08-24
MUNICIPALITY,42000000-0000-0000-0000-000000000406,Florencio Villarreal,INFLUENZA,Influenza,SUSPECTED,3,2026-06-20 00:00:00,,ACTIVE,COVID19MEXICO,2026-08-24
MUNICIPALITY,42000000-0000-0000-0000-000000002170,Fortin,COVID-19,COVID-19,SUSPECTED,24,2026-06-03 00:00:00,,ACTIVE,COVID19MEXICO,2026-08-24
MUNICIPALITY,42000000-0000-0000-0000-000000002170,Fortin,DENGUE,Dengue fever,SUSPECTED,1,2026-06-22 00:00:00,,ACTIVE,DENGUE_ABIERTO,2026-08-20
MUNICIPALITY,42000000-0000-0000-0000-000000002170,Fortin,INFLUENZA,Influenza,SUSPECTED,24,2026-06-03 00:00:00,,ACTIVE,COVID19MEXICO,2026-08-24
MUNICIPALITY,42000000-0000-0000-0000-000000000484,Francisco I. Madero,COVID-19,COVID-19,CONFIRMED,4,2026-07-12 00:00:00,,ACTIVE,COVID19MEXICO,2026-08-24
MUNICIPALITY,42000000-0000-0000-0000-000000000484,Francisco I. Madero,COVID-19,COVID-19,SUSPECTED,1,2026-06-06 00:00:00,,ACTIVE,COVID19MEXICO,2026-08-24
MUNICIPALITY,42000000-0000-0000-0000-000000000484,Francisco I. Madero,INFLUENZA,Influenza,SUSPECTED,1,2026-06-06 00:00:00,,ACTIVE,COVID19MEXICO,2026-08-24
MUNICIPALITY,42000000-0000-0000-0000-000000002430,Fresnillo,COVID-19,COVID-19,CONFIRMED,14,2026-06-02 00:00:00,,ACTIVE,COVID19MEXICO,2026-08-24
MUNICIPALITY,42000000-0000-0000-0000-000000002430,Fresnillo,COVID-19,COVID-19,SUSPECTED,14,2026-06-03 00:00:00,,ACTIVE,COVID19MEXICO,2026-08-24
MUNICIPALITY,42000000-0000-0000-0000-000000002430,Fresnillo,INFLUENZA,Influenza,CONFIRMED,9,2026-06-07 00:00:00,,ACTIVE,COVID19MEXICO,2026-08-24
MUNICIPALITY,42000000-0000-0000-0000-000000002430,Fresnillo,INFLUENZA,Influenza,SUSPECTED,14,2026-06-03 00:00:00,,ACTIVE,COVID19MEXICO,2026-08-24
MUNICIPALITY,42000000-0000-0000-0000-000000002430,Fresnillo,MEASLES,Measles,CONFIRMED,183,2026-06-01 00:00:00,,ACTIVE,EFES_ABIERTO,2026-08-18
MUNICIPALITY,42000000-0000-0000-0000-000000002430,Fresnillo,MEASLES,Measles,SUSPECTED,14,2026-08-18 00:00:00,,ACTIVE,EFES_ABIERTO,2026-08-18
MUNICIPALITY,42000000-0000-0000-0000-000000002430,Fresnillo,RUBELLA,Rubella,SUSPECTED,14,2026-08-18 00:00:00,,ACTIVE,EFES_ABIERTO,2026-08-18
MUNICIPALITY,42000000-0000-0000-0000-000000001047,Fresnillo de Trujano,COVID-19,COVID-19,SUSPECTED,1,2026-06-11 00:00:00,,ACTIVE,COVID19MEXICO,2026-08-24
MUNICIPALITY,42000000-0000-0000-0000-000000001047,Fresnillo de Trujano,INFLUENZA,Influenza,SUSPECTED,1,2026-06-11 00:00:00,,ACTIVE,COVID19MEXICO,2026-08-24
MUNICIPALITY,42000000-0000-0000-0000-000000000046,Frontera,DENGUE,Dengue fever,SUSPECTED,2,2026-06-23 00:00:00,,ACTIVE,DENGUE_ABIERTO,2026-08-20
MUNICIPALITY,42000000-0000-0000-0000-000000000118,Frontera Comalapa,MEASLES,Measles,SUSPECTED,1,2026-08-18 00:00:00,,ACTIVE,EFES_ABIERTO,2026-08-18
MUNICIPALITY,42000000-0000-0000-0000-000000000118,Frontera Comalapa,RUBELLA,Rubella,SUSPECTED,1,2026-08-18 00:00:00,,ACTIVE,EFES_ABIERTO,2026-08-18
MUNICIPALITY,42000000-0000-0000-0000-000000000828,Gabriel Zamora,COVID-19,COVID-19,SUSPECTED,1,2026-06-25 00:00:00,,ACTIVE,COVID19MEXICO,2026-08-24
MUNICIPALITY,42000000-0000-0000-0000-000000000828,Gabriel Zamora,INFLUENZA,Influenza,SUSPECTED,1,2026-06-25 00:00:00,,ACTIVE,COVID19MEXICO,2026-08-24
MUNICIPALITY,42000000-0000-0000-0000-000000000981,Galeana,COVID-19,COVID-19,CONFIRMED,3,2026-08-01 00:00:00,,ACTIVE,COVID19MEXICO,2026-08-24
MUNICIPALITY,42000000-0000-0000-0000-000000000982,Garcia,COVID-19,COVID-19,CONFIRMED,8,2026-06-20 00:00:00,,ACTIVE,COVID19MEXICO,2026-08-24
MUNICIPALITY,42000000-0000-0000-0000-000000000982,Garcia,COVID-19,COVID-19,SUSPECTED,4,2026-06-28 00:00:00,,ACTIVE,COVID19MEXICO,2026-08-24
MUNICIPALITY,42000000-0000-0000-0000-000000000982,Garcia,DENGUE,Dengue fever,SUSPECTED,1,2026-07-23 00:00:00,,ACTIVE,DENGUE_ABIERTO,2026-08-20
MUNICIPALITY,42000000-0000-0000-0000-000000000982,Garcia,INFLUENZA,Influenza,SUSPECTED,4,2026-06-28 00:00:00,,ACTIVE,COVID19MEXICO,2026-08-24
MUNICIPALITY,42000000-0000-0000-0000-000000000982,Garcia,MEASLES,Measles,SUSPECTED,5,2026-08-18 00:00:00,,ACTIVE,EFES_ABIERTO,2026-08-18
MUNICIPALITY,42000000-0000-0000-0000-000000000982,Garcia,RUBELLA,Rubella,SUSPECTED,5,2026-08-18 00:00:00,,ACTIVE,EFES_ABIERTO,2026-08-18
MUNICIPALITY,42000000-0000-0000-0000-000000002432,Genaro Codina,COVID-19,COVID-19,CONFIRMED,1,2026-08-05 00:00:00,,ACTIVE,COVID19MEXICO,2026-08-24
MUNICIPALITY,42000000-0000-0000-0000-000000002432,Genaro Codina,COVID-19,COVID-19,SUSPECTED,1,2026-08-19 00:00:00,,ACTIVE,COVID19MEXICO,2026-08-24
MUNICIPALITY,42000000-0000-0000-0000-000000002432,Genaro Codina,INFLUENZA,Influenza,SUSPECTED,1,2026-08-19 00:00:00,,ACTIVE,COVID19MEXICO,2026-08-24
MUNICIPALITY,42000000-0000-0000-0000-000000002433,General Enrique Estrada,MEASLES,Measles,CONFIRMED,1,2026-06-05 00:00:00,,ACTIVE,EFES_ABIERTO,2026-08-18
MUNICIPALITY,42000000-0000-0000-0000-000000000985,General Escobedo,COVID-19,COVID-19,CONFIRMED,5,2026-06-17 00:00:00,,ACTIVE,COVID19MEXICO,2026-08-24
MUNICIPALITY,42000000-0000-0000-0000-000000000985,General Escobedo,COVID-19,COVID-19,SUSPECTED,27,2026-06-30 00:00:00,,ACTIVE,COVID19MEXICO,2026-08-24
MUNICIPALITY,42000000-0000-0000-0000-000000000985,General Escobedo,DENGUE,Dengue fever,SUSPECTED,2,2026-06-08 00:00:00,,ACTIVE,DENGUE_ABIERTO,2026-08-20
MUNICIPALITY,42000000-0000-0000-0000-000000000985,General Escobedo,INFLUENZA,Influenza,CONFIRMED,2,2026-07-29 00:00:00,,ACTIVE,COVID19MEXICO,2026-08-24
MUNICIPALITY,42000000-0000-0000-0000-000000000985,General Escobedo,INFLUENZA,Influenza,SUSPECTED,27,2026-06-30 00:00:00,,ACTIVE,COVID19MEXICO,2026-08-24
MUNICIPALITY,42000000-0000-0000-0000-000000000985,General Escobedo,MEASLES,Measles,CONFIRMED,1,2026-07-13 00:00:00,,ACTIVE,EFES_ABIERTO,2026-08-18
MUNICIPALITY,42000000-0000-0000-0000-000000000985,General Escobedo,MEASLES,Measles,SUSPECTED,11,2026-08-18 00:00:00,,ACTIVE,EFES_ABIERTO,2026-08-18
MUNICIPALITY,42000000-0000-0000-0000-000000000985,General Escobedo,RUBELLA,Rubella,SUSPECTED,11,2026-08-18 00:00:00,,ACTIVE,EFES_ABIERTO,2026-08-18
MUNICIPALITY,42000000-0000-0000-0000-000000000408,General Heliodoro Castillo,COVID-19,COVID-19,CONFIRMED,1,2026-08-13 00:00:00,,ACTIVE,COVID19MEXICO,2026-08-24
MUNICIPALITY,42000000-0000-0000-0000-000000000408,General Heliodoro Castillo,COVID-19,COVID-19,SUSPECTED,1,2026-06-28 00:00:00,,ACTIVE,COVID19MEXICO,2026-08-24
MUNICIPALITY,42000000-0000-0000-0000-000000000408,General Heliodoro Castillo,INFLUENZA,Influenza,SUSPECTED,1,2026-06-28 00:00:00,,ACTIVE,COVID19MEXICO,2026-08-24
MUNICIPALITY,42000000-0000-0000-0000-000000000987,General Trevino,COVID-19,COVID-19,CONFIRMED,1,2026-06-29 00:00:00,,ACTIVE,COVID19MEXICO,2026-08-24
MUNICIPALITY,42000000-0000-0000-0000-000000000989,General Zuazua,COVID-19,COVID-19,CONFIRMED,1,2026-08-10 00:00:00,,ACTIVE,COVID19MEXICO,2026-08-24
MUNICIPALITY,42000000-0000-0000-0000-000000000989,General Zuazua,COVID-19,COVID-19,SUSPECTED,3,2026-07-08 00:00:00,,ACTIVE,COVID19MEXICO,2026-08-24
MUNICIPALITY,42000000-0000-0000-0000-000000000989,General Zuazua,INFLUENZA,Influenza,SUSPECTED,3,2026-07-08 00:00:00,,ACTIVE,COVID19MEXICO,2026-08-24
MUNICIPALITY,42000000-0000-0000-0000-000000000989,General Zuazua,MEASLES,Measles,SUSPECTED,1,2026-08-18 00:00:00,,ACTIVE,EFES_ABIERTO,2026-08-18
MUNICIPALITY,42000000-0000-0000-0000-000000000989,General Zuazua,RUBELLA,Rubella,SUSPECTED,1,2026-08-18 00:00:00,,ACTIVE,EFES_ABIERTO,2026-08-18
MUNICIPALITY,42000000-0000-0000-0000-000000000298,Gomez Palacio,COVID-19,COVID-19,CONFIRMED,3,2026-07-31 00:00:00,,ACTIVE,COVID19MEXICO,2026-08-24
MUNICIPALITY,42000000-0000-0000-0000-000000000298,Gomez Palacio,COVID-19,COVID-19,SUSPECTED,16,2026-06-01 00:00:00,,ACTIVE,COVID19MEXICO,2026-08-24
MUNICIPALITY,42000000-0000-0000-0000-000000000298,Gomez Palacio,DENGUE,Dengue fever,SUSPECTED,1,2026-06-17 00:00:00,,ACTIVE,DENGUE_ABIERTO,2026-08-20
MUNICIPALITY,42000000-0000-0000-0000-000000000298,Gomez Palacio,INFLUENZA,Influenza,SUSPECTED,16,2026-06-01 00:00:00,,ACTIVE,COVID19MEXICO,2026-08-24
MUNICIPALITY,42000000-0000-0000-0000-000000000298,Gomez Palacio,MEASLES,Measles,SUSPECTED,18,2026-08-18 00:00:00,,ACTIVE,EFES_ABIERTO,2026-08-18
MUNICIPALITY,42000000-0000-0000-0000-000000000298,Gomez Palacio,RUBELLA,Rubella,SUSPECTED,18,2026-08-18 00:00:00,,ACTIVE,EFES_ABIERTO,2026-08-18
MUNICIPALITY,42000000-0000-0000-0000-000000002011,Gonzalez,COVID-19,COVID-19,SUSPECTED,1,2026-07-19 00:00:00,,ACTIVE,COVID19MEXICO,2026-08-24
MUNICIPALITY,42000000-0000-0000-0000-000000002011,Gonzalez,INFLUENZA,Influenza,SUSPECTED,1,2026-07-19 00:00:00,,ACTIVE,COVID19MEXICO,2026-08-24
MUNICIPALITY,42000000-0000-0000-0000-000000002011,Gonzalez,MEASLES,Measles,SUSPECTED,1,2026-08-18 00:00:00,,ACTIVE,EFES_ABIERTO,2026-08-18
MUNICIPALITY,42000000-0000-0000-0000-000000002011,Gonzalez,RUBELLA,Rubella,SUSPECTED,1,2026-08-18 00:00:00,,ACTIVE,EFES_ABIERTO,2026-08-18
MUNICIPALITY,42000000-0000-0000-0000-000000000583,Guachinango,COVID-19,COVID-19,SUSPECTED,1,2026-07-23 00:00:00,,ACTIVE,COVID19MEXICO,2026-08-24
MUNICIPALITY,42000000-0000-0000-0000-000000000583,Guachinango,INFLUENZA,Influenza,SUSPECTED,1,2026-07-23 00:00:00,,ACTIVE,COVID19MEXICO,2026-08-24
MUNICIPALITY,42000000-0000-0000-0000-000000000235,Guachochi,COVID-19,COVID-19,CONFIRMED,1,2026-07-01 00:00:00,,ACTIVE,COVID19MEXICO,2026-08-24
MUNICIPALITY,42000000-0000-0000-0000-000000000584,Guadalajara,COVID-19,COVID-19,CONFIRMED,14,2026-06-09 00:00:00,,ACTIVE,COVID19MEXICO,2026-08-24
MUNICIPALITY,42000000-0000-0000-0000-000000000584,Guadalajara,COVID-19,COVID-19,SUSPECTED,54,2026-06-07 00:00:00,,ACTIVE,COVID19MEXICO,2026-08-24
MUNICIPALITY,42000000-0000-0000-0000-000000000584,Guadalajara,DENGUE,Dengue fever,SUSPECTED,2,2026-07-01 00:00:00,,ACTIVE,DENGUE_ABIERTO,2026-08-20
MUNICIPALITY,42000000-0000-0000-0000-000000000584,Guadalajara,INFLUENZA,Influenza,CONFIRMED,1,2026-06-02 00:00:00,,ACTIVE,COVID19MEXICO,2026-08-24
MUNICIPALITY,42000000-0000-0000-0000-000000000584,Guadalajara,INFLUENZA,Influenza,SUSPECTED,54,2026-06-07 00:00:00,,ACTIVE,COVID19MEXICO,2026-08-24
MUNICIPALITY,42000000-0000-0000-0000-000000000584,Guadalajara,MEASLES,Measles,CONFIRMED,38,2026-06-03 00:00:00,,ACTIVE,EFES_ABIERTO,2026-08-18
MUNICIPALITY,42000000-0000-0000-0000-000000000584,Guadalajara,MEASLES,Measles,SUSPECTED,266,2026-08-18 00:00:00,,ACTIVE,EFES_ABIERTO,2026-08-18
MUNICIPALITY,42000000-0000-0000-0000-000000000584,Guadalajara,RUBELLA,Rubella,SUSPECTED,266,2026-08-18 00:00:00,,ACTIVE,EFES_ABIERTO,2026-08-18
MUNICIPALITY,42000000-0000-0000-0000-000000000990,Guadalupe,COVID-19,COVID-19,CONFIRMED,19,2026-06-04 00:00:00,,ACTIVE,COVID19MEXICO,2026-08-24
MUNICIPALITY,42000000-0000-0000-0000-000000002437,Guadalupe,COVID-19,COVID-19,CONFIRMED,6,2026-07-05 00:00:00,,ACTIVE,COVID19MEXICO,2026-08-24
MUNICIPALITY,42000000-0000-0000-0000-000000000990,Guadalupe,COVID-19,COVID-19,SUSPECTED,110,2026-06-01 00:00:00,,ACTIVE,COVID19MEXICO,2026-08-24
MUNICIPALITY,42000000-0000-0000-0000-000000001651,Guadalupe,COVID-19,COVID-19,SUSPECTED,1,2026-08-15 00:00:00,,ACTIVE,COVID19MEXICO,2026-08-24
MUNICIPALITY,42000000-0000-0000-0000-000000002437,Guadalupe,COVID-19,COVID-19,SUSPECTED,36,2026-06-01 00:00:00,,ACTIVE,COVID19MEXICO,2026-08-24
MUNICIPALITY,42000000-0000-0000-0000-000000000990,Guadalupe,INFLUENZA,Influenza,SUSPECTED,110,2026-06-01 00:00:00,,ACTIVE,COVID19MEXICO,2026-08-24
MUNICIPALITY,42000000-0000-0000-0000-000000001651,Guadalupe,INFLUENZA,Influenza,SUSPECTED,1,2026-08-15 00:00:00,,ACTIVE,COVID19MEXICO,2026-08-24
MUNICIPALITY,42000000-0000-0000-0000-000000002437,Guadalupe,INFLUENZA,Influenza,SUSPECTED,36,2026-06-01 00:00:00,,ACTIVE,COVID19MEXICO,2026-08-24
MUNICIPALITY,42000000-0000-0000-0000-000000000990,Guadalupe,MEASLES,Measles,CONFIRMED,2,2026-06-09 00:00:00,,ACTIVE,EFES_ABIERTO,2026-08-18
MUNICIPALITY,42000000-0000-0000-0000-000000002437,Guadalupe,MEASLES,Measles,CONFIRMED,1,2026-06-22 00:00:00,,ACTIVE,EFES_ABIERTO,2026-08-18
MUNICIPALITY,42000000-0000-0000-0000-000000000990,Guadalupe,MEASLES,Measles,SUSPECTED,7,2026-08-18 00:00:00,,ACTIVE,EFES_ABIERTO,2026-08-18
MUNICIPALITY,42000000-0000-0000-0000-000000002437,Guadalupe,MEASLES,Measles,SUSPECTED,4,2026-08-18 00:00:00,,ACTIVE,EFES_ABIERTO,2026-08-18
MUNICIPALITY,42000000-0000-0000-0000-000000000990,Guadalupe,RUBELLA,Rubella,SUSPECTED,7,2026-08-18 00:00:00,,ACTIVE,EFES_ABIERTO,2026-08-18
MUNICIPALITY,42000000-0000-0000-0000-000000002437,Guadalupe,RUBELLA,Rubella,SUSPECTED,4,2026-08-18 00:00:00,,ACTIVE,EFES_ABIERTO,2026-08-18
MUNICIPALITY,42000000-0000-0000-0000-000000001048,Guadalupe Etla,COVID-19,COVID-19,SUSPECTED,1,2026-06-30 00:00:00,,ACTIVE,COVID19MEXICO,2026-08-24
MUNICIPALITY,42000000-0000-0000-0000-000000001048,Guadalupe Etla,INFLUENZA,Influenza,SUSPECTED,1,2026-06-30 00:00:00,,ACTIVE,COVID19MEXICO,2026-08-24
MUNICIPALITY,42000000-0000-0000-0000-000000000299,Guadalupe Victoria,MEASLES,Measles,SUSPECTED,3,2026-08-18 00:00:00,,ACTIVE,EFES_ABIERTO,2026-08-18
MUNICIPALITY,42000000-0000-0000-0000-000000000299,Guadalupe Victoria,RUBELLA,Rubella,SUSPECTED,3,2026-08-18 00:00:00,,ACTIVE,EFES_ABIERTO,2026-08-18
MUNICIPALITY,42000000-0000-0000-0000-000000000300,Guanacevi,MEASLES,Measles,SUSPECTED,1,2026-08-18 00:00:00,,ACTIVE,EFES_ABIERTO,2026-08-18
MUNICIPALITY,42000000-0000-0000-0000-000000000300,Guanacevi,RUBELLA,Rubella,SUSPECTED,1,2026-08-18 00:00:00,,ACTIVE,EFES_ABIERTO,2026-08-18
MUNICIPALITY,42000000-0000-0000-0000-000000000345,Guanajuato,COVID-19,COVID-19,CONFIRMED,5,2026-06-20 00:00:00,,ACTIVE,COVID19MEXICO,2026-08-24
MUNICIPALITY,42000000-0000-0000-0000-000000000345,Guanajuato,COVID-19,COVID-19,SUSPECTED,8,2026-06-18 00:00:00,,ACTIVE,COVID19MEXICO,2026-08-24
MUNICIPALITY,42000000-0000-0000-0000-000000000345,Guanajuato,INFLUENZA,Influenza,SUSPECTED,8,2026-06-18 00:00:00,,ACTIVE,COVID19MEXICO,2026-08-24
MUNICIPALITY,42000000-0000-0000-0000-000000001901,Guasave,COVID-19,COVID-19,CONFIRMED,4,2026-07-25 00:00:00,,ACTIVE,COVID19MEXICO,2026-08-24
MUNICIPALITY,42000000-0000-0000-0000-000000001901,Guasave,COVID-19,COVID-19,SUSPECTED,22,2026-06-02 00:00:00,,ACTIVE,COVID19MEXICO,2026-08-24
MUNICIPALITY,42000000-0000-0000-0000-000000001901,Guasave,INFLUENZA,Influenza,CONFIRMED,1,2026-06-21 00:00:00,,ACTIVE,COVID19MEXICO,2026-08-24
MUNICIPALITY,42000000-0000-0000-0000-000000001901,Guasave,INFLUENZA,Influenza,SUSPECTED,22,2026-06-02 00:00:00,,ACTIVE,COVID19MEXICO,2026-08-24
MUNICIPALITY,42000000-0000-0000-0000-000000001901,Guasave,MEASLES,Measles,SUSPECTED,1,2026-08-18 00:00:00,,ACTIVE,EFES_ABIERTO,2026-08-18
MUNICIPALITY,42000000-0000-0000-0000-000000001901,Guasave,RUBELLA,Rubella,SUSPECTED,1,2026-08-18 00:00:00,,ACTIVE,EFES_ABIERTO,2026-08-18
MUNICIPALITY,42000000-0000-0000-0000-000000001939,Guaymas,COVID-19,COVID-19,CONFIRMED,2,2026-08-07 00:00:00,,ACTIVE,COVID19MEXICO,2026-08-24
MUNICIPALITY,42000000-0000-0000-0000-000000001939,Guaymas,DENGUE,Dengue fever,SUSPECTED,5,2026-06-11 00:00:00,,ACTIVE,DENGUE_ABIERTO,2026-08-20
MUNICIPALITY,42000000-0000-0000-0000-000000001939,Guaymas,MEASLES,Measles,SUSPECTED,2,2026-08-18 00:00:00,,ACTIVE,EFES_ABIERTO,2026-08-18
MUNICIPALITY,42000000-0000-0000-0000-000000001939,Guaymas,RUBELLA,Rubella,SUSPECTED,2,2026-08-18 00:00:00,,ACTIVE,EFES_ABIERTO,2026-08-18
MUNICIPALITY,42000000-0000-0000-0000-000000000238,Guazapares,MEASLES,Measles,SUSPECTED,1,2026-08-18 00:00:00,,ACTIVE,EFES_ABIERTO,2026-08-18
MUNICIPALITY,42000000-0000-0000-0000-000000000238,Guazapares,RUBELLA,Rubella,SUSPECTED,1,2026-08-18 00:00:00,,ACTIVE,EFES_ABIERTO,2026-08-18
MUNICIPALITY,42000000-0000-0000-0000-000000000239,Guerrero,COVID-19,COVID-19,SUSPECTED,1,2026-08-16 00:00:00,,ACTIVE,COVID19MEXICO,2026-08-24
MUNICIPALITY,42000000-0000-0000-0000-000000000239,Guerrero,INFLUENZA,Influenza,SUSPECTED,1,2026-08-16 00:00:00,,ACTIVE,COVID19MEXICO,2026-08-24
MUNICIPALITY,42000000-0000-0000-0000-000000000279,Gustavo A. Madero,COVID-19,COVID-19,CONFIRMED,22,2026-06-04 00:00:00,,ACTIVE,COVID19MEXICO,2026-08-24
MUNICIPALITY,42000000-0000-0000-0000-000000000279,Gustavo A. Madero,COVID-19,COVID-19,SUSPECTED,305,2026-06-01 00:00:00,,ACTIVE,COVID19MEXICO,2026-08-24
MUNICIPALITY,42000000-0000-0000-0000-000000000279,Gustavo A. Madero,INFLUENZA,Influenza,CONFIRMED,3,2026-06-16 00:00:00,,ACTIVE,COVID19MEXICO,2026-08-24
MUNICIPALITY,42000000-0000-0000-0000-000000000279,Gustavo A. Madero,INFLUENZA,Influenza,SUSPECTED,305,2026-06-01 00:00:00,,ACTIVE,COVID19MEXICO,2026-08-24
MUNICIPALITY,42000000-0000-0000-0000-000000000279,Gustavo A. Madero,MEASLES,Measles,CONFIRMED,1,2026-07-25 00:00:00,,ACTIVE,EFES_ABIERTO,2026-08-18
MUNICIPALITY,42000000-0000-0000-0000-000000000279,Gustavo A. Madero,MEASLES,Measles,SUSPECTED,5,2026-08-18 00:00:00,,ACTIVE,EFES_ABIERTO,2026-08-18
MUNICIPALITY,42000000-0000-0000-0000-000000000279,Gustavo A. Madero,RUBELLA,Rubella,SUSPECTED,5,2026-08-18 00:00:00,,ACTIVE,EFES_ABIERTO,2026-08-18
MUNICIPALITY,42000000-0000-0000-0000-000000002347,Halacho,COVID-19,COVID-19,SUSPECTED,2,2026-06-14 00:00:00,,ACTIVE,COVID19MEXICO,2026-08-24
MUNICIPALITY,42000000-0000-0000-0000-000000002347,Halacho,INFLUENZA,Influenza,SUSPECTED,2,2026-06-14 00:00:00,,ACTIVE,COVID19MEXICO,2026-08-24
MUNICIPALITY,42000000-0000-0000-0000-000000000028,Hecelchakan,COVID-19,COVID-19,CONFIRMED,1,2026-08-08 00:00:00,,ACTIVE,COVID19MEXICO,2026-08-24
MUNICIPALITY,42000000-0000-0000-0000-000000000028,Hecelchakan,COVID-19,COVID-19,SUSPECTED,1,2026-08-16 00:00:00,,ACTIVE,COVID19MEXICO,2026-08-24
MUNICIPALITY,42000000-0000-0000-0000-000000000028,Hecelchakan,INFLUENZA,Influenza,SUSPECTED,1,2026-08-16 00:00:00,,ACTIVE,COVID19MEXICO,2026-08-24
MUNICIPALITY,42000000-0000-0000-0000-000000001940,Hermosillo,COVID-19,COVID-19,CONFIRMED,13,2026-08-02 00:00:00,,ACTIVE,COVID19MEXICO,2026-08-24
MUNICIPALITY,42000000-0000-0000-0000-000000001940,Hermosillo,COVID-19,COVID-19,SUSPECTED,116,2026-06-01 00:00:00,,ACTIVE,COVID19MEXICO,2026-08-24
MUNICIPALITY,42000000-0000-0000-0000-000000001940,Hermosillo,DENGUE,Dengue fever,SUSPECTED,4,2026-06-06 00:00:00,,ACTIVE,DENGUE_ABIERTO,2026-08-20
MUNICIPALITY,42000000-0000-0000-0000-000000001940,Hermosillo,INFLUENZA,Influenza,CONFIRMED,3,2026-06-03 00:00:00,,ACTIVE,COVID19MEXICO,2026-08-24
MUNICIPALITY,42000000-0000-0000-0000-000000001940,Hermosillo,INFLUENZA,Influenza,SUSPECTED,116,2026-06-01 00:00:00,,ACTIVE,COVID19MEXICO,2026-08-24
MUNICIPALITY,42000000-0000-0000-0000-000000001940,Hermosillo,MEASLES,Measles,CONFIRMED,11,2026-06-02 00:00:00,,ACTIVE,EFES_ABIERTO,2026-08-18
MUNICIPALITY,42000000-0000-0000-0000-000000001940,Hermosillo,MEASLES,Measles,SUSPECTED,11,2026-08-18 00:00:00,,ACTIVE,EFES_ABIERTO,2026-08-18
MUNICIPALITY,42000000-0000-0000-0000-000000001940,Hermosillo,RUBELLA,Rubella,SUSPECTED,11,2026-08-18 00:00:00,,ACTIVE,EFES_ABIERTO,2026-08-18
MUNICIPALITY,42000000-0000-0000-0000-000000001043,Heroica Ciudad de Ejutla de Crespo,COVID-19,COVID-19,CONFIRMED,1,2026-08-03 00:00:00,,ACTIVE,COVID19MEXICO,2026-08-24
MUNICIPALITY,42000000-0000-0000-0000-000000001043,Heroica Ciudad de Ejutla de Crespo,COVID-19,COVID-19,SUSPECTED,1,2026-08-04 00:00:00,,ACTIVE,COVID19MEXICO,2026-08-24
MUNICIPALITY,42000000-0000-0000-0000-000000001043,Heroica Ciudad de Ejutla de Crespo,INFLUENZA,Influenza,SUSPECTED,1,2026-08-04 00:00:00,,ACTIVE,COVID19MEXICO,2026-08-24
MUNICIPALITY,42000000-0000-0000-0000-000000001054,Heroica Ciudad de Huajuapan de Leon,COVID-19,COVID-19,CONFIRMED,1,2026-07-12 00:00:00,,ACTIVE,COVID19MEXICO,2026-08-24
MUNICIPALITY,42000000-0000-0000-0000-000000001054,Heroica Ciudad de Huajuapan de Leon,COVID-19,COVID-19,SUSPECTED,14,2026-06-07 00:00:00,,ACTIVE,COVID19MEXICO,2026-08-24
MUNICIPALITY,42000000-0000-0000-0000-000000001054,Heroica Ciudad de Huajuapan de Leon,INFLUENZA,Influenza,SUSPECTED,14,2026-06-07 00:00:00,,ACTIVE,COVID19MEXICO,2026-08-24
MUNICIPALITY,42000000-0000-0000-0000-000000001054,Heroica Ciudad de Huajuapan de Leon,MEASLES,Measles,SUSPECTED,1,2026-08-18 00:00:00,,ACTIVE,EFES_ABIERTO,2026-08-18
MUNICIPALITY,42000000-0000-0000-0000-000000001054,Heroica Ciudad de Huajuapan de Leon,RUBELLA,Rubella,SUSPECTED,1,2026-08-18 00:00:00,,ACTIVE,EFES_ABIERTO,2026-08-18
MUNICIPALITY,42000000-0000-0000-0000-000000001058,Heroica Ciudad de Juchitan de Zaragoza,COVID-19,COVID-19,SUSPECTED,3,2026-06-01 00:00:00,,ACTIVE,COVID19MEXICO,2026-08-24
MUNICIPALITY,42000000-0000-0000-0000-000000001058,Heroica Ciudad de Juchitan de Zaragoza,INFLUENZA,Influenza,SUSPECTED,3,2026-06-01 00:00:00,,ACTIVE,COVID19MEXICO,2026-08-24
MUNICIPALITY,42000000-0000-0000-0000-000000001412,Heroica Ciudad de Tlaxiaco,COVID-19,COVID-19,SUSPECTED,21,2026-06-01 00:00:00,,ACTIVE,COVID19MEXICO,2026-08-24
MUNICIPALITY,42000000-0000-0000-0000-000000001412,Heroica Ciudad de Tlaxiaco,INFLUENZA,Influenza,SUSPECTED,21,2026-06-01 00:00:00,,ACTIVE,COVID19MEXICO,2026-08-24
MUNICIPALITY,42000000-0000-0000-0000-000000000829,Hidalgo,COVID-19,COVID-19,SUSPECTED,1,2026-08-13 00:00:00,,ACTIVE,COVID19MEXICO,2026-08-24
MUNICIPALITY,42000000-0000-0000-0000-000000001011,Hidalgo,COVID-19,COVID-19,SUSPECTED,1,2026-07-16 00:00:00,,ACTIVE,COVID19MEXICO,2026-08-24
MUNICIPALITY,42000000-0000-0000-0000-000000000829,Hidalgo,INFLUENZA,Influenza,SUSPECTED,1,2026-08-13 00:00:00,,ACTIVE,COVID19MEXICO,2026-08-24
MUNICIPALITY,42000000-0000-0000-0000-000000001011,Hidalgo,INFLUENZA,Influenza,SUSPECTED,1,2026-07-16 00:00:00,,ACTIVE,COVID19MEXICO,2026-08-24
MUNICIPALITY,42000000-0000-0000-0000-000000000829,Hidalgo,MEASLES,Measles,SUSPECTED,3,2026-08-18 00:00:00,,ACTIVE,EFES_ABIERTO,2026-08-18
MUNICIPALITY,42000000-0000-0000-0000-000000001011,Hidalgo,MEASLES,Measles,SUSPECTED,1,2026-08-18 00:00:00,,ACTIVE,EFES_ABIERTO,2026-08-18
MUNICIPALITY,42000000-0000-0000-0000-000000000829,Hidalgo,RUBELLA,Rubella,SUSPECTED,3,2026-08-18 00:00:00,,ACTIVE,EFES_ABIERTO,2026-08-18
MUNICIPALITY,42000000-0000-0000-0000-000000001011,Hidalgo,RUBELLA,Rubella,SUSPECTED,1,2026-08-18 00:00:00,,ACTIVE,EFES_ABIERTO,2026-08-18
MUNICIPALITY,42000000-0000-0000-0000-000000002349,Hoctun,COVID-19,COVID-19,SUSPECTED,1,2026-08-10 00:00:00,,ACTIVE,COVID19MEXICO,2026-08-24
MUNICIPALITY,42000000-0000-0000-0000-000000002349,Hoctun,DENGUE,Dengue fever,SUSPECTED,1,2026-07-30 00:00:00,,ACTIVE,DENGUE_ABIERTO,2026-08-20
MUNICIPALITY,42000000-0000-0000-0000-000000002349,Hoctun,INFLUENZA,Influenza,SUSPECTED,1,2026-08-10 00:00:00,,ACTIVE,COVID19MEXICO,2026-08-24
MUNICIPALITY,42000000-0000-0000-0000-000000002350,Homun,COVID-19,COVID-19,SUSPECTED,1,2026-08-16 00:00:00,,ACTIVE,COVID19MEXICO,2026-08-24
MUNICIPALITY,42000000-0000-0000-0000-000000002350,Homun,INFLUENZA,Influenza,SUSPECTED,1,2026-08-16 00:00:00,,ACTIVE,COVID19MEXICO,2026-08-24
MUNICIPALITY,42000000-0000-0000-0000-000000000029,Hopelchen,COVID-19,COVID-19,SUSPECTED,4,2026-06-08 00:00:00,,ACTIVE,COVID19MEXICO,2026-08-24
MUNICIPALITY,42000000-0000-0000-0000-000000000029,Hopelchen,INFLUENZA,Influenza,CONFIRMED,1,2026-07-13 00:00:00,,ACTIVE,COVID19MEXICO,2026-08-24
MUNICIPALITY,42000000-0000-0000-0000-000000000029,Hopelchen,INFLUENZA,Influenza,SUSPECTED,4,2026-06-08 00:00:00,,ACTIVE,COVID19MEXICO,2026-08-24
MUNICIPALITY,42000000-0000-0000-0000-000000002055,Huamantla,COVID-19,COVID-19,SUSPECTED,1,2026-08-17 00:00:00,,ACTIVE,COVID19MEXICO,2026-08-24
MUNICIPALITY,42000000-0000-0000-0000-000000002055,Huamantla,INFLUENZA,Influenza,SUSPECTED,1,2026-08-17 00:00:00,,ACTIVE,COVID19MEXICO,2026-08-24
MUNICIPALITY,42000000-0000-0000-0000-000000001654,Huaquechula,COVID-19,COVID-19,SUSPECTED,1,2026-08-15 00:00:00,,ACTIVE,COVID19MEXICO,2026-08-24
MUNICIPALITY,42000000-0000-0000-0000-000000001654,Huaquechula,INFLUENZA,Influenza,CONFIRMED,1,2026-07-12 00:00:00,,ACTIVE,COVID19MEXICO,2026-08-24
MUNICIPALITY,42000000-0000-0000-0000-000000001654,Huaquechula,INFLUENZA,Influenza,SUSPECTED,1,2026-08-15 00:00:00,,ACTIVE,COVID19MEXICO,2026-08-24
MUNICIPALITY,42000000-0000-0000-0000-000000000485,Huasca de Ocampo,COVID-19,COVID-19,CONFIRMED,1,2026-08-05 00:00:00,,ACTIVE,COVID19MEXICO,2026-08-24
MUNICIPALITY,42000000-0000-0000-0000-000000000485,Huasca de Ocampo,COVID-19,COVID-19,SUSPECTED,1,2026-07-27 00:00:00,,ACTIVE,COVID19MEXICO,2026-08-24
MUNICIPALITY,42000000-0000-0000-0000-000000000485,Huasca de Ocampo,INFLUENZA,Influenza,SUSPECTED,1,2026-07-27 00:00:00,,ACTIVE,COVID19MEXICO,2026-08-24
MUNICIPALITY,42000000-0000-0000-0000-000000001943,Huatabampo,COVID-19,COVID-19,SUSPECTED,1,2026-07-03 00:00:00,,ACTIVE,COVID19MEXICO,2026-08-24
MUNICIPALITY,42000000-0000-0000-0000-000000001943,Huatabampo,INFLUENZA,Influenza,SUSPECTED,1,2026-07-03 00:00:00,,ACTIVE,COVID19MEXICO,2026-08-24
MUNICIPALITY,42000000-0000-0000-0000-000000002173,Huatusco,MEASLES,Measles,SUSPECTED,2,2026-08-18 00:00:00,,ACTIVE,EFES_ABIERTO,2026-08-18
MUNICIPALITY,42000000-0000-0000-0000-000000002173,Huatusco,RUBELLA,Rubella,SUSPECTED,2,2026-08-18 00:00:00,,ACTIVE,EFES_ABIERTO,2026-08-18
MUNICIPALITY,42000000-0000-0000-0000-000000001656,Huauchinango,COVID-19,COVID-19,CONFIRMED,8,2026-07-03 00:00:00,,ACTIVE,COVID19MEXICO,2026-08-24
MUNICIPALITY,42000000-0000-0000-0000-000000001656,Huauchinango,COVID-19,COVID-19,SUSPECTED,47,2026-06-10 00:00:00,,ACTIVE,COVID19MEXICO,2026-08-24
MUNICIPALITY,42000000-0000-0000-0000-000000001656,Huauchinango,INFLUENZA,Influenza,CONFIRMED,1,2026-07-23 00:00:00,,ACTIVE,COVID19MEXICO,2026-08-24
MUNICIPALITY,42000000-0000-0000-0000-000000001656,Huauchinango,INFLUENZA,Influenza,SUSPECTED,47,2026-06-10 00:00:00,,ACTIVE,COVID19MEXICO,2026-08-24
MUNICIPALITY,42000000-0000-0000-0000-000000000486,Huautla,COVID-19,COVID-19,CONFIRMED,1,2026-07-03 00:00:00,,ACTIVE,COVID19MEXICO,2026-08-24
MUNICIPALITY,42000000-0000-0000-0000-000000000488,Huehuetla,COVID-19,COVID-19,CONFIRMED,1,2026-08-04 00:00:00,,ACTIVE,COVID19MEXICO,2026-08-24
MUNICIPALITY,42000000-0000-0000-0000-000000000488,Huehuetla,COVID-19,COVID-19,SUSPECTED,5,2026-07-28 00:00:00,,ACTIVE,COVID19MEXICO,2026-08-24
MUNICIPALITY,42000000-0000-0000-0000-000000000488,Huehuetla,DENGUE,Dengue fever,SUSPECTED,1,2026-06-30 00:00:00,,ACTIVE,DENGUE_ABIERTO,2026-08-20
MUNICIPALITY,42000000-0000-0000-0000-000000000488,Huehuetla,INFLUENZA,Influenza,SUSPECTED,5,2026-07-28 00:00:00,,ACTIVE,COVID19MEXICO,2026-08-24
MUNICIPALITY,42000000-0000-0000-0000-000000001657,Huehuetla,MEASLES,Measles,SUSPECTED,1,2026-08-18 00:00:00,,ACTIVE,EFES_ABIERTO,2026-08-18
MUNICIPALITY,42000000-0000-0000-0000-000000001657,Huehuetla,RUBELLA,Rubella,SUSPECTED,1,2026-08-18 00:00:00,,ACTIVE,EFES_ABIERTO,2026-08-18
MUNICIPALITY,42000000-0000-0000-0000-000000001658,Huehuetlan el Chico,COVID-19,COVID-19,SUSPECTED,1,2026-07-09 00:00:00,,ACTIVE,COVID19MEXICO,2026-08-24
MUNICIPALITY,42000000-0000-0000-0000-000000001658,Huehuetlan el Chico,INFLUENZA,Influenza,SUSPECTED,1,2026-07-09 00:00:00,,ACTIVE,COVID19MEXICO,2026-08-24
MUNICIPALITY,42000000-0000-0000-0000-000000000705,Huehuetoca,COVID-19,COVID-19,CONFIRMED,1,2026-08-16 00:00:00,,ACTIVE,COVID19MEXICO,2026-08-24
MUNICIPALITY,42000000-0000-0000-0000-000000000705,Huehuetoca,COVID-19,COVID-19,SUSPECTED,2,2026-07-05 00:00:00,,ACTIVE,COVID19MEXICO,2026-08-24
MUNICIPALITY,42000000-0000-0000-0000-000000000705,Huehuetoca,INFLUENZA,Influenza,SUSPECTED,2,2026-07-05 00:00:00,,ACTIVE,COVID19MEXICO,2026-08-24
MUNICIPALITY,42000000-0000-0000-0000-000000000705,Huehuetoca,MEASLES,Measles,CONFIRMED,1,2026-06-12 00:00:00,,ACTIVE,EFES_ABIERTO,2026-08-18
MUNICIPALITY,42000000-0000-0000-0000-000000000705,Huehuetoca,MEASLES,Measles,SUSPECTED,1,2026-08-18 00:00:00,,ACTIVE,EFES_ABIERTO,2026-08-18
MUNICIPALITY,42000000-0000-0000-0000-000000000705,Huehuetoca,RUBELLA,Rubella,SUSPECTED,1,2026-08-18 00:00:00,,ACTIVE,EFES_ABIERTO,2026-08-18
MUNICIPALITY,42000000-0000-0000-0000-000000001659,Huejotzingo,COVID-19,COVID-19,SUSPECTED,8,2026-06-09 00:00:00,,ACTIVE,COVID19MEXICO,2026-08-24
MUNICIPALITY,42000000-0000-0000-0000-000000001659,Huejotzingo,INFLUENZA,Influenza,SUSPECTED,8,2026-06-09 00:00:00,,ACTIVE,COVID19MEXICO,2026-08-24
MUNICIPALITY,42000000-0000-0000-0000-000000000489,Huejutla de Reyes,COVID-19,COVID-19,CONFIRMED,2,2026-07-25 00:00:00,,ACTIVE,COVID19MEXICO,2026-08-24
MUNICIPALITY,42000000-0000-0000-0000-000000000489,Huejutla de Reyes,COVID-19,COVID-19,SUSPECTED,22,2026-06-06 00:00:00,,ACTIVE,COVID19MEXICO,2026-08-24
MUNICIPALITY,42000000-0000-0000-0000-000000000489,Huejutla de Reyes,INFLUENZA,Influenza,CONFIRMED,3,2026-06-04 00:00:00,,ACTIVE,COVID19MEXICO,2026-08-24
MUNICIPALITY,42000000-0000-0000-0000-000000000489,Huejutla de Reyes,INFLUENZA,Influenza,SUSPECTED,22,2026-06-06 00:00:00,,ACTIVE,COVID19MEXICO,2026-08-24
MUNICIPALITY,42000000-0000-0000-0000-000000000833,Huetamo,COVID-19,COVID-19,CONFIRMED,1,2026-07-10 00:00:00,,ACTIVE,COVID19MEXICO,2026-08-24
MUNICIPALITY,42000000-0000-0000-0000-000000002175,Hueyapan de Ocampo,COVID-19,COVID-19,SUSPECTED,1,2026-08-01 00:00:00,,ACTIVE,COVID19MEXICO,2026-08-24
MUNICIPALITY,42000000-0000-0000-0000-000000002175,Hueyapan de Ocampo,INFLUENZA,Influenza,SUSPECTED,1,2026-08-01 00:00:00,,ACTIVE,COVID19MEXICO,2026-08-24
MUNICIPALITY,42000000-0000-0000-0000-000000002056,Hueyotlipan,COVID-19,COVID-19,SUSPECTED,1,2026-07-20 00:00:00,,ACTIVE,COVID19MEXICO,2026-08-24
MUNICIPALITY,42000000-0000-0000-0000-000000002056,Hueyotlipan,INFLUENZA,Influenza,SUSPECTED,1,2026-07-20 00:00:00,,ACTIVE,COVID19MEXICO,2026-08-24
MUNICIPALITY,42000000-0000-0000-0000-000000000706,Hueypoxtla,COVID-19,COVID-19,CONFIRMED,1,2026-08-10 00:00:00,,ACTIVE,COVID19MEXICO,2026-08-24
MUNICIPALITY,42000000-0000-0000-0000-000000000706,Hueypoxtla,COVID-19,COVID-19,SUSPECTED,2,2026-06-10 00:00:00,,ACTIVE,COVID19MEXICO,2026-08-24
MUNICIPALITY,42000000-0000-0000-0000-000000000706,Hueypoxtla,INFLUENZA,Influenza,SUSPECTED,2,2026-06-10 00:00:00,,ACTIVE,COVID19MEXICO,2026-08-24
MUNICIPALITY,42000000-0000-0000-0000-000000001661,Hueytamalco,COVID-19,COVID-19,SUSPECTED,2,2026-07-28 00:00:00,,ACTIVE,COVID19MEXICO,2026-08-24
MUNICIPALITY,42000000-0000-0000-0000-000000001661,Hueytamalco,INFLUENZA,Influenza,SUSPECTED,2,2026-07-28 00:00:00,,ACTIVE,COVID19MEXICO,2026-08-24
MUNICIPALITY,42000000-0000-0000-0000-000000001990,Huimanguillo,COVID-19,COVID-19,SUSPECTED,4,2026-06-18 00:00:00,,ACTIVE,COVID19MEXICO,2026-08-24
MUNICIPALITY,42000000-0000-0000-0000-000000001990,Huimanguillo,INFLUENZA,Influenza,CONFIRMED,2,2026-06-12 00:00:00,,ACTIVE,COVID19MEXICO,2026-08-24
MUNICIPALITY,42000000-0000-0000-0000-000000001990,Huimanguillo,INFLUENZA,Influenza,SUSPECTED,4,2026-06-18 00:00:00,,ACTIVE,COVID19MEXICO,2026-08-24
MUNICIPALITY,42000000-0000-0000-0000-000000001990,Huimanguillo,MEASLES,Measles,CONFIRMED,2,2026-06-01 00:00:00,,ACTIVE,EFES_ABIERTO,2026-08-18
MUNICIPALITY,42000000-0000-0000-0000-000000001990,Huimanguillo,MEASLES,Measles,SUSPECTED,1,2026-08-18 00:00:00,,ACTIVE,EFES_ABIERTO,2026-08-18
MUNICIPALITY,42000000-0000-0000-0000-000000001990,Huimanguillo,RUBELLA,Rubella,SUSPECTED,1,2026-08-18 00:00:00,,ACTIVE,EFES_ABIERTO,2026-08-18
MUNICIPALITY,42000000-0000-0000-0000-000000000834,Huiramba,COVID-19,COVID-19,SUSPECTED,1,2026-07-03 00:00:00,,ACTIVE,COVID19MEXICO,2026-08-24
MUNICIPALITY,42000000-0000-0000-0000-000000000834,Huiramba,INFLUENZA,Influenza,SUSPECTED,1,2026-07-03 00:00:00,,ACTIVE,COVID19MEXICO,2026-08-24
MUNICIPALITY,42000000-0000-0000-0000-000000000917,Huitzilac,COVID-19,COVID-19,CONFIRMED,11,2026-07-08 00:00:00,,ACTIVE,COVID19MEXICO,2026-08-24
MUNICIPALITY,42000000-0000-0000-0000-000000000917,Huitzilac,COVID-19,COVID-19,SUSPECTED,3,2026-07-16 00:00:00,,ACTIVE,COVID19MEXICO,2026-08-24
MUNICIPALITY,42000000-0000-0000-0000-000000000917,Huitzilac,INFLUENZA,Influenza,SUSPECTED,3,2026-07-16 00:00:00,,ACTIVE,COVID19MEXICO,2026-08-24
MUNICIPALITY,42000000-0000-0000-0000-000000000917,Huitzilac,MEASLES,Measles,SUSPECTED,1,2026-08-18 00:00:00,,ACTIVE,EFES_ABIERTO,2026-08-18
MUNICIPALITY,42000000-0000-0000-0000-000000000917,Huitzilac,RUBELLA,Rubella,SUSPECTED,1,2026-08-18 00:00:00,,ACTIVE,EFES_ABIERTO,2026-08-18
MUNICIPALITY,42000000-0000-0000-0000-000000000410,Huitzuco de los Figueroa,COVID-19,COVID-19,SUSPECTED,1,2026-06-13 00:00:00,,ACTIVE,COVID19MEXICO,2026-08-24
MUNICIPALITY,42000000-0000-0000-0000-000000000410,Huitzuco de los Figueroa,INFLUENZA,Influenza,SUSPECTED,1,2026-06-13 00:00:00,,ACTIVE,COVID19MEXICO,2026-08-24
MUNICIPALITY,42000000-0000-0000-0000-000000000707,Huixquilucan,COVID-19,COVID-19,CONFIRMED,3,2026-06-21 00:00:00,,ACTIVE,COVID19MEXICO,2026-08-24
MUNICIPALITY,42000000-0000-0000-0000-000000000707,Huixquilucan,COVID-19,COVID-19,SUSPECTED,4,2026-06-25 00:00:00,,ACTIVE,COVID19MEXICO,2026-08-24
MUNICIPALITY,42000000-0000-0000-0000-000000000707,Huixquilucan,INFLUENZA,Influenza,SUSPECTED,4,2026-06-25 00:00:00,,ACTIVE,COVID19MEXICO,2026-08-24
MUNICIPALITY,42000000-0000-0000-0000-000000000707,Huixquilucan,MEASLES,Measles,SUSPECTED,3,2026-08-18 00:00:00,,ACTIVE,EFES_ABIERTO,2026-08-18
MUNICIPALITY,42000000-0000-0000-0000-000000000707,Huixquilucan,RUBELLA,Rubella,SUSPECTED,3,2026-08-18 00:00:00,,ACTIVE,EFES_ABIERTO,2026-08-18
MUNICIPALITY,42000000-0000-0000-0000-000000000124,Huixtla,COVID-19,COVID-19,CONFIRMED,1,2026-07-18 00:00:00,,ACTIVE,COVID19MEXICO,2026-08-24
MUNICIPALITY,42000000-0000-0000-0000-000000002177,Ignacio de la Llave,COVID-19,COVID-19,SUSPECTED,1,2026-07-10 00:00:00,,ACTIVE,COVID19MEXICO,2026-08-24
MUNICIPALITY,42000000-0000-0000-0000-000000002177,Ignacio de la Llave,INFLUENZA,Influenza,SUSPECTED,1,2026-07-10 00:00:00,,ACTIVE,COVID19MEXICO,2026-08-24
MUNICIPALITY,42000000-0000-0000-0000-000000000411,Iguala de la Independencia,COVID-19,COVID-19,SUSPECTED,11,2026-06-13 00:00:00,,ACTIVE,COVID19MEXICO,2026-08-24
MUNICIPALITY,42000000-0000-0000-0000-000000000411,Iguala de la Independencia,INFLUENZA,Influenza,CONFIRMED,1,2026-08-12 00:00:00,,ACTIVE,COVID19MEXICO,2026-08-24
MUNICIPALITY,42000000-0000-0000-0000-000000000411,Iguala de la Independencia,INFLUENZA,Influenza,SUSPECTED,11,2026-06-13 00:00:00,,ACTIVE,COVID19MEXICO,2026-08-24
MUNICIPALITY,42000000-0000-0000-0000-000000000411,Iguala de la Independencia,MEASLES,Measles,SUSPECTED,4,2026-08-18 00:00:00,,ACTIVE,EFES_ABIERTO,2026-08-18
MUNICIPALITY,42000000-0000-0000-0000-000000000411,Iguala de la Independencia,RUBELLA,Rubella,SUSPECTED,4,2026-08-18 00:00:00,,ACTIVE,EFES_ABIERTO,2026-08-18
MUNICIPALITY,42000000-0000-0000-0000-000000000347,Irapuato,COVID-19,COVID-19,CONFIRMED,9,2026-07-06 00:00:00,,ACTIVE,COVID19MEXICO,2026-08-24
MUNICIPALITY,42000000-0000-0000-0000-000000000347,Irapuato,COVID-19,COVID-19,SUSPECTED,186,2026-06-01 00:00:00,,ACTIVE,COVID19MEXICO,2026-08-24
MUNICIPALITY,42000000-0000-0000-0000-000000000347,Irapuato,INFLUENZA,Influenza,SUSPECTED,186,2026-06-01 00:00:00,,ACTIVE,COVID19MEXICO,2026-08-24
MUNICIPALITY,42000000-0000-0000-0000-000000000347,Irapuato,MEASLES,Measles,SUSPECTED,2,2026-08-18 00:00:00,,ACTIVE,EFES_ABIERTO,2026-08-18
MUNICIPALITY,42000000-0000-0000-0000-000000000347,Irapuato,RUBELLA,Rubella,SUSPECTED,2,2026-08-18 00:00:00,,ACTIVE,EFES_ABIERTO,2026-08-18
MUNICIPALITY,42000000-0000-0000-0000-000000000708,Isidro Fabela,COVID-19,COVID-19,SUSPECTED,1,2026-07-24 00:00:00,,ACTIVE,COVID19MEXICO,2026-08-24
MUNICIPALITY,42000000-0000-0000-0000-000000000708,Isidro Fabela,INFLUENZA,Influenza,SUSPECTED,1,2026-07-24 00:00:00,,ACTIVE,COVID19MEXICO,2026-08-24
MUNICIPALITY,42000000-0000-0000-0000-000000002179,Isla,COVID-19,COVID-19,SUSPECTED,1,2026-06-30 00:00:00,,ACTIVE,COVID19MEXICO,2026-08-24
MUNICIPALITY,42000000-0000-0000-0000-000000002179,Isla,INFLUENZA,Influenza,SUSPECTED,1,2026-06-30 00:00:00,,ACTIVE,COVID19MEXICO,2026-08-24
MUNICIPALITY,42000000-0000-0000-0000-000000001823,Isla Mujeres,COVID-19,COVID-19,SUSPECTED,15,2026-06-07 00:00:00,,ACTIVE,COVID19MEXICO,2026-08-24
MUNICIPALITY,42000000-0000-0000-0000-000000001823,Isla Mujeres,INFLUENZA,Influenza,SUSPECTED,15,2026-06-07 00:00:00,,ACTIVE,COVID19MEXICO,2026-08-24
MUNICIPALITY,42000000-0000-0000-0000-000000001823,Isla Mujeres,MEASLES,Measles,SUSPECTED,1,2026-08-18 00:00:00,,ACTIVE,EFES_ABIERTO,2026-08-18
MUNICIPALITY,42000000-0000-0000-0000-000000001823,Isla Mujeres,RUBELLA,Rubella,SUSPECTED,1,2026-08-18 00:00:00,,ACTIVE,EFES_ABIERTO,2026-08-18
MUNICIPALITY,42000000-0000-0000-0000-000000001667,Ixcaquixtla,COVID-19,COVID-19,CONFIRMED,1,2026-07-11 00:00:00,,ACTIVE,COVID19MEXICO,2026-08-24
MUNICIPALITY,42000000-0000-0000-0000-000000000413,Ixcateopan de Cuauhtemoc,COVID-19,COVID-19,SUSPECTED,1,2026-08-02 00:00:00,,ACTIVE,COVID19MEXICO,2026-08-24
MUNICIPALITY,42000000-0000-0000-0000-000000000413,Ixcateopan de Cuauhtemoc,INFLUENZA,Influenza,SUSPECTED,1,2026-08-02 00:00:00,,ACTIVE,COVID19MEXICO,2026-08-24
MUNICIPALITY,42000000-0000-0000-0000-000000002180,Ixcatepec,COVID-19,COVID-19,SUSPECTED,1,2026-08-16 00:00:00,,ACTIVE,COVID19MEXICO,2026-08-24
MUNICIPALITY,42000000-0000-0000-0000-000000002180,Ixcatepec,INFLUENZA,Influenza,SUSPECTED,1,2026-08-16 00:00:00,,ACTIVE,COVID19MEXICO,2026-08-24
MUNICIPALITY,42000000-0000-0000-0000-000000002183,Ixhuatlancillo,COVID-19,COVID-19,SUSPECTED,2,2026-06-22 00:00:00,,ACTIVE,COVID19MEXICO,2026-08-24
MUNICIPALITY,42000000-0000-0000-0000-000000002183,Ixhuatlancillo,INFLUENZA,Influenza,SUSPECTED,2,2026-06-22 00:00:00,,ACTIVE,COVID19MEXICO,2026-08-24
MUNICIPALITY,42000000-0000-0000-0000-000000000491,Ixmiquilpan,COVID-19,COVID-19,CONFIRMED,1,2026-06-10 00:00:00,,ACTIVE,COVID19MEXICO,2026-08-24
MUNICIPALITY,42000000-0000-0000-0000-000000000491,Ixmiquilpan,COVID-19,COVID-19,SUSPECTED,3,2026-06-02 00:00:00,,ACTIVE,COVID19MEXICO,2026-08-24
MUNICIPALITY,42000000-0000-0000-0000-000000000491,Ixmiquilpan,INFLUENZA,Influenza,CONFIRMED,1,2026-08-06 00:00:00,,ACTIVE,COVID19MEXICO,2026-08-24
MUNICIPALITY,42000000-0000-0000-0000-000000000491,Ixmiquilpan,INFLUENZA,Influenza,SUSPECTED,3,2026-06-02 00:00:00,,ACTIVE,COVID19MEXICO,2026-08-24
MUNICIPALITY,42000000-0000-0000-0000-000000001668,Ixtacamaxtitlan,COVID-19,COVID-19,SUSPECTED,1,2026-08-17 00:00:00,,ACTIVE,COVID19MEXICO,2026-08-24
MUNICIPALITY,42000000-0000-0000-0000-000000001668,Ixtacamaxtitlan,INFLUENZA,Influenza,SUSPECTED,1,2026-08-17 00:00:00,,ACTIVE,COVID19MEXICO,2026-08-24
MUNICIPALITY,42000000-0000-0000-0000-000000000127,Ixtacomitan,DENGUE,Dengue fever,SUSPECTED,1,2026-07-05 00:00:00,,ACTIVE,DENGUE_ABIERTO,2026-08-20
MUNICIPALITY,42000000-0000-0000-0000-000000002057,Ixtacuixtla de Mariano Matamoros,COVID-19,COVID-19,CONFIRMED,3,2026-07-13 00:00:00,,ACTIVE,COVID19MEXICO,2026-08-24
MUNICIPALITY,42000000-0000-0000-0000-000000002057,Ixtacuixtla de Mariano Matamoros,COVID-19,COVID-19,SUSPECTED,38,2026-06-02 00:00:00,,ACTIVE,COVID19MEXICO,2026-08-24
MUNICIPALITY,42000000-0000-0000-0000-000000002057,Ixtacuixtla de Mariano Matamoros,INFLUENZA,Influenza,SUSPECTED,38,2026-06-02 00:00:00,,ACTIVE,COVID19MEXICO,2026-08-24
MUNICIPALITY,42000000-0000-0000-0000-000000002187,Ixtaczoquitlan,MEASLES,Measles,SUSPECTED,3,2026-08-18 00:00:00,,ACTIVE,EFES_ABIERTO,2026-08-18
MUNICIPALITY,42000000-0000-0000-0000-000000002187,Ixtaczoquitlan,RUBELLA,Rubella,SUSPECTED,3,2026-08-18 00:00:00,,ACTIVE,EFES_ABIERTO,2026-08-18
MUNICIPALITY,42000000-0000-0000-0000-000000000128,Ixtapa,COVID-19,COVID-19,SUSPECTED,1,2026-07-22 00:00:00,,ACTIVE,COVID19MEXICO,2026-08-24
MUNICIPALITY,42000000-0000-0000-0000-000000000128,Ixtapa,INFLUENZA,Influenza,SUSPECTED,1,2026-07-22 00:00:00,,ACTIVE,COVID19MEXICO,2026-08-24
MUNICIPALITY,42000000-0000-0000-0000-000000000709,Ixtapaluca,COVID-19,COVID-19,CONFIRMED,8,2026-06-30 00:00:00,,ACTIVE,COVID19MEXICO,2026-08-24
MUNICIPALITY,42000000-0000-0000-0000-000000000709,Ixtapaluca,COVID-19,COVID-19,SUSPECTED,5,2026-06-11 00:00:00,,ACTIVE,COVID19MEXICO,2026-08-24
MUNICIPALITY,42000000-0000-0000-0000-000000000709,Ixtapaluca,INFLUENZA,Influenza,SUSPECTED,5,2026-06-11 00:00:00,,ACTIVE,COVID19MEXICO,2026-08-24
MUNICIPALITY,42000000-0000-0000-0000-000000000709,Ixtapaluca,MEASLES,Measles,CONFIRMED,1,2026-06-12 00:00:00,,ACTIVE,EFES_ABIERTO,2026-08-18
MUNICIPALITY,42000000-0000-0000-0000-000000000709,Ixtapaluca,MEASLES,Measles,SUSPECTED,9,2026-08-18 00:00:00,,ACTIVE,EFES_ABIERTO,2026-08-18
MUNICIPALITY,42000000-0000-0000-0000-000000000709,Ixtapaluca,RUBELLA,Rubella,SUSPECTED,9,2026-08-18 00:00:00,,ACTIVE,EFES_ABIERTO,2026-08-18
MUNICIPALITY,42000000-0000-0000-0000-000000000710,Ixtapan de la Sal,COVID-19,COVID-19,SUSPECTED,3,2026-06-08 00:00:00,,ACTIVE,COVID19MEXICO,2026-08-24
MUNICIPALITY,42000000-0000-0000-0000-000000000710,Ixtapan de la Sal,INFLUENZA,Influenza,SUSPECTED,3,2026-06-08 00:00:00,,ACTIVE,COVID19MEXICO,2026-08-24
MUNICIPALITY,42000000-0000-0000-0000-000000000712,Ixtlahuaca,COVID-19,COVID-19,CONFIRMED,1,2026-08-06 00:00:00,,ACTIVE,COVID19MEXICO,2026-08-24
MUNICIPALITY,42000000-0000-0000-0000-000000000712,Ixtlahuaca,COVID-19,COVID-19,SUSPECTED,4,2026-06-28 00:00:00,,ACTIVE,COVID19MEXICO,2026-08-24
MUNICIPALITY,42000000-0000-0000-0000-000000000712,Ixtlahuaca,INFLUENZA,Influenza,SUSPECTED,4,2026-06-28 00:00:00,,ACTIVE,COVID19MEXICO,2026-08-24
MUNICIPALITY,42000000-0000-0000-0000-000000000712,Ixtlahuaca,MEASLES,Measles,SUSPECTED,1,2026-08-18 00:00:00,,ACTIVE,EFES_ABIERTO,2026-08-18
MUNICIPALITY,42000000-0000-0000-0000-000000000712,Ixtlahuaca,RUBELLA,Rubella,SUSPECTED,1,2026-08-18 00:00:00,,ACTIVE,EFES_ABIERTO,2026-08-18
MUNICIPALITY,42000000-0000-0000-0000-000000000080,Ixtlahuacan,COVID-19,COVID-19,CONFIRMED,1,2026-07-20 00:00:00,,ACTIVE,COVID19MEXICO,2026-08-24
MUNICIPALITY,42000000-0000-0000-0000-000000000589,Ixtlahuacan de los Membrillos,COVID-19,COVID-19,SUSPECTED,3,2026-07-04 00:00:00,,ACTIVE,COVID19MEXICO,2026-08-24
MUNICIPALITY,42000000-0000-0000-0000-000000000589,Ixtlahuacan de los Membrillos,INFLUENZA,Influenza,SUSPECTED,3,2026-07-04 00:00:00,,ACTIVE,COVID19MEXICO,2026-08-24
MUNICIPALITY,42000000-0000-0000-0000-000000000589,Ixtlahuacan de los Membrillos,MEASLES,Measles,CONFIRMED,6,2026-06-05 00:00:00,,ACTIVE,EFES_ABIERTO,2026-08-18
MUNICIPALITY,42000000-0000-0000-0000-000000000589,Ixtlahuacan de los Membrillos,MEASLES,Measles,SUSPECTED,7,2026-08-18 00:00:00,,ACTIVE,EFES_ABIERTO,2026-08-18
MUNICIPALITY,42000000-0000-0000-0000-000000000589,Ixtlahuacan de los Membrillos,RUBELLA,Rubella,SUSPECTED,7,2026-08-18 00:00:00,,ACTIVE,EFES_ABIERTO,2026-08-18
MUNICIPALITY,42000000-0000-0000-0000-000000000590,Ixtlahuacan del Rio,MEASLES,Measles,SUSPECTED,6,2026-08-18 00:00:00,,ACTIVE,EFES_ABIERTO,2026-08-18
MUNICIPALITY,42000000-0000-0000-0000-000000000590,Ixtlahuacan del Rio,RUBELLA,Rubella,SUSPECTED,6,2026-08-18 00:00:00,,ACTIVE,EFES_ABIERTO,2026-08-18
MUNICIPALITY,42000000-0000-0000-0000-000000000837,Ixtlan,MEASLES,Measles,SUSPECTED,1,2026-08-18 00:00:00,,ACTIVE,EFES_ABIERTO,2026-08-18
MUNICIPALITY,42000000-0000-0000-0000-000000000837,Ixtlan,RUBELLA,Rubella,SUSPECTED,1,2026-08-18 00:00:00,,ACTIVE,EFES_ABIERTO,2026-08-18
MUNICIPALITY,42000000-0000-0000-0000-000000000950,Ixtlan del Rio,COVID-19,COVID-19,SUSPECTED,2,2026-08-18 00:00:00,,ACTIVE,COVID19MEXICO,2026-08-24
MUNICIPALITY,42000000-0000-0000-0000-000000000950,Ixtlan del Rio,INFLUENZA,Influenza,SUSPECTED,2,2026-08-18 00:00:00,,ACTIVE,COVID19MEXICO,2026-08-24
MUNICIPALITY,42000000-0000-0000-0000-000000002354,Izamal,COVID-19,COVID-19,SUSPECTED,11,2026-06-02 00:00:00,,ACTIVE,COVID19MEXICO,2026-08-24
MUNICIPALITY,42000000-0000-0000-0000-000000002354,Izamal,INFLUENZA,Influenza,SUSPECTED,11,2026-06-02 00:00:00,,ACTIVE,COVID19MEXICO,2026-08-24
MUNICIPALITY,42000000-0000-0000-0000-000000002354,Izamal,MEASLES,Measles,SUSPECTED,1,2026-08-18 00:00:00,,ACTIVE,EFES_ABIERTO,2026-08-18
MUNICIPALITY,42000000-0000-0000-0000-000000002354,Izamal,RUBELLA,Rubella,SUSPECTED,1,2026-08-18 00:00:00,,ACTIVE,EFES_ABIERTO,2026-08-18
MUNICIPALITY,42000000-0000-0000-0000-000000000280,Iztacalco,COVID-19,COVID-19,CONFIRMED,27,2026-06-04 00:00:00,,ACTIVE,COVID19MEXICO,2026-08-24
MUNICIPALITY,42000000-0000-0000-0000-000000000280,Iztacalco,COVID-19,COVID-19,SUSPECTED,60,2026-06-01 00:00:00,,ACTIVE,COVID19MEXICO,2026-08-24
MUNICIPALITY,42000000-0000-0000-0000-000000000280,Iztacalco,INFLUENZA,Influenza,SUSPECTED,60,2026-06-01 00:00:00,,ACTIVE,COVID19MEXICO,2026-08-24
MUNICIPALITY,42000000-0000-0000-0000-000000000280,Iztacalco,MEASLES,Measles,SUSPECTED,1,2026-08-18 00:00:00,,ACTIVE,EFES_ABIERTO,2026-08-18
MUNICIPALITY,42000000-0000-0000-0000-000000000280,Iztacalco,RUBELLA,Rubella,SUSPECTED,1,2026-08-18 00:00:00,,ACTIVE,EFES_ABIERTO,2026-08-18
MUNICIPALITY,42000000-0000-0000-0000-000000000281,Iztapalapa,COVID-19,COVID-19,CONFIRMED,75,2026-06-03 00:00:00,,ACTIVE,COVID19MEXICO,2026-08-24
MUNICIPALITY,42000000-0000-0000-0000-000000000281,Iztapalapa,COVID-19,COVID-19,SUSPECTED,113,2026-06-03 00:00:00,,ACTIVE,COVID19MEXICO,2026-08-24
MUNICIPALITY,42000000-0000-0000-0000-000000000281,Iztapalapa,INFLUENZA,Influenza,CONFIRMED,6,2026-07-14 00:00:00,,ACTIVE,COVID19MEXICO,2026-08-24
MUNICIPALITY,42000000-0000-0000-0000-000000000281,Iztapalapa,INFLUENZA,Influenza,SUSPECTED,113,2026-06-03 00:00:00,,ACTIVE,COVID19MEXICO,2026-08-24
MUNICIPALITY,42000000-0000-0000-0000-000000000281,Iztapalapa,MEASLES,Measles,CONFIRMED,24,2026-06-03 00:00:00,,ACTIVE,EFES_ABIERTO,2026-08-18
MUNICIPALITY,42000000-0000-0000-0000-000000000281,Iztapalapa,MEASLES,Measles,SUSPECTED,4,2026-08-18 00:00:00,,ACTIVE,EFES_ABIERTO,2026-08-18
MUNICIPALITY,42000000-0000-0000-0000-000000000281,Iztapalapa,RUBELLA,Rubella,SUSPECTED,4,2026-08-18 00:00:00,,ACTIVE,EFES_ABIERTO,2026-08-18
MUNICIPALITY,42000000-0000-0000-0000-000000001670,Izucar de Matamoros,COVID-19,COVID-19,SUSPECTED,25,2026-06-14 00:00:00,,ACTIVE,COVID19MEXICO,2026-08-24
MUNICIPALITY,42000000-0000-0000-0000-000000001670,Izucar de Matamoros,DENGUE,Dengue fever,SUSPECTED,1,2026-06-16 00:00:00,,ACTIVE,DENGUE_ABIERTO,2026-08-20
MUNICIPALITY,42000000-0000-0000-0000-000000001670,Izucar de Matamoros,INFLUENZA,Influenza,SUSPECTED,25,2026-06-14 00:00:00,,ACTIVE,COVID19MEXICO,2026-08-24
MUNICIPALITY,42000000-0000-0000-0000-000000000838,Jacona,MEASLES,Measles,SUSPECTED,1,2026-08-18 00:00:00,,ACTIVE,EFES_ABIERTO,2026-08-18
MUNICIPALITY,42000000-0000-0000-0000-000000000838,Jacona,RUBELLA,Rubella,SUSPECTED,1,2026-08-18 00:00:00,,ACTIVE,EFES_ABIERTO,2026-08-18
MUNICIPALITY,42000000-0000-0000-0000-000000002188,Jalacingo,COVID-19,COVID-19,SUSPECTED,1,2026-06-26 00:00:00,,ACTIVE,COVID19MEXICO,2026-08-24
MUNICIPALITY,42000000-0000-0000-0000-000000002188,Jalacingo,INFLUENZA,Influenza,SUSPECTED,1,2026-06-26 00:00:00,,ACTIVE,COVID19MEXICO,2026-08-24
MUNICIPALITY,42000000-0000-0000-0000-000000001991,Jalapa,COVID-19,COVID-19,CONFIRMED,1,2026-08-14 00:00:00,,ACTIVE,COVID19MEXICO,2026-08-24
MUNICIPALITY,42000000-0000-0000-0000-000000001991,Jalapa,INFLUENZA,Influenza,CONFIRMED,1,2026-06-10 00:00:00,,ACTIVE,COVID19MEXICO,2026-08-24
MUNICIPALITY,42000000-0000-0000-0000-000000002439,Jalpa,COVID-19,COVID-19,CONFIRMED,1,2026-07-26 00:00:00,,ACTIVE,COVID19MEXICO,2026-08-24
MUNICIPALITY,42000000-0000-0000-0000-000000001992,Jalpa de Mendez,COVID-19,COVID-19,SUSPECTED,1,2026-07-12 00:00:00,,ACTIVE,COVID19MEXICO,2026-08-24
MUNICIPALITY,42000000-0000-0000-0000-000000001992,Jalpa de Mendez,INFLUENZA,Influenza,SUSPECTED,1,2026-07-12 00:00:00,,ACTIVE,COVID19MEXICO,2026-08-24
MUNICIPALITY,42000000-0000-0000-0000-000000001992,Jalpa de Mendez,MEASLES,Measles,SUSPECTED,1,2026-08-18 00:00:00,,ACTIVE,EFES_ABIERTO,2026-08-18
MUNICIPALITY,42000000-0000-0000-0000-000000001992,Jalpa de Mendez,RUBELLA,Rubella,SUSPECTED,1,2026-08-18 00:00:00,,ACTIVE,EFES_ABIERTO,2026-08-18
MUNICIPALITY,42000000-0000-0000-0000-000000001671,Jalpan,COVID-19,COVID-19,SUSPECTED,1,2026-07-15 00:00:00,,ACTIVE,COVID19MEXICO,2026-08-24
MUNICIPALITY,42000000-0000-0000-0000-000000001671,Jalpan,INFLUENZA,Influenza,SUSPECTED,1,2026-07-15 00:00:00,,ACTIVE,COVID19MEXICO,2026-08-24
MUNICIPALITY,42000000-0000-0000-0000-000000000493,Jaltocan,COVID-19,COVID-19,CONFIRMED,5,2026-07-15 00:00:00,,ACTIVE,COVID19MEXICO,2026-08-24
MUNICIPALITY,42000000-0000-0000-0000-000000000493,Jaltocan,COVID-19,COVID-19,SUSPECTED,25,2026-07-08 00:00:00,,ACTIVE,COVID19MEXICO,2026-08-24
MUNICIPALITY,42000000-0000-0000-0000-000000000493,Jaltocan,INFLUENZA,Influenza,CONFIRMED,9,2026-07-11 00:00:00,,ACTIVE,COVID19MEXICO,2026-08-24
MUNICIPALITY,42000000-0000-0000-0000-000000000493,Jaltocan,INFLUENZA,Influenza,SUSPECTED,25,2026-07-08 00:00:00,,ACTIVE,COVID19MEXICO,2026-08-24
MUNICIPALITY,42000000-0000-0000-0000-000000000243,Janos,COVID-19,COVID-19,SUSPECTED,1,2026-07-28 00:00:00,,ACTIVE,COVID19MEXICO,2026-08-24
MUNICIPALITY,42000000-0000-0000-0000-000000000243,Janos,INFLUENZA,Influenza,SUSPECTED,1,2026-07-28 00:00:00,,ACTIVE,COVID19MEXICO,2026-08-24
MUNICIPALITY,42000000-0000-0000-0000-000000000918,Jantetelco,COVID-19,COVID-19,SUSPECTED,2,2026-06-16 00:00:00,,ACTIVE,COVID19MEXICO,2026-08-24
MUNICIPALITY,42000000-0000-0000-0000-000000000918,Jantetelco,INFLUENZA,Influenza,SUSPECTED,2,2026-06-16 00:00:00,,ACTIVE,COVID19MEXICO,2026-08-24
MUNICIPALITY,42000000-0000-0000-0000-000000000348,Jaral del Progreso,COVID-19,COVID-19,SUSPECTED,1,2026-07-21 00:00:00,,ACTIVE,COVID19MEXICO,2026-08-24
MUNICIPALITY,42000000-0000-0000-0000-000000000348,Jaral del Progreso,INFLUENZA,Influenza,SUSPECTED,1,2026-07-21 00:00:00,,ACTIVE,COVID19MEXICO,2026-08-24
MUNICIPALITY,42000000-0000-0000-0000-000000000349,Jerecuaro,DENGUE,Dengue fever,SUSPECTED,1,2026-07-18 00:00:00,,ACTIVE,DENGUE_ABIERTO,2026-08-20
MUNICIPALITY,42000000-0000-0000-0000-000000000349,Jerecuaro,MEASLES,Measles,SUSPECTED,1,2026-08-18 00:00:00,,ACTIVE,EFES_ABIERTO,2026-08-18
MUNICIPALITY,42000000-0000-0000-0000-000000000349,Jerecuaro,RUBELLA,Rubella,SUSPECTED,1,2026-08-18 00:00:00,,ACTIVE,EFES_ABIERTO,2026-08-18
MUNICIPALITY,42000000-0000-0000-0000-000000002440,Jerez,COVID-19,COVID-19,CONFIRMED,3,2026-06-13 00:00:00,,ACTIVE,COVID19MEXICO,2026-08-24
MUNICIPALITY,42000000-0000-0000-0000-000000002440,Jerez,COVID-19,COVID-19,SUSPECTED,1,2026-08-16 00:00:00,,ACTIVE,COVID19MEXICO,2026-08-24
MUNICIPALITY,42000000-0000-0000-0000-000000002440,Jerez,INFLUENZA,Influenza,SUSPECTED,1,2026-08-16 00:00:00,,ACTIVE,COVID19MEXICO,2026-08-24
MUNICIPALITY,42000000-0000-0000-0000-000000002440,Jerez,MEASLES,Measles,SUSPECTED,1,2026-08-18 00:00:00,,ACTIVE,EFES_ABIERTO,2026-08-18
MUNICIPALITY,42000000-0000-0000-0000-000000002440,Jerez,RUBELLA,Rubella,SUSPECTED,1,2026-08-18 00:00:00,,ACTIVE,EFES_ABIERTO,2026-08-18
MUNICIPALITY,42000000-0000-0000-0000-000000000005,Jesus Maria,COVID-19,COVID-19,SUSPECTED,21,2026-06-07 00:00:00,,ACTIVE,COVID19MEXICO,2026-08-24
MUNICIPALITY,42000000-0000-0000-0000-000000000005,Jesus Maria,INFLUENZA,Influenza,SUSPECTED,21,2026-06-07 00:00:00,,ACTIVE,COVID19MEXICO,2026-08-24
MUNICIPALITY,42000000-0000-0000-0000-000000000005,Jesus Maria,MEASLES,Measles,SUSPECTED,2,2026-08-18 00:00:00,,ACTIVE,EFES_ABIERTO,2026-08-18
MUNICIPALITY,42000000-0000-0000-0000-000000000593,Jesus Maria,MEASLES,Measles,SUSPECTED,2,2026-08-18 00:00:00,,ACTIVE,EFES_ABIERTO,2026-08-18
MUNICIPALITY,42000000-0000-0000-0000-000000000005,Jesus Maria,RUBELLA,Rubella,SUSPECTED,2,2026-08-18 00:00:00,,ACTIVE,EFES_ABIERTO,2026-08-18
MUNICIPALITY,42000000-0000-0000-0000-000000000593,Jesus Maria,RUBELLA,Rubella,SUSPECTED,2,2026-08-18 00:00:00,,ACTIVE,EFES_ABIERTO,2026-08-18
MUNICIPALITY,42000000-0000-0000-0000-000000000715,Jilotepec,COVID-19,COVID-19,SUSPECTED,1,2026-06-02 00:00:00,,ACTIVE,COVID19MEXICO,2026-08-24
MUNICIPALITY,42000000-0000-0000-0000-000000002195,Jilotepec,COVID-19,COVID-19,SUSPECTED,1,2026-07-28 00:00:00,,ACTIVE,COVID19MEXICO,2026-08-24
MUNICIPALITY,42000000-0000-0000-0000-000000000715,Jilotepec,INFLUENZA,Influenza,SUSPECTED,1,2026-06-02 00:00:00,,ACTIVE,COVID19MEXICO,2026-08-24
MUNICIPALITY,42000000-0000-0000-0000-000000002195,Jilotepec,INFLUENZA,Influenza,SUSPECTED,1,2026-07-28 00:00:00,,ACTIVE,COVID19MEXICO,2026-08-24
MUNICIPALITY,42000000-0000-0000-0000-000000000716,Jilotzingo,COVID-19,COVID-19,SUSPECTED,2,2026-07-11 00:00:00,,ACTIVE,COVID19MEXICO,2026-08-24
MUNICIPALITY,42000000-0000-0000-0000-000000000716,Jilotzingo,INFLUENZA,Influenza,SUSPECTED,2,2026-07-11 00:00:00,,ACTIVE,COVID19MEXICO,2026-08-24
MUNICIPALITY,42000000-0000-0000-0000-000000000244,Jimenez,COVID-19,COVID-19,CONFIRMED,1,2026-08-04 00:00:00,,ACTIVE,COVID19MEXICO,2026-08-24
MUNICIPALITY,42000000-0000-0000-0000-000000000244,Jimenez,COVID-19,COVID-19,SUSPECTED,2,2026-08-15 00:00:00,,ACTIVE,COVID19MEXICO,2026-08-24
MUNICIPALITY,42000000-0000-0000-0000-000000000244,Jimenez,INFLUENZA,Influenza,SUSPECTED,2,2026-08-15 00:00:00,,ACTIVE,COVID19MEXICO,2026-08-24
MUNICIPALITY,42000000-0000-0000-0000-000000000244,Jimenez,MEASLES,Measles,CONFIRMED,1,2026-07-06 00:00:00,,ACTIVE,EFES_ABIERTO,2026-08-18
MUNICIPALITY,42000000-0000-0000-0000-000000000244,Jimenez,MEASLES,Measles,SUSPECTED,1,2026-08-18 00:00:00,,ACTIVE,EFES_ABIERTO,2026-08-18
MUNICIPALITY,42000000-0000-0000-0000-000000000839,Jimenez,MEASLES,Measles,SUSPECTED,1,2026-08-18 00:00:00,,ACTIVE,EFES_ABIERTO,2026-08-18
MUNICIPALITY,42000000-0000-0000-0000-000000000244,Jimenez,RUBELLA,Rubella,SUSPECTED,1,2026-08-18 00:00:00,,ACTIVE,EFES_ABIERTO,2026-08-18
MUNICIPALITY,42000000-0000-0000-0000-000000000839,Jimenez,RUBELLA,Rubella,SUSPECTED,1,2026-08-18 00:00:00,,ACTIVE,EFES_ABIERTO,2026-08-18
MUNICIPALITY,42000000-0000-0000-0000-000000000840,Jiquilpan,MEASLES,Measles,SUSPECTED,1,2026-08-18 00:00:00,,ACTIVE,EFES_ABIERTO,2026-08-18
MUNICIPALITY,42000000-0000-0000-0000-000000000840,Jiquilpan,RUBELLA,Rubella,SUSPECTED,1,2026-08-18 00:00:00,,ACTIVE,EFES_ABIERTO,2026-08-18
MUNICIPALITY,42000000-0000-0000-0000-000000000130,Jiquipilas,COVID-19,COVID-19,SUSPECTED,1,2026-08-04 00:00:00,,ACTIVE,COVID19MEXICO,2026-08-24
MUNICIPALITY,42000000-0000-0000-0000-000000000130,Jiquipilas,INFLUENZA,Influenza,SUSPECTED,1,2026-08-04 00:00:00,,ACTIVE,COVID19MEXICO,2026-08-24
MUNICIPALITY,42000000-0000-0000-0000-000000000130,Jiquipilas,MEASLES,Measles,SUSPECTED,2,2026-08-18 00:00:00,,ACTIVE,EFES_ABIERTO,2026-08-18
MUNICIPALITY,42000000-0000-0000-0000-000000000130,Jiquipilas,RUBELLA,Rubella,SUSPECTED,2,2026-08-18 00:00:00,,ACTIVE,EFES_ABIERTO,2026-08-18
MUNICIPALITY,42000000-0000-0000-0000-000000000717,Jiquipilco,COVID-19,COVID-19,SUSPECTED,4,2026-06-30 00:00:00,,ACTIVE,COVID19MEXICO,2026-08-24
MUNICIPALITY,42000000-0000-0000-0000-000000000717,Jiquipilco,INFLUENZA,Influenza,SUSPECTED,4,2026-06-30 00:00:00,,ACTIVE,COVID19MEXICO,2026-08-24
MUNICIPALITY,42000000-0000-0000-0000-000000000919,Jiutepec,COVID-19,COVID-19,CONFIRMED,12,2026-07-06 00:00:00,,ACTIVE,COVID19MEXICO,2026-08-24
MUNICIPALITY,42000000-0000-0000-0000-000000000919,Jiutepec,COVID-19,COVID-19,SUSPECTED,7,2026-07-08 00:00:00,,ACTIVE,COVID19MEXICO,2026-08-24
MUNICIPALITY,42000000-0000-0000-0000-000000000919,Jiutepec,INFLUENZA,Influenza,SUSPECTED,7,2026-07-08 00:00:00,,ACTIVE,COVID19MEXICO,2026-08-24
MUNICIPALITY,42000000-0000-0000-0000-000000000919,Jiutepec,MEASLES,Measles,SUSPECTED,2,2026-08-18 00:00:00,,ACTIVE,EFES_ABIERTO,2026-08-18
MUNICIPALITY,42000000-0000-0000-0000-000000000919,Jiutepec,RUBELLA,Rubella,SUSPECTED,2,2026-08-18 00:00:00,,ACTIVE,EFES_ABIERTO,2026-08-18
MUNICIPALITY,42000000-0000-0000-0000-000000000595,Jocotepec,MEASLES,Measles,CONFIRMED,13,2026-06-11 00:00:00,,ACTIVE,EFES_ABIERTO,2026-08-18
MUNICIPALITY,42000000-0000-0000-0000-000000000595,Jocotepec,MEASLES,Measles,SUSPECTED,3,2026-08-18 00:00:00,,ACTIVE,EFES_ABIERTO,2026-08-18
MUNICIPALITY,42000000-0000-0000-0000-000000000595,Jocotepec,RUBELLA,Rubella,SUSPECTED,3,2026-08-18 00:00:00,,ACTIVE,EFES_ABIERTO,2026-08-18
MUNICIPALITY,42000000-0000-0000-0000-000000000718,Jocotitlan,COVID-19,COVID-19,SUSPECTED,4,2026-06-01 00:00:00,,ACTIVE,COVID19MEXICO,2026-08-24
MUNICIPALITY,42000000-0000-0000-0000-000000000718,Jocotitlan,INFLUENZA,Influenza,SUSPECTED,4,2026-06-01 00:00:00,,ACTIVE,COVID19MEXICO,2026-08-24
MUNICIPALITY,42000000-0000-0000-0000-000000000920,Jojutla,COVID-19,COVID-19,CONFIRMED,2,2026-06-25 00:00:00,,ACTIVE,COVID19MEXICO,2026-08-24
MUNICIPALITY,42000000-0000-0000-0000-000000000920,Jojutla,COVID-19,COVID-19,SUSPECTED,4,2026-07-06 00:00:00,,ACTIVE,COVID19MEXICO,2026-08-24
MUNICIPALITY,42000000-0000-0000-0000-000000000920,Jojutla,DENGUE,Dengue fever,SUSPECTED,1,2026-08-04 00:00:00,,ACTIVE,DENGUE_ABIERTO,2026-08-20
MUNICIPALITY,42000000-0000-0000-0000-000000000920,Jojutla,INFLUENZA,Influenza,SUSPECTED,4,2026-07-06 00:00:00,,ACTIVE,COVID19MEXICO,2026-08-24
MUNICIPALITY,42000000-0000-0000-0000-000000000921,Jonacatepec de Leandro Valle,COVID-19,COVID-19,CONFIRMED,1,2026-07-17 00:00:00,,ACTIVE,COVID19MEXICO,2026-08-24
MUNICIPALITY,42000000-0000-0000-0000-000000001673,Jonotla,COVID-19,COVID-19,SUSPECTED,1,2026-06-14 00:00:00,,ACTIVE,COVID19MEXICO,2026-08-24
MUNICIPALITY,42000000-0000-0000-0000-000000001673,Jonotla,INFLUENZA,Influenza,SUSPECTED,1,2026-06-14 00:00:00,,ACTIVE,COVID19MEXICO,2026-08-24
MUNICIPALITY,42000000-0000-0000-0000-000000001993,Jonuta,DENGUE,Dengue fever,SUSPECTED,1,2026-06-04 00:00:00,,ACTIVE,DENGUE_ABIERTO,2026-08-20
MUNICIPALITY,42000000-0000-0000-0000-000000000719,Joquicingo,COVID-19,COVID-19,SUSPECTED,1,2026-07-28 00:00:00,,ACTIVE,COVID19MEXICO,2026-08-24
MUNICIPALITY,42000000-0000-0000-0000-000000000719,Joquicingo,INFLUENZA,Influenza,SUSPECTED,1,2026-07-28 00:00:00,,ACTIVE,COVID19MEXICO,2026-08-24
MUNICIPALITY,42000000-0000-0000-0000-000000001826,Jose Maria Morelos,COVID-19,COVID-19,CONFIRMED,1,2026-07-24 00:00:00,,ACTIVE,COVID19MEXICO,2026-08-24
MUNICIPALITY,42000000-0000-0000-0000-000000001826,Jose Maria Morelos,DENGUE,Dengue fever,SUSPECTED,1,2026-07-03 00:00:00,,ACTIVE,DENGUE_ABIERTO,2026-08-20
MUNICIPALITY,42000000-0000-0000-0000-000000001826,Jose Maria Morelos,INFLUENZA,Influenza,CONFIRMED,3,2026-07-17 00:00:00,,ACTIVE,COVID19MEXICO,2026-08-24
MUNICIPALITY,42000000-0000-0000-0000-000000001675,Juan C. Bonilla,COVID-19,COVID-19,CONFIRMED,1,2026-07-27 00:00:00,,ACTIVE,COVID19MEXICO,2026-08-24
MUNICIPALITY,42000000-0000-0000-0000-000000001675,Juan C. Bonilla,COVID-19,COVID-19,SUSPECTED,3,2026-07-24 00:00:00,,ACTIVE,COVID19MEXICO,2026-08-24
MUNICIPALITY,42000000-0000-0000-0000-000000001675,Juan C. Bonilla,INFLUENZA,Influenza,SUSPECTED,3,2026-07-24 00:00:00,,ACTIVE,COVID19MEXICO,2026-08-24
MUNICIPALITY,42000000-0000-0000-0000-000000001676,Juan Galindo,COVID-19,COVID-19,SUSPECTED,1,2026-07-05 00:00:00,,ACTIVE,COVID19MEXICO,2026-08-24
MUNICIPALITY,42000000-0000-0000-0000-000000001676,Juan Galindo,INFLUENZA,Influenza,SUSPECTED,1,2026-07-05 00:00:00,,ACTIVE,COVID19MEXICO,2026-08-24
MUNICIPALITY,42000000-0000-0000-0000-000000000415,Juan R. Escudero,COVID-19,COVID-19,CONFIRMED,1,2026-08-14 00:00:00,,ACTIVE,COVID19MEXICO,2026-08-24
MUNICIPALITY,42000000-0000-0000-0000-000000000415,Juan R. Escudero,COVID-19,COVID-19,SUSPECTED,4,2026-07-05 00:00:00,,ACTIVE,COVID19MEXICO,2026-08-24
MUNICIPALITY,42000000-0000-0000-0000-000000000415,Juan R. Escudero,INFLUENZA,Influenza,SUSPECTED,4,2026-07-05 00:00:00,,ACTIVE,COVID19MEXICO,2026-08-24
MUNICIPALITY,42000000-0000-0000-0000-000000000596,Juanacatlan,MEASLES,Measles,SUSPECTED,20,2026-08-18 00:00:00,,ACTIVE,EFES_ABIERTO,2026-08-18
MUNICIPALITY,42000000-0000-0000-0000-000000000596,Juanacatlan,RUBELLA,Rubella,SUSPECTED,20,2026-08-18 00:00:00,,ACTIVE,EFES_ABIERTO,2026-08-18
MUNICIPALITY,42000000-0000-0000-0000-000000000245,Juarez,COVID-19,COVID-19,CONFIRMED,2,2026-07-14 00:00:00,,ACTIVE,COVID19MEXICO,2026-08-24
MUNICIPALITY,42000000-0000-0000-0000-000000000995,Juarez,COVID-19,COVID-19,CONFIRMED,6,2026-06-22 00:00:00,,ACTIVE,COVID19MEXICO,2026-08-24
MUNICIPALITY,42000000-0000-0000-0000-000000000132,Juarez,COVID-19,COVID-19,SUSPECTED,1,2026-06-25 00:00:00,,ACTIVE,COVID19MEXICO,2026-08-24
MUNICIPALITY,42000000-0000-0000-0000-000000000245,Juarez,COVID-19,COVID-19,SUSPECTED,6,2026-06-01 00:00:00,,ACTIVE,COVID19MEXICO,2026-08-24
MUNICIPALITY,42000000-0000-0000-0000-000000000995,Juarez,COVID-19,COVID-19,SUSPECTED,15,2026-06-06 00:00:00,,ACTIVE,COVID19MEXICO,2026-08-24
MUNICIPALITY,42000000-0000-0000-0000-000000000132,Juarez,INFLUENZA,Influenza,SUSPECTED,1,2026-06-25 00:00:00,,ACTIVE,COVID19MEXICO,2026-08-24
MUNICIPALITY,42000000-0000-0000-0000-000000000245,Juarez,INFLUENZA,Influenza,SUSPECTED,6,2026-06-01 00:00:00,,ACTIVE,COVID19MEXICO,2026-08-24
MUNICIPALITY,42000000-0000-0000-0000-000000000995,Juarez,INFLUENZA,Influenza,SUSPECTED,15,2026-06-06 00:00:00,,ACTIVE,COVID19MEXICO,2026-08-24
MUNICIPALITY,42000000-0000-0000-0000-000000000245,Juarez,MEASLES,Measles,CONFIRMED,5,2026-06-03 00:00:00,,ACTIVE,EFES_ABIERTO,2026-08-18
MUNICIPALITY,42000000-0000-0000-0000-000000000245,Juarez,MEASLES,Measles,SUSPECTED,5,2026-08-18 00:00:00,,ACTIVE,EFES_ABIERTO,2026-08-18
MUNICIPALITY,42000000-0000-0000-0000-000000000995,Juarez,MEASLES,Measles,SUSPECTED,7,2026-08-18 00:00:00,,ACTIVE,EFES_ABIERTO,2026-08-18
MUNICIPALITY,42000000-0000-0000-0000-000000000245,Juarez,RUBELLA,Rubella,SUSPECTED,5,2026-08-18 00:00:00,,ACTIVE,EFES_ABIERTO,2026-08-18
MUNICIPALITY,42000000-0000-0000-0000-000000000995,Juarez,RUBELLA,Rubella,SUSPECTED,7,2026-08-18 00:00:00,,ACTIVE,EFES_ABIERTO,2026-08-18
MUNICIPALITY,42000000-0000-0000-0000-000000002443,Juchipila,MEASLES,Measles,SUSPECTED,1,2026-08-18 00:00:00,,ACTIVE,EFES_ABIERTO,2026-08-18
MUNICIPALITY,42000000-0000-0000-0000-000000002443,Juchipila,RUBELLA,Rubella,SUSPECTED,1,2026-08-18 00:00:00,,ACTIVE,EFES_ABIERTO,2026-08-18
MUNICIPALITY,42000000-0000-0000-0000-000000000456,Juchitan,COVID-19,COVID-19,SUSPECTED,2,2026-06-04 00:00:00,,ACTIVE,COVID19MEXICO,2026-08-24
MUNICIPALITY,42000000-0000-0000-0000-000000000456,Juchitan,INFLUENZA,Influenza,SUSPECTED,2,2026-06-04 00:00:00,,ACTIVE,COVID19MEXICO,2026-08-24
MUNICIPALITY,42000000-0000-0000-0000-000000000597,Juchitlan,MEASLES,Measles,SUSPECTED,1,2026-08-18 00:00:00,,ACTIVE,EFES_ABIERTO,2026-08-18
MUNICIPALITY,42000000-0000-0000-0000-000000000597,Juchitlan,RUBELLA,Rubella,SUSPECTED,1,2026-08-18 00:00:00,,ACTIVE,EFES_ABIERTO,2026-08-18
MUNICIPALITY,42000000-0000-0000-0000-000000002355,Kanasin,COVID-19,COVID-19,SUSPECTED,26,2026-06-09 00:00:00,,ACTIVE,COVID19MEXICO,2026-08-24
MUNICIPALITY,42000000-0000-0000-0000-000000002355,Kanasin,INFLUENZA,Influenza,CONFIRMED,4,2026-06-07 00:00:00,,ACTIVE,COVID19MEXICO,2026-08-24
MUNICIPALITY,42000000-0000-0000-0000-000000002355,Kanasin,INFLUENZA,Influenza,SUSPECTED,26,2026-06-09 00:00:00,,ACTIVE,COVID19MEXICO,2026-08-24
MUNICIPALITY,42000000-0000-0000-0000-000000002355,Kanasin,MEASLES,Measles,SUSPECTED,3,2026-08-18 00:00:00,,ACTIVE,EFES_ABIERTO,2026-08-18
MUNICIPALITY,42000000-0000-0000-0000-000000002355,Kanasin,RUBELLA,Rubella,SUSPECTED,3,2026-08-18 00:00:00,,ACTIVE,EFES_ABIERTO,2026-08-18
MUNICIPALITY,42000000-0000-0000-0000-000000000563,La Barca,COVID-19,COVID-19,CONFIRMED,2,2026-06-25 00:00:00,,ACTIVE,COVID19MEXICO,2026-08-24
MUNICIPALITY,42000000-0000-0000-0000-000000000563,La Barca,COVID-19,COVID-19,SUSPECTED,2,2026-06-09 00:00:00,,ACTIVE,COVID19MEXICO,2026-08-24
MUNICIPALITY,42000000-0000-0000-0000-000000000563,La Barca,INFLUENZA,Influenza,CONFIRMED,1,2026-07-05 00:00:00,,ACTIVE,COVID19MEXICO,2026-08-24
MUNICIPALITY,42000000-0000-0000-0000-000000000563,La Barca,INFLUENZA,Influenza,SUSPECTED,2,2026-06-09 00:00:00,,ACTIVE,COVID19MEXICO,2026-08-24
MUNICIPALITY,42000000-0000-0000-0000-000000000563,La Barca,MEASLES,Measles,SUSPECTED,1,2026-08-18 00:00:00,,ACTIVE,EFES_ABIERTO,2026-08-18
MUNICIPALITY,42000000-0000-0000-0000-000000000563,La Barca,RUBELLA,Rubella,SUSPECTED,1,2026-08-18 00:00:00,,ACTIVE,EFES_ABIERTO,2026-08-18
MUNICIPALITY,42000000-0000-0000-0000-000000000104,La Concordia,MEASLES,Measles,SUSPECTED,2,2026-08-18 00:00:00,,ACTIVE,EFES_ABIERTO,2026-08-18
MUNICIPALITY,42000000-0000-0000-0000-000000000104,La Concordia,RUBELLA,Rubella,SUSPECTED,2,2026-08-18 00:00:00,,ACTIVE,EFES_ABIERTO,2026-08-18
MUNICIPALITY,42000000-0000-0000-0000-000000000830,La Huacana,COVID-19,COVID-19,SUSPECTED,1,2026-07-10 00:00:00,,ACTIVE,COVID19MEXICO,2026-08-24
MUNICIPALITY,42000000-0000-0000-0000-000000000830,La Huacana,INFLUENZA,Influenza,SUSPECTED,1,2026-07-10 00:00:00,,ACTIVE,COVID19MEXICO,2026-08-24
MUNICIPALITY,42000000-0000-0000-0000-000000000588,La Huerta,MEASLES,Measles,SUSPECTED,2,2026-08-18 00:00:00,,ACTIVE,EFES_ABIERTO,2026-08-18
MUNICIPALITY,42000000-0000-0000-0000-000000000588,La Huerta,RUBELLA,Rubella,SUSPECTED,2,2026-08-18 00:00:00,,ACTIVE,EFES_ABIERTO,2026-08-18
MUNICIPALITY,42000000-0000-0000-0000-000000000125,La Independencia,MEASLES,Measles,SUSPECTED,1,2026-08-18 00:00:00,,ACTIVE,EFES_ABIERTO,2026-08-18
MUNICIPALITY,42000000-0000-0000-0000-000000000125,La Independencia,RUBELLA,Rubella,SUSPECTED,1,2026-08-18 00:00:00,,ACTIVE,EFES_ABIERTO,2026-08-18
MUNICIPALITY,42000000-0000-0000-0000-000000000282,La Magdalena Contreras,COVID-19,COVID-19,CONFIRMED,21,2026-06-17 00:00:00,,ACTIVE,COVID19MEXICO,2026-08-24
MUNICIPALITY,42000000-0000-0000-0000-000000000282,La Magdalena Contreras,COVID-19,COVID-19,SUSPECTED,31,2026-06-03 00:00:00,,ACTIVE,COVID19MEXICO,2026-08-24
MUNICIPALITY,42000000-0000-0000-0000-000000000282,La Magdalena Contreras,INFLUENZA,Influenza,SUSPECTED,31,2026-06-03 00:00:00,,ACTIVE,COVID19MEXICO,2026-08-24
MUNICIPALITY,42000000-0000-0000-0000-000000000282,La Magdalena Contreras,MEASLES,Measles,CONFIRMED,1,2026-08-14 00:00:00,,ACTIVE,EFES_ABIERTO,2026-08-18
MUNICIPALITY,42000000-0000-0000-0000-000000000282,La Magdalena Contreras,MEASLES,Measles,SUSPECTED,1,2026-08-18 00:00:00,,ACTIVE,EFES_ABIERTO,2026-08-18
MUNICIPALITY,42000000-0000-0000-0000-000000000282,La Magdalena Contreras,RUBELLA,Rubella,SUSPECTED,1,2026-08-18 00:00:00,,ACTIVE,EFES_ABIERTO,2026-08-18
MUNICIPALITY,42000000-0000-0000-0000-000000000602,La Manzanilla de la Paz,COVID-19,COVID-19,SUSPECTED,1,2026-07-07 00:00:00,,ACTIVE,COVID19MEXICO,2026-08-24
MUNICIPALITY,42000000-0000-0000-0000-000000000602,La Manzanilla de la Paz,INFLUENZA,Influenza,SUSPECTED,1,2026-07-07 00:00:00,,ACTIVE,COVID19MEXICO,2026-08-24
MUNICIPALITY,42000000-0000-0000-0000-000000000021,La Paz,COVID-19,COVID-19,CONFIRMED,3,2026-07-12 00:00:00,,ACTIVE,COVID19MEXICO,2026-08-24
MUNICIPALITY,42000000-0000-0000-0000-000000000740,La Paz,COVID-19,COVID-19,CONFIRMED,1,2026-08-10 00:00:00,,ACTIVE,COVID19MEXICO,2026-08-24
MUNICIPALITY,42000000-0000-0000-0000-000000000021,La Paz,COVID-19,COVID-19,SUSPECTED,86,2026-06-01 00:00:00,,ACTIVE,COVID19MEXICO,2026-08-24
MUNICIPALITY,42000000-0000-0000-0000-000000000740,La Paz,COVID-19,COVID-19,SUSPECTED,2,2026-07-06 00:00:00,,ACTIVE,COVID19MEXICO,2026-08-24
MUNICIPALITY,42000000-0000-0000-0000-000000000021,La Paz,INFLUENZA,Influenza,CONFIRMED,1,2026-06-16 00:00:00,,ACTIVE,COVID19MEXICO,2026-08-24
MUNICIPALITY,42000000-0000-0000-0000-000000000021,La Paz,INFLUENZA,Influenza,SUSPECTED,86,2026-06-01 00:00:00,,ACTIVE,COVID19MEXICO,2026-08-24
MUNICIPALITY,42000000-0000-0000-0000-000000000740,La Paz,INFLUENZA,Influenza,SUSPECTED,2,2026-07-06 00:00:00,,ACTIVE,COVID19MEXICO,2026-08-24
MUNICIPALITY,42000000-0000-0000-0000-000000000021,La Paz,MEASLES,Measles,SUSPECTED,2,2026-08-18 00:00:00,,ACTIVE,EFES_ABIERTO,2026-08-18
MUNICIPALITY,42000000-0000-0000-0000-000000000740,La Paz,MEASLES,Measles,SUSPECTED,7,2026-08-18 00:00:00,,ACTIVE,EFES_ABIERTO,2026-08-18
MUNICIPALITY,42000000-0000-0000-0000-000000000021,La Paz,RUBELLA,Rubella,SUSPECTED,2,2026-08-18 00:00:00,,ACTIVE,EFES_ABIERTO,2026-08-18
MUNICIPALITY,42000000-0000-0000-0000-000000000740,La Paz,RUBELLA,Rubella,SUSPECTED,7,2026-08-18 00:00:00,,ACTIVE,EFES_ABIERTO,2026-08-18
MUNICIPALITY,42000000-0000-0000-0000-000000002229,La Perla,COVID-19,COVID-19,SUSPECTED,1,2026-07-25 00:00:00,,ACTIVE,COVID19MEXICO,2026-08-24
MUNICIPALITY,42000000-0000-0000-0000-000000002229,La Perla,INFLUENZA,Influenza,SUSPECTED,1,2026-07-25 00:00:00,,ACTIVE,COVID19MEXICO,2026-08-24
MUNICIPALITY,42000000-0000-0000-0000-000000000864,La Piedad,MEASLES,Measles,SUSPECTED,7,2026-08-18 00:00:00,,ACTIVE,EFES_ABIERTO,2026-08-18
MUNICIPALITY,42000000-0000-0000-0000-000000000864,La Piedad,RUBELLA,Rubella,SUSPECTED,7,2026-08-18 00:00:00,,ACTIVE,EFES_ABIERTO,2026-08-18
MUNICIPALITY,42000000-0000-0000-0000-000000000182,La Trinitaria,COVID-19,COVID-19,CONFIRMED,1,2026-08-08 00:00:00,,ACTIVE,COVID19MEXICO,2026-08-24
MUNICIPALITY,42000000-0000-0000-0000-000000000598,Lagos de Moreno,COVID-19,COVID-19,CONFIRMED,1,2026-07-01 00:00:00,,ACTIVE,COVID19MEXICO,2026-08-24
MUNICIPALITY,42000000-0000-0000-0000-000000000598,Lagos de Moreno,COVID-19,COVID-19,SUSPECTED,1,2026-06-07 00:00:00,,ACTIVE,COVID19MEXICO,2026-08-24
MUNICIPALITY,42000000-0000-0000-0000-000000000598,Lagos de Moreno,INFLUENZA,Influenza,SUSPECTED,1,2026-06-07 00:00:00,,ACTIVE,COVID19MEXICO,2026-08-24
MUNICIPALITY,42000000-0000-0000-0000-000000000598,Lagos de Moreno,MEASLES,Measles,SUSPECTED,4,2026-08-18 00:00:00,,ACTIVE,EFES_ABIERTO,2026-08-18
MUNICIPALITY,42000000-0000-0000-0000-000000000598,Lagos de Moreno,RUBELLA,Rubella,SUSPECTED,4,2026-08-18 00:00:00,,ACTIVE,EFES_ABIERTO,2026-08-18
MUNICIPALITY,42000000-0000-0000-0000-000000002163,Las Choapas,COVID-19,COVID-19,SUSPECTED,3,2026-07-14 00:00:00,,ACTIVE,COVID19MEXICO,2026-08-24
MUNICIPALITY,42000000-0000-0000-0000-000000002163,Las Choapas,INFLUENZA,Influenza,SUSPECTED,3,2026-07-14 00:00:00,,ACTIVE,COVID19MEXICO,2026-08-24
MUNICIPALITY,42000000-0000-0000-0000-000000002163,Las Choapas,MEASLES,Measles,CONFIRMED,2,2026-06-12 00:00:00,,ACTIVE,EFES_ABIERTO,2026-08-18
MUNICIPALITY,42000000-0000-0000-0000-000000000136,Las Margaritas,COVID-19,COVID-19,CONFIRMED,2,2026-07-13 00:00:00,,ACTIVE,COVID19MEXICO,2026-08-24
MUNICIPALITY,42000000-0000-0000-0000-000000000136,Las Margaritas,COVID-19,COVID-19,SUSPECTED,1,2026-07-19 00:00:00,,ACTIVE,COVID19MEXICO,2026-08-24
MUNICIPALITY,42000000-0000-0000-0000-000000000136,Las Margaritas,INFLUENZA,Influenza,CONFIRMED,1,2026-08-09 00:00:00,,ACTIVE,COVID19MEXICO,2026-08-24
MUNICIPALITY,42000000-0000-0000-0000-000000000136,Las Margaritas,INFLUENZA,Influenza,SUSPECTED,1,2026-07-19 00:00:00,,ACTIVE,COVID19MEXICO,2026-08-24
MUNICIPALITY,42000000-0000-0000-0000-000000000136,Las Margaritas,MEASLES,Measles,CONFIRMED,1,2026-07-04 00:00:00,,ACTIVE,EFES_ABIERTO,2026-08-18
MUNICIPALITY,42000000-0000-0000-0000-000000000136,Las Margaritas,MEASLES,Measles,SUSPECTED,5,2026-08-18 00:00:00,,ACTIVE,EFES_ABIERTO,2026-08-18
MUNICIPALITY,42000000-0000-0000-0000-000000000136,Las Margaritas,RUBELLA,Rubella,SUSPECTED,5,2026-08-18 00:00:00,,ACTIVE,EFES_ABIERTO,2026-08-18
MUNICIPALITY,42000000-0000-0000-0000-000000000159,Las Rosas,MEASLES,Measles,SUSPECTED,2,2026-08-18 00:00:00,,ACTIVE,EFES_ABIERTO,2026-08-18
MUNICIPALITY,42000000-0000-0000-0000-000000000159,Las Rosas,RUBELLA,Rubella,SUSPECTED,2,2026-08-18 00:00:00,,ACTIVE,EFES_ABIERTO,2026-08-18
MUNICIPALITY,42000000-0000-0000-0000-000000002234,Las Vigas de Ramirez,COVID-19,COVID-19,SUSPECTED,1,2026-07-20 00:00:00,,ACTIVE,COVID19MEXICO,2026-08-24
MUNICIPALITY,42000000-0000-0000-0000-000000002234,Las Vigas de Ramirez,INFLUENZA,Influenza,SUSPECTED,1,2026-07-20 00:00:00,,ACTIVE,COVID19MEXICO,2026-08-24
MUNICIPALITY,42000000-0000-0000-0000-000000002234,Las Vigas de Ramirez,MEASLES,Measles,CONFIRMED,1,2026-08-11 00:00:00,,ACTIVE,EFES_ABIERTO,2026-08-18
MUNICIPALITY,42000000-0000-0000-0000-000000000847,Lazaro Cardenas,COVID-19,COVID-19,CONFIRMED,2,2026-07-17 00:00:00,,ACTIVE,COVID19MEXICO,2026-08-24
MUNICIPALITY,42000000-0000-0000-0000-000000000847,Lazaro Cardenas,COVID-19,COVID-19,SUSPECTED,8,2026-06-17 00:00:00,,ACTIVE,COVID19MEXICO,2026-08-24
MUNICIPALITY,42000000-0000-0000-0000-000000001827,Lazaro Cardenas,COVID-19,COVID-19,SUSPECTED,24,2026-06-01 00:00:00,,ACTIVE,COVID19MEXICO,2026-08-24
MUNICIPALITY,42000000-0000-0000-0000-000000000847,Lazaro Cardenas,INFLUENZA,Influenza,SUSPECTED,8,2026-06-17 00:00:00,,ACTIVE,COVID19MEXICO,2026-08-24
MUNICIPALITY,42000000-0000-0000-0000-000000001827,Lazaro Cardenas,INFLUENZA,Influenza,SUSPECTED,24,2026-06-01 00:00:00,,ACTIVE,COVID19MEXICO,2026-08-24
MUNICIPALITY,42000000-0000-0000-0000-000000000847,Lazaro Cardenas,MEASLES,Measles,SUSPECTED,23,2026-08-18 00:00:00,,ACTIVE,EFES_ABIERTO,2026-08-18
MUNICIPALITY,42000000-0000-0000-0000-000000000847,Lazaro Cardenas,RUBELLA,Rubella,SUSPECTED,23,2026-08-18 00:00:00,,ACTIVE,EFES_ABIERTO,2026-08-18
MUNICIPALITY,42000000-0000-0000-0000-000000000350,Leon,COVID-19,COVID-19,CONFIRMED,11,2026-06-24 00:00:00,,ACTIVE,COVID19MEXICO,2026-08-24
MUNICIPALITY,42000000-0000-0000-0000-000000000350,Leon,COVID-19,COVID-19,SUSPECTED,46,2026-06-02 00:00:00,,ACTIVE,COVID19MEXICO,2026-08-24
MUNICIPALITY,42000000-0000-0000-0000-000000000350,Leon,INFLUENZA,Influenza,SUSPECTED,46,2026-06-02 00:00:00,,ACTIVE,COVID19MEXICO,2026-08-24
MUNICIPALITY,42000000-0000-0000-0000-000000000350,Leon,MEASLES,Measles,SUSPECTED,4,2026-08-18 00:00:00,,ACTIVE,EFES_ABIERTO,2026-08-18
MUNICIPALITY,42000000-0000-0000-0000-000000000350,Leon,RUBELLA,Rubella,SUSPECTED,4,2026-08-18 00:00:00,,ACTIVE,EFES_ABIERTO,2026-08-18
MUNICIPALITY,42000000-0000-0000-0000-000000000416,Leonardo Bravo,COVID-19,COVID-19,SUSPECTED,6,2026-06-03 00:00:00,,ACTIVE,COVID19MEXICO,2026-08-24
MUNICIPALITY,42000000-0000-0000-0000-000000000416,Leonardo Bravo,INFLUENZA,Influenza,SUSPECTED,6,2026-06-03 00:00:00,,ACTIVE,COVID19MEXICO,2026-08-24
MUNICIPALITY,42000000-0000-0000-0000-000000000303,Lerdo,COVID-19,COVID-19,SUSPECTED,8,2026-07-05 00:00:00,,ACTIVE,COVID19MEXICO,2026-08-24
MUNICIPALITY,42000000-0000-0000-0000-000000000303,Lerdo,INFLUENZA,Influenza,SUSPECTED,8,2026-07-05 00:00:00,,ACTIVE,COVID19MEXICO,2026-08-24
MUNICIPALITY,42000000-0000-0000-0000-000000000721,Lerma,COVID-19,COVID-19,SUSPECTED,2,2026-06-24 00:00:00,,ACTIVE,COVID19MEXICO,2026-08-24
MUNICIPALITY,42000000-0000-0000-0000-000000000721,Lerma,INFLUENZA,Influenza,SUSPECTED,2,2026-06-24 00:00:00,,ACTIVE,COVID19MEXICO,2026-08-24
MUNICIPALITY,42000000-0000-0000-0000-000000000721,Lerma,MEASLES,Measles,SUSPECTED,2,2026-08-18 00:00:00,,ACTIVE,EFES_ABIERTO,2026-08-18
MUNICIPALITY,42000000-0000-0000-0000-000000000721,Lerma,RUBELLA,Rubella,SUSPECTED,2,2026-08-18 00:00:00,,ACTIVE,EFES_ABIERTO,2026-08-18
MUNICIPALITY,42000000-0000-0000-0000-000000001679,Libres,COVID-19,COVID-19,CONFIRMED,1,2026-07-12 00:00:00,,ACTIVE,COVID19MEXICO,2026-08-24
MUNICIPALITY,42000000-0000-0000-0000-000000001679,Libres,COVID-19,COVID-19,SUSPECTED,14,2026-06-02 00:00:00,,ACTIVE,COVID19MEXICO,2026-08-24
MUNICIPALITY,42000000-0000-0000-0000-000000001679,Libres,INFLUENZA,Influenza,SUSPECTED,14,2026-06-02 00:00:00,,ACTIVE,COVID19MEXICO,2026-08-24
MUNICIPALITY,42000000-0000-0000-0000-000000000997,Linares,COVID-19,COVID-19,CONFIRMED,7,2026-06-27 00:00:00,,ACTIVE,COVID19MEXICO,2026-08-24
MUNICIPALITY,42000000-0000-0000-0000-000000000997,Linares,COVID-19,COVID-19,SUSPECTED,16,2026-07-06 00:00:00,,ACTIVE,COVID19MEXICO,2026-08-24
MUNICIPALITY,42000000-0000-0000-0000-000000000997,Linares,INFLUENZA,Influenza,SUSPECTED,16,2026-07-06 00:00:00,,ACTIVE,COVID19MEXICO,2026-08-24
MUNICIPALITY,42000000-0000-0000-0000-000000000495,Lolotla,COVID-19,COVID-19,CONFIRMED,2,2026-07-22 00:00:00,,ACTIVE,COVID19MEXICO,2026-08-24
MUNICIPALITY,42000000-0000-0000-0000-000000001059,Loma Bonita,COVID-19,COVID-19,SUSPECTED,1,2026-07-13 00:00:00,,ACTIVE,COVID19MEXICO,2026-08-24
MUNICIPALITY,42000000-0000-0000-0000-000000001059,Loma Bonita,INFLUENZA,Influenza,SUSPECTED,1,2026-07-13 00:00:00,,ACTIVE,COVID19MEXICO,2026-08-24
MUNICIPALITY,42000000-0000-0000-0000-000000000023,Loreto,COVID-19,COVID-19,SUSPECTED,2,2026-06-01 00:00:00,,ACTIVE,COVID19MEXICO,2026-08-24
MUNICIPALITY,42000000-0000-0000-0000-000000000023,Loreto,INFLUENZA,Influenza,SUSPECTED,2,2026-06-01 00:00:00,,ACTIVE,COVID19MEXICO,2026-08-24
MUNICIPALITY,42000000-0000-0000-0000-000000000022,Los Cabos,COVID-19,COVID-19,SUSPECTED,74,2026-06-01 00:00:00,,ACTIVE,COVID19MEXICO,2026-08-24
MUNICIPALITY,42000000-0000-0000-0000-000000000022,Los Cabos,DENGUE,Dengue fever,SUSPECTED,2,2026-07-14 00:00:00,,ACTIVE,DENGUE_ABIERTO,2026-08-20
MUNICIPALITY,42000000-0000-0000-0000-000000000022,Los Cabos,INFLUENZA,Influenza,CONFIRMED,1,2026-06-11 00:00:00,,ACTIVE,COVID19MEXICO,2026-08-24
MUNICIPALITY,42000000-0000-0000-0000-000000000022,Los Cabos,INFLUENZA,Influenza,SUSPECTED,74,2026-06-01 00:00:00,,ACTIVE,COVID19MEXICO,2026-08-24
MUNICIPALITY,42000000-0000-0000-0000-000000000022,Los Cabos,MEASLES,Measles,SUSPECTED,1,2026-08-18 00:00:00,,ACTIVE,EFES_ABIERTO,2026-08-18
MUNICIPALITY,42000000-0000-0000-0000-000000000022,Los Cabos,RUBELLA,Rubella,SUSPECTED,1,2026-08-18 00:00:00,,ACTIVE,EFES_ABIERTO,2026-08-18
MUNICIPALITY,42000000-0000-0000-0000-000000000870,Los Reyes,MEASLES,Measles,SUSPECTED,3,2026-08-18 00:00:00,,ACTIVE,EFES_ABIERTO,2026-08-18
MUNICIPALITY,42000000-0000-0000-0000-000000000870,Los Reyes,RUBELLA,Rubella,SUSPECTED,3,2026-08-18 00:00:00,,ACTIVE,EFES_ABIERTO,2026-08-18
MUNICIPALITY,42000000-0000-0000-0000-000000002445,Luis Moya,COVID-19,COVID-19,SUSPECTED,1,2026-07-09 00:00:00,,ACTIVE,COVID19MEXICO,2026-08-24
MUNICIPALITY,42000000-0000-0000-0000-000000002445,Luis Moya,INFLUENZA,Influenza,SUSPECTED,1,2026-07-09 00:00:00,,ACTIVE,COVID19MEXICO,2026-08-24
MUNICIPALITY,42000000-0000-0000-0000-000000000793,Luvianos,COVID-19,COVID-19,SUSPECTED,5,2026-07-06 00:00:00,,ACTIVE,COVID19MEXICO,2026-08-24
MUNICIPALITY,42000000-0000-0000-0000-000000000793,Luvianos,INFLUENZA,Influenza,SUSPECTED,5,2026-07-06 00:00:00,,ACTIVE,COVID19MEXICO,2026-08-24
MUNICIPALITY,42000000-0000-0000-0000-000000001994,Macuspana,COVID-19,COVID-19,CONFIRMED,5,2026-06-03 00:00:00,,ACTIVE,COVID19MEXICO,2026-08-24
MUNICIPALITY,42000000-0000-0000-0000-000000001994,Macuspana,INFLUENZA,Influenza,CONFIRMED,2,2026-06-07 00:00:00,,ACTIVE,COVID19MEXICO,2026-08-24
MUNICIPALITY,42000000-0000-0000-0000-000000001994,Macuspana,MEASLES,Measles,CONFIRMED,8,2026-07-23 00:00:00,,ACTIVE,EFES_ABIERTO,2026-08-18
MUNICIPALITY,42000000-0000-0000-0000-000000001994,Macuspana,MEASLES,Measles,SUSPECTED,4,2026-08-18 00:00:00,,ACTIVE,EFES_ABIERTO,2026-08-18
MUNICIPALITY,42000000-0000-0000-0000-000000001994,Macuspana,RUBELLA,Rubella,SUSPECTED,4,2026-08-18 00:00:00,,ACTIVE,EFES_ABIERTO,2026-08-18
MUNICIPALITY,42000000-0000-0000-0000-000000000844,Madero,MEASLES,Measles,SUSPECTED,1,2026-08-18 00:00:00,,ACTIVE,EFES_ABIERTO,2026-08-18
MUNICIPALITY,42000000-0000-0000-0000-000000000844,Madero,RUBELLA,Rubella,SUSPECTED,1,2026-08-18 00:00:00,,ACTIVE,EFES_ABIERTO,2026-08-18
MUNICIPALITY,42000000-0000-0000-0000-000000001946,Magdalena,MEASLES,Measles,CONFIRMED,1,2026-07-20 00:00:00,,ACTIVE,EFES_ABIERTO,2026-08-18
MUNICIPALITY,42000000-0000-0000-0000-000000000600,Magdalena,MEASLES,Measles,SUSPECTED,3,2026-08-18 00:00:00,,ACTIVE,EFES_ABIERTO,2026-08-18
MUNICIPALITY,42000000-0000-0000-0000-000000001946,Magdalena,MEASLES,Measles,SUSPECTED,1,2026-08-18 00:00:00,,ACTIVE,EFES_ABIERTO,2026-08-18
MUNICIPALITY,42000000-0000-0000-0000-000000000600,Magdalena,RUBELLA,Rubella,SUSPECTED,3,2026-08-18 00:00:00,,ACTIVE,EFES_ABIERTO,2026-08-18
MUNICIPALITY,42000000-0000-0000-0000-000000001946,Magdalena,RUBELLA,Rubella,SUSPECTED,1,2026-08-18 00:00:00,,ACTIVE,EFES_ABIERTO,2026-08-18
MUNICIPALITY,42000000-0000-0000-0000-000000001060,Magdalena Apazco,COVID-19,COVID-19,SUSPECTED,2,2026-06-13 00:00:00,,ACTIVE,COVID19MEXICO,2026-08-24
MUNICIPALITY,42000000-0000-0000-0000-000000001060,Magdalena Apazco,INFLUENZA,Influenza,SUSPECTED,2,2026-06-13 00:00:00,,ACTIVE,COVID19MEXICO,2026-08-24
MUNICIPALITY,42000000-0000-0000-0000-000000000722,Malinalco,COVID-19,COVID-19,SUSPECTED,1,2026-06-02 00:00:00,,ACTIVE,COVID19MEXICO,2026-08-24
MUNICIPALITY,42000000-0000-0000-0000-000000000722,Malinalco,INFLUENZA,Influenza,SUSPECTED,1,2026-06-02 00:00:00,,ACTIVE,COVID19MEXICO,2026-08-24
MUNICIPALITY,42000000-0000-0000-0000-000000000417,Malinaltepec,COVID-19,COVID-19,SUSPECTED,2,2026-06-08 00:00:00,,ACTIVE,COVID19MEXICO,2026-08-24
MUNICIPALITY,42000000-0000-0000-0000-000000000417,Malinaltepec,INFLUENZA,Influenza,SUSPECTED,2,2026-06-08 00:00:00,,ACTIVE,COVID19MEXICO,2026-08-24
MUNICIPALITY,42000000-0000-0000-0000-000000002201,Maltrata,MEASLES,Measles,SUSPECTED,1,2026-08-18 00:00:00,,ACTIVE,EFES_ABIERTO,2026-08-18
MUNICIPALITY,42000000-0000-0000-0000-000000002201,Maltrata,RUBELLA,Rubella,SUSPECTED,1,2026-08-18 00:00:00,,ACTIVE,EFES_ABIERTO,2026-08-18
MUNICIPALITY,42000000-0000-0000-0000-000000000338,Manuel Doblado,MEASLES,Measles,SUSPECTED,1,2026-08-18 00:00:00,,ACTIVE,EFES_ABIERTO,2026-08-18
MUNICIPALITY,42000000-0000-0000-0000-000000000338,Manuel Doblado,RUBELLA,Rubella,SUSPECTED,1,2026-08-18 00:00:00,,ACTIVE,EFES_ABIERTO,2026-08-18
MUNICIPALITY,42000000-0000-0000-0000-000000000081,Manzanillo,COVID-19,COVID-19,SUSPECTED,7,2026-06-07 00:00:00,,ACTIVE,COVID19MEXICO,2026-08-24
MUNICIPALITY,42000000-0000-0000-0000-000000000081,Manzanillo,INFLUENZA,Influenza,SUSPECTED,7,2026-06-07 00:00:00,,ACTIVE,COVID19MEXICO,2026-08-24
MUNICIPALITY,42000000-0000-0000-0000-000000000081,Manzanillo,MEASLES,Measles,SUSPECTED,2,2026-08-18 00:00:00,,ACTIVE,EFES_ABIERTO,2026-08-18
MUNICIPALITY,42000000-0000-0000-0000-000000000081,Manzanillo,RUBELLA,Rubella,SUSPECTED,2,2026-08-18 00:00:00,,ACTIVE,EFES_ABIERTO,2026-08-18
MUNICIPALITY,42000000-0000-0000-0000-000000000845,Maravatio,COVID-19,COVID-19,CONFIRMED,1,2026-08-01 00:00:00,,ACTIVE,COVID19MEXICO,2026-08-24
MUNICIPALITY,42000000-0000-0000-0000-000000000845,Maravatio,COVID-19,COVID-19,SUSPECTED,2,2026-07-15 00:00:00,,ACTIVE,COVID19MEXICO,2026-08-24
MUNICIPALITY,42000000-0000-0000-0000-000000000845,Maravatio,INFLUENZA,Influenza,SUSPECTED,2,2026-07-15 00:00:00,,ACTIVE,COVID19MEXICO,2026-08-24
MUNICIPALITY,42000000-0000-0000-0000-000000000998,Marin,COVID-19,COVID-19,SUSPECTED,1,2026-08-18 00:00:00,,ACTIVE,COVID19MEXICO,2026-08-24
MUNICIPALITY,42000000-0000-0000-0000-000000000998,Marin,INFLUENZA,Influenza,SUSPECTED,1,2026-08-18 00:00:00,,ACTIVE,COVID19MEXICO,2026-08-24
MUNICIPALITY,42000000-0000-0000-0000-000000000418,Martir de Cuilapan,COVID-19,COVID-19,SUSPECTED,3,2026-06-19 00:00:00,,ACTIVE,COVID19MEXICO,2026-08-24
MUNICIPALITY,42000000-0000-0000-0000-000000000418,Martir de Cuilapan,INFLUENZA,Influenza,SUSPECTED,3,2026-06-19 00:00:00,,ACTIVE,COVID19MEXICO,2026-08-24
MUNICIPALITY,42000000-0000-0000-0000-000000002021,Matamoros,COVID-19,COVID-19,SUSPECTED,2,2026-06-15 00:00:00,,ACTIVE,COVID19MEXICO,2026-08-24
MUNICIPALITY,42000000-0000-0000-0000-000000002021,Matamoros,DENGUE,Dengue fever,SUSPECTED,1,2026-06-02 00:00:00,,ACTIVE,DENGUE_ABIERTO,2026-08-20
MUNICIPALITY,42000000-0000-0000-0000-000000002021,Matamoros,INFLUENZA,Influenza,SUSPECTED,2,2026-06-15 00:00:00,,ACTIVE,COVID19MEXICO,2026-08-24
MUNICIPALITY,42000000-0000-0000-0000-000000000053,Matamoros,MEASLES,Measles,SUSPECTED,1,2026-08-18 00:00:00,,ACTIVE,EFES_ABIERTO,2026-08-18
MUNICIPALITY,42000000-0000-0000-0000-000000000053,Matamoros,RUBELLA,Rubella,SUSPECTED,1,2026-08-18 00:00:00,,ACTIVE,EFES_ABIERTO,2026-08-18
MUNICIPALITY,42000000-0000-0000-0000-000000002362,Maxcanu,COVID-19,COVID-19,SUSPECTED,3,2026-07-22 00:00:00,,ACTIVE,COVID19MEXICO,2026-08-24
MUNICIPALITY,42000000-0000-0000-0000-000000002362,Maxcanu,INFLUENZA,Influenza,CONFIRMED,1,2026-06-15 00:00:00,,ACTIVE,COVID19MEXICO,2026-08-24
MUNICIPALITY,42000000-0000-0000-0000-000000002362,Maxcanu,INFLUENZA,Influenza,SUSPECTED,3,2026-07-22 00:00:00,,ACTIVE,COVID19MEXICO,2026-08-24
MUNICIPALITY,42000000-0000-0000-0000-000000002363,Mayapan,INFLUENZA,Influenza,CONFIRMED,1,2026-06-02 00:00:00,,ACTIVE,COVID19MEXICO,2026-08-24
MUNICIPALITY,42000000-0000-0000-0000-000000000604,Mazamitla,COVID-19,COVID-19,SUSPECTED,1,2026-07-05 00:00:00,,ACTIVE,COVID19MEXICO,2026-08-24
MUNICIPALITY,42000000-0000-0000-0000-000000000604,Mazamitla,INFLUENZA,Influenza,CONFIRMED,1,2026-07-21 00:00:00,,ACTIVE,COVID19MEXICO,2026-08-24
MUNICIPALITY,42000000-0000-0000-0000-000000000604,Mazamitla,INFLUENZA,Influenza,SUSPECTED,1,2026-07-05 00:00:00,,ACTIVE,COVID19MEXICO,2026-08-24
MUNICIPALITY,42000000-0000-0000-0000-000000000604,Mazamitla,MEASLES,Measles,SUSPECTED,3,2026-08-18 00:00:00,,ACTIVE,EFES_ABIERTO,2026-08-18
MUNICIPALITY,42000000-0000-0000-0000-000000000604,Mazamitla,RUBELLA,Rubella,SUSPECTED,3,2026-08-18 00:00:00,,ACTIVE,EFES_ABIERTO,2026-08-18
MUNICIPALITY,42000000-0000-0000-0000-000000000137,Mazapa de Madero,MEASLES,Measles,CONFIRMED,1,2026-07-02 00:00:00,,ACTIVE,EFES_ABIERTO,2026-08-18
MUNICIPALITY,42000000-0000-0000-0000-000000000138,Mazatan,MEASLES,Measles,SUSPECTED,2,2026-08-18 00:00:00,,ACTIVE,EFES_ABIERTO,2026-08-18
MUNICIPALITY,42000000-0000-0000-0000-000000000138,Mazatan,RUBELLA,Rubella,SUSPECTED,2,2026-08-18 00:00:00,,ACTIVE,EFES_ABIERTO,2026-08-18
MUNICIPALITY,42000000-0000-0000-0000-000000001902,Mazatlan,COVID-19,COVID-19,CONFIRMED,2,2026-06-14 00:00:00,,ACTIVE,COVID19MEXICO,2026-08-24
MUNICIPALITY,42000000-0000-0000-0000-000000001902,Mazatlan,COVID-19,COVID-19,SUSPECTED,172,2026-06-01 00:00:00,,ACTIVE,COVID19MEXICO,2026-08-24
MUNICIPALITY,42000000-0000-0000-0000-000000001902,Mazatlan,INFLUENZA,Influenza,CONFIRMED,3,2026-08-04 00:00:00,,ACTIVE,COVID19MEXICO,2026-08-24
MUNICIPALITY,42000000-0000-0000-0000-000000001902,Mazatlan,INFLUENZA,Influenza,SUSPECTED,172,2026-06-01 00:00:00,,ACTIVE,COVID19MEXICO,2026-08-24
MUNICIPALITY,42000000-0000-0000-0000-000000001902,Mazatlan,MEASLES,Measles,SUSPECTED,1,2026-08-18 00:00:00,,ACTIVE,EFES_ABIERTO,2026-08-18
MUNICIPALITY,42000000-0000-0000-0000-000000001902,Mazatlan,RUBELLA,Rubella,SUSPECTED,1,2026-08-18 00:00:00,,ACTIVE,EFES_ABIERTO,2026-08-18
MUNICIPALITY,42000000-0000-0000-0000-000000002206,Mecayapan,MEASLES,Measles,CONFIRMED,2,2026-07-06 00:00:00,,ACTIVE,EFES_ABIERTO,2026-08-18
MUNICIPALITY,42000000-0000-0000-0000-000000002207,Medellin de Bravo,COVID-19,COVID-19,SUSPECTED,3,2026-07-15 00:00:00,,ACTIVE,COVID19MEXICO,2026-08-24
MUNICIPALITY,42000000-0000-0000-0000-000000002207,Medellin de Bravo,INFLUENZA,Influenza,SUSPECTED,3,2026-07-15 00:00:00,,ACTIVE,COVID19MEXICO,2026-08-24
MUNICIPALITY,42000000-0000-0000-0000-000000000723,Melchor Ocampo,COVID-19,COVID-19,SUSPECTED,2,2026-08-11 00:00:00,,ACTIVE,COVID19MEXICO,2026-08-24
MUNICIPALITY,42000000-0000-0000-0000-000000000723,Melchor Ocampo,INFLUENZA,Influenza,SUSPECTED,2,2026-08-11 00:00:00,,ACTIVE,COVID19MEXICO,2026-08-24
MUNICIPALITY,42000000-0000-0000-0000-000000000723,Melchor Ocampo,MEASLES,Measles,SUSPECTED,5,2026-08-18 00:00:00,,ACTIVE,EFES_ABIERTO,2026-08-18
MUNICIPALITY,42000000-0000-0000-0000-000000000723,Melchor Ocampo,RUBELLA,Rubella,SUSPECTED,5,2026-08-18 00:00:00,,ACTIVE,EFES_ABIERTO,2026-08-18
MUNICIPALITY,42000000-0000-0000-0000-000000002364,Merida,COVID-19,COVID-19,CONFIRMED,32,2026-06-25 00:00:00,,ACTIVE,COVID19MEXICO,2026-08-24
MUNICIPALITY,42000000-0000-0000-0000-000000002364,Merida,COVID-19,COVID-19,SUSPECTED,565,2026-06-01 00:00:00,,ACTIVE,COVID19MEXICO,2026-08-24
MUNICIPALITY,42000000-0000-0000-0000-000000002364,Merida,DENGUE,Dengue fever,SUSPECTED,1,2026-07-13 00:00:00,,ACTIVE,DENGUE_ABIERTO,2026-08-20
MUNICIPALITY,42000000-0000-0000-0000-000000002364,Merida,INFLUENZA,Influenza,CONFIRMED,84,2026-06-01 00:00:00,,ACTIVE,COVID19MEXICO,2026-08-24
MUNICIPALITY,42000000-0000-0000-0000-000000002364,Merida,INFLUENZA,Influenza,SUSPECTED,565,2026-06-01 00:00:00,,ACTIVE,COVID19MEXICO,2026-08-24
MUNICIPALITY,42000000-0000-0000-0000-000000002364,Merida,MEASLES,Measles,SUSPECTED,19,2026-08-18 00:00:00,,ACTIVE,EFES_ABIERTO,2026-08-18
MUNICIPALITY,42000000-0000-0000-0000-000000002364,Merida,RUBELLA,Rubella,SUSPECTED,19,2026-08-18 00:00:00,,ACTIVE,EFES_ABIERTO,2026-08-18
MUNICIPALITY,42000000-0000-0000-0000-000000001052,Mesones Hidalgo,COVID-19,COVID-19,SUSPECTED,1,2026-08-18 00:00:00,,ACTIVE,COVID19MEXICO,2026-08-24
MUNICIPALITY,42000000-0000-0000-0000-000000001052,Mesones Hidalgo,INFLUENZA,Influenza,SUSPECTED,1,2026-08-18 00:00:00,,ACTIVE,COVID19MEXICO,2026-08-24
MUNICIPALITY,42000000-0000-0000-0000-000000000496,Metepec,COVID-19,COVID-19,SUSPECTED,1,2026-08-17 00:00:00,,ACTIVE,COVID19MEXICO,2026-08-24
MUNICIPALITY,42000000-0000-0000-0000-000000000724,Metepec,COVID-19,COVID-19,SUSPECTED,10,2026-06-05 00:00:00,,ACTIVE,COVID19MEXICO,2026-08-24
MUNICIPALITY,42000000-0000-0000-0000-000000000496,Metepec,INFLUENZA,Influenza,SUSPECTED,1,2026-08-17 00:00:00,,ACTIVE,COVID19MEXICO,2026-08-24
MUNICIPALITY,42000000-0000-0000-0000-000000000724,Metepec,INFLUENZA,Influenza,SUSPECTED,10,2026-06-05 00:00:00,,ACTIVE,COVID19MEXICO,2026-08-24
MUNICIPALITY,42000000-0000-0000-0000-000000000724,Metepec,MEASLES,Measles,SUSPECTED,4,2026-08-18 00:00:00,,ACTIVE,EFES_ABIERTO,2026-08-18
MUNICIPALITY,42000000-0000-0000-0000-000000000724,Metepec,RUBELLA,Rubella,SUSPECTED,4,2026-08-18 00:00:00,,ACTIVE,EFES_ABIERTO,2026-08-18
MUNICIPALITY,42000000-0000-0000-0000-000000000498,Metztitlan,COVID-19,COVID-19,CONFIRMED,1,2026-07-17 00:00:00,,ACTIVE,COVID19MEXICO,2026-08-24
MUNICIPALITY,42000000-0000-0000-0000-000000000498,Metztitlan,COVID-19,COVID-19,SUSPECTED,2,2026-06-14 00:00:00,,ACTIVE,COVID19MEXICO,2026-08-24
MUNICIPALITY,42000000-0000-0000-0000-000000000498,Metztitlan,INFLUENZA,Influenza,SUSPECTED,2,2026-06-14 00:00:00,,ACTIVE,COVID19MEXICO,2026-08-24
MUNICIPALITY,42000000-0000-0000-0000-000000000013,Mexicali,COVID-19,COVID-19,CONFIRMED,2,2026-07-01 00:00:00,,ACTIVE,COVID19MEXICO,2026-08-24
MUNICIPALITY,42000000-0000-0000-0000-000000000013,Mexicali,COVID-19,COVID-19,SUSPECTED,8,2026-06-01 00:00:00,,ACTIVE,COVID19MEXICO,2026-08-24
MUNICIPALITY,42000000-0000-0000-0000-000000000013,Mexicali,INFLUENZA,Influenza,CONFIRMED,1,2026-07-12 00:00:00,,ACTIVE,COVID19MEXICO,2026-08-24
MUNICIPALITY,42000000-0000-0000-0000-000000000013,Mexicali,INFLUENZA,Influenza,SUSPECTED,8,2026-06-01 00:00:00,,ACTIVE,COVID19MEXICO,2026-08-24
MUNICIPALITY,42000000-0000-0000-0000-000000000013,Mexicali,MEASLES,Measles,CONFIRMED,1,2026-06-03 00:00:00,,ACTIVE,EFES_ABIERTO,2026-08-18
MUNICIPALITY,42000000-0000-0000-0000-000000000013,Mexicali,MEASLES,Measles,SUSPECTED,84,2026-08-18 00:00:00,,ACTIVE,EFES_ABIERTO,2026-08-18
MUNICIPALITY,42000000-0000-0000-0000-000000000013,Mexicali,RUBELLA,Rubella,SUSPECTED,84,2026-08-18 00:00:00,,ACTIVE,EFES_ABIERTO,2026-08-18
MUNICIPALITY,42000000-0000-0000-0000-000000000725,Mexicaltzingo,COVID-19,COVID-19,SUSPECTED,1,2026-06-07 00:00:00,,ACTIVE,COVID19MEXICO,2026-08-24
MUNICIPALITY,42000000-0000-0000-0000-000000000725,Mexicaltzingo,INFLUENZA,Influenza,SUSPECTED,1,2026-06-07 00:00:00,,ACTIVE,COVID19MEXICO,2026-08-24
MUNICIPALITY,42000000-0000-0000-0000-000000001852,Mexquitic de Carmona,COVID-19,COVID-19,CONFIRMED,1,2026-08-10 00:00:00,,ACTIVE,COVID19MEXICO,2026-08-24
MUNICIPALITY,42000000-0000-0000-0000-000000001852,Mexquitic de Carmona,INFLUENZA,Influenza,CONFIRMED,1,2026-06-11 00:00:00,,ACTIVE,COVID19MEXICO,2026-08-24
MUNICIPALITY,42000000-0000-0000-0000-000000000305,Mezquital,COVID-19,COVID-19,SUSPECTED,1,2026-06-05 00:00:00,,ACTIVE,COVID19MEXICO,2026-08-24
MUNICIPALITY,42000000-0000-0000-0000-000000000305,Mezquital,INFLUENZA,Influenza,CONFIRMED,1,2026-06-08 00:00:00,,ACTIVE,COVID19MEXICO,2026-08-24
MUNICIPALITY,42000000-0000-0000-0000-000000000305,Mezquital,INFLUENZA,Influenza,SUSPECTED,1,2026-06-05 00:00:00,,ACTIVE,COVID19MEXICO,2026-08-24
MUNICIPALITY,42000000-0000-0000-0000-000000000305,Mezquital,MEASLES,Measles,CONFIRMED,139,2026-06-01 00:00:00,,ACTIVE,EFES_ABIERTO,2026-08-18
MUNICIPALITY,42000000-0000-0000-0000-000000000305,Mezquital,MEASLES,Measles,SUSPECTED,13,2026-08-18 00:00:00,,ACTIVE,EFES_ABIERTO,2026-08-18
MUNICIPALITY,42000000-0000-0000-0000-000000000305,Mezquital,RUBELLA,Rubella,SUSPECTED,13,2026-08-18 00:00:00,,ACTIVE,EFES_ABIERTO,2026-08-18
MUNICIPALITY,42000000-0000-0000-0000-000000000606,Mezquitic,COVID-19,COVID-19,CONFIRMED,2,2026-07-06 00:00:00,,ACTIVE,COVID19MEXICO,2026-08-24
MUNICIPALITY,42000000-0000-0000-0000-000000000923,Miacatlan,COVID-19,COVID-19,CONFIRMED,3,2026-07-25 00:00:00,,ACTIVE,COVID19MEXICO,2026-08-24
MUNICIPALITY,42000000-0000-0000-0000-000000002449,Miguel Auza,COVID-19,COVID-19,SUSPECTED,1,2026-06-24 00:00:00,,ACTIVE,COVID19MEXICO,2026-08-24
MUNICIPALITY,42000000-0000-0000-0000-000000002449,Miguel Auza,INFLUENZA,Influenza,SUSPECTED,1,2026-06-24 00:00:00,,ACTIVE,COVID19MEXICO,2026-08-24
MUNICIPALITY,42000000-0000-0000-0000-000000000290,Miguel Hidalgo,COVID-19,COVID-19,CONFIRMED,12,2026-06-15 00:00:00,,ACTIVE,COVID19MEXICO,2026-08-24
MUNICIPALITY,42000000-0000-0000-0000-000000000290,Miguel Hidalgo,COVID-19,COVID-19,SUSPECTED,110,2026-06-01 00:00:00,,ACTIVE,COVID19MEXICO,2026-08-24
MUNICIPALITY,42000000-0000-0000-0000-000000000290,Miguel Hidalgo,INFLUENZA,Influenza,CONFIRMED,3,2026-07-14 00:00:00,,ACTIVE,COVID19MEXICO,2026-08-24
MUNICIPALITY,42000000-0000-0000-0000-000000000290,Miguel Hidalgo,INFLUENZA,Influenza,SUSPECTED,110,2026-06-01 00:00:00,,ACTIVE,COVID19MEXICO,2026-08-24
MUNICIPALITY,42000000-0000-0000-0000-000000000290,Miguel Hidalgo,MEASLES,Measles,SUSPECTED,1,2026-08-18 00:00:00,,ACTIVE,EFES_ABIERTO,2026-08-18
MUNICIPALITY,42000000-0000-0000-0000-000000000290,Miguel Hidalgo,RUBELLA,Rubella,SUSPECTED,1,2026-08-18 00:00:00,,ACTIVE,EFES_ABIERTO,2026-08-18
MUNICIPALITY,42000000-0000-0000-0000-000000000283,Milpa Alta,COVID-19,COVID-19,CONFIRMED,17,2026-06-09 00:00:00,,ACTIVE,COVID19MEXICO,2026-08-24
MUNICIPALITY,42000000-0000-0000-0000-000000000283,Milpa Alta,COVID-19,COVID-19,SUSPECTED,13,2026-06-02 00:00:00,,ACTIVE,COVID19MEXICO,2026-08-24
MUNICIPALITY,42000000-0000-0000-0000-000000000283,Milpa Alta,INFLUENZA,Influenza,SUSPECTED,13,2026-06-02 00:00:00,,ACTIVE,COVID19MEXICO,2026-08-24
MUNICIPALITY,42000000-0000-0000-0000-000000000283,Milpa Alta,MEASLES,Measles,CONFIRMED,4,2026-06-15 00:00:00,,ACTIVE,EFES_ABIERTO,2026-08-18
MUNICIPALITY,42000000-0000-0000-0000-000000000283,Milpa Alta,MEASLES,Measles,SUSPECTED,1,2026-08-18 00:00:00,,ACTIVE,EFES_ABIERTO,2026-08-18
MUNICIPALITY,42000000-0000-0000-0000-000000000283,Milpa Alta,RUBELLA,Rubella,SUSPECTED,1,2026-08-18 00:00:00,,ACTIVE,EFES_ABIERTO,2026-08-18
MUNICIPALITY,42000000-0000-0000-0000-000000002210,Minatitlan,COVID-19,COVID-19,SUSPECTED,1,2026-06-11 00:00:00,,ACTIVE,COVID19MEXICO,2026-08-24
MUNICIPALITY,42000000-0000-0000-0000-000000000082,Minatitlan,DENGUE,Dengue fever,SUSPECTED,1,2026-06-12 00:00:00,,ACTIVE,DENGUE_ABIERTO,2026-08-20
MUNICIPALITY,42000000-0000-0000-0000-000000000082,Minatitlan,INFLUENZA,Influenza,CONFIRMED,1,2026-06-30 00:00:00,,ACTIVE,COVID19MEXICO,2026-08-24
MUNICIPALITY,42000000-0000-0000-0000-000000002210,Minatitlan,INFLUENZA,Influenza,CONFIRMED,1,2026-07-08 00:00:00,,ACTIVE,COVID19MEXICO,2026-08-24
MUNICIPALITY,42000000-0000-0000-0000-000000002210,Minatitlan,INFLUENZA,Influenza,SUSPECTED,1,2026-06-11 00:00:00,,ACTIVE,COVID19MEXICO,2026-08-24
MUNICIPALITY,42000000-0000-0000-0000-000000000512,Mineral de la Reforma,COVID-19,COVID-19,CONFIRMED,11,2026-06-05 00:00:00,,ACTIVE,COVID19MEXICO,2026-08-24
MUNICIPALITY,42000000-0000-0000-0000-000000000512,Mineral de la Reforma,COVID-19,COVID-19,SUSPECTED,24,2026-06-01 00:00:00,,ACTIVE,COVID19MEXICO,2026-08-24
MUNICIPALITY,42000000-0000-0000-0000-000000000512,Mineral de la Reforma,INFLUENZA,Influenza,CONFIRMED,2,2026-07-17 00:00:00,,ACTIVE,COVID19MEXICO,2026-08-24
MUNICIPALITY,42000000-0000-0000-0000-000000000512,Mineral de la Reforma,INFLUENZA,Influenza,SUSPECTED,24,2026-06-01 00:00:00,,ACTIVE,COVID19MEXICO,2026-08-24
MUNICIPALITY,42000000-0000-0000-0000-000000000499,Mineral del Chico,COVID-19,COVID-19,CONFIRMED,2,2026-06-04 00:00:00,,ACTIVE,COVID19MEXICO,2026-08-24
MUNICIPALITY,42000000-0000-0000-0000-000000000499,Mineral del Chico,COVID-19,COVID-19,SUSPECTED,1,2026-08-08 00:00:00,,ACTIVE,COVID19MEXICO,2026-08-24
MUNICIPALITY,42000000-0000-0000-0000-000000000499,Mineral del Chico,INFLUENZA,Influenza,SUSPECTED,1,2026-08-08 00:00:00,,ACTIVE,COVID19MEXICO,2026-08-24
MUNICIPALITY,42000000-0000-0000-0000-000000000500,Mineral del Monte,COVID-19,COVID-19,SUSPECTED,4,2026-06-01 00:00:00,,ACTIVE,COVID19MEXICO,2026-08-24
MUNICIPALITY,42000000-0000-0000-0000-000000000500,Mineral del Monte,INFLUENZA,Influenza,SUSPECTED,4,2026-06-01 00:00:00,,ACTIVE,COVID19MEXICO,2026-08-24
MUNICIPALITY,42000000-0000-0000-0000-000000002211,Misantla,COVID-19,COVID-19,SUSPECTED,1,2026-08-03 00:00:00,,ACTIVE,COVID19MEXICO,2026-08-24
MUNICIPALITY,42000000-0000-0000-0000-000000002211,Misantla,INFLUENZA,Influenza,SUSPECTED,1,2026-08-03 00:00:00,,ACTIVE,COVID19MEXICO,2026-08-24
MUNICIPALITY,42000000-0000-0000-0000-000000000502,Mixquiahuala de Juarez,COVID-19,COVID-19,CONFIRMED,2,2026-06-07 00:00:00,,ACTIVE,COVID19MEXICO,2026-08-24
MUNICIPALITY,42000000-0000-0000-0000-000000000502,Mixquiahuala de Juarez,INFLUENZA,Influenza,CONFIRMED,1,2026-08-03 00:00:00,,ACTIVE,COVID19MEXICO,2026-08-24
MUNICIPALITY,42000000-0000-0000-0000-000000000420,Mochitlan,COVID-19,COVID-19,SUSPECTED,2,2026-07-04 00:00:00,,ACTIVE,COVID19MEXICO,2026-08-24
MUNICIPALITY,42000000-0000-0000-0000-000000000420,Mochitlan,INFLUENZA,Influenza,SUSPECTED,2,2026-07-04 00:00:00,,ACTIVE,COVID19MEXICO,2026-08-24
MUNICIPALITY,42000000-0000-0000-0000-000000002365,Mococha,INFLUENZA,Influenza,CONFIRMED,1,2026-07-01 00:00:00,,ACTIVE,COVID19MEXICO,2026-08-24
MUNICIPALITY,42000000-0000-0000-0000-000000000503,Molango de Escamilla,COVID-19,COVID-19,SUSPECTED,5,2026-06-25 00:00:00,,ACTIVE,COVID19MEXICO,2026-08-24
MUNICIPALITY,42000000-0000-0000-0000-000000000503,Molango de Escamilla,INFLUENZA,Influenza,SUSPECTED,5,2026-06-25 00:00:00,,ACTIVE,COVID19MEXICO,2026-08-24
MUNICIPALITY,42000000-0000-0000-0000-000000002213,Moloacan,COVID-19,COVID-19,CONFIRMED,1,2026-06-09 00:00:00,,ACTIVE,COVID19MEXICO,2026-08-24
MUNICIPALITY,42000000-0000-0000-0000-000000002213,Moloacan,COVID-19,COVID-19,SUSPECTED,1,2026-07-06 00:00:00,,ACTIVE,COVID19MEXICO,2026-08-24
MUNICIPALITY,42000000-0000-0000-0000-000000002213,Moloacan,INFLUENZA,Influenza,SUSPECTED,1,2026-07-06 00:00:00,,ACTIVE,COVID19MEXICO,2026-08-24
MUNICIPALITY,42000000-0000-0000-0000-000000002450,Momax,COVID-19,COVID-19,SUSPECTED,1,2026-08-16 00:00:00,,ACTIVE,COVID19MEXICO,2026-08-24
MUNICIPALITY,42000000-0000-0000-0000-000000002450,Momax,INFLUENZA,Influenza,SUSPECTED,1,2026-08-16 00:00:00,,ACTIVE,COVID19MEXICO,2026-08-24
MUNICIPALITY,42000000-0000-0000-0000-000000000054,Monclova,COVID-19,COVID-19,CONFIRMED,3,2026-07-19 00:00:00,,ACTIVE,COVID19MEXICO,2026-08-24
MUNICIPALITY,42000000-0000-0000-0000-000000000054,Monclova,DENGUE,Dengue fever,SUSPECTED,2,2026-06-03 00:00:00,,ACTIVE,DENGUE_ABIERTO,2026-08-20
MUNICIPALITY,42000000-0000-0000-0000-000000002451,Monte Escobedo,COVID-19,COVID-19,CONFIRMED,1,2026-08-07 00:00:00,,ACTIVE,COVID19MEXICO,2026-08-24
MUNICIPALITY,42000000-0000-0000-0000-000000000200,Montecristo de Guerrero,MEASLES,Measles,SUSPECTED,1,2026-08-18 00:00:00,,ACTIVE,EFES_ABIERTO,2026-08-18
MUNICIPALITY,42000000-0000-0000-0000-000000000200,Montecristo de Guerrero,RUBELLA,Rubella,SUSPECTED,1,2026-08-18 00:00:00,,ACTIVE,EFES_ABIERTO,2026-08-18
MUNICIPALITY,42000000-0000-0000-0000-000000001002,Montemorelos,COVID-19,COVID-19,CONFIRMED,1,2026-08-11 00:00:00,,ACTIVE,COVID19MEXICO,2026-08-24
MUNICIPALITY,42000000-0000-0000-0000-000000001003,Monterrey,COVID-19,COVID-19,CONFIRMED,41,2026-06-13 00:00:00,,ACTIVE,COVID19MEXICO,2026-08-24
MUNICIPALITY,42000000-0000-0000-0000-000000001003,Monterrey,COVID-19,COVID-19,SUSPECTED,111,2026-06-09 00:00:00,,ACTIVE,COVID19MEXICO,2026-08-24
MUNICIPALITY,42000000-0000-0000-0000-000000001003,Monterrey,DENGUE,Dengue fever,SUSPECTED,1,2026-06-22 00:00:00,,ACTIVE,DENGUE_ABIERTO,2026-08-20
MUNICIPALITY,42000000-0000-0000-0000-000000001003,Monterrey,INFLUENZA,Influenza,CONFIRMED,4,2026-07-29 00:00:00,,ACTIVE,COVID19MEXICO,2026-08-24
MUNICIPALITY,42000000-0000-0000-0000-000000001003,Monterrey,INFLUENZA,Influenza,SUSPECTED,111,2026-06-09 00:00:00,,ACTIVE,COVID19MEXICO,2026-08-24
MUNICIPALITY,42000000-0000-0000-0000-000000001003,Monterrey,MEASLES,Measles,CONFIRMED,12,2026-06-04 00:00:00,,ACTIVE,EFES_ABIERTO,2026-08-18
MUNICIPALITY,42000000-0000-0000-0000-000000001003,Monterrey,MEASLES,Measles,SUSPECTED,8,2026-08-18 00:00:00,,ACTIVE,EFES_ABIERTO,2026-08-18
MUNICIPALITY,42000000-0000-0000-0000-000000001003,Monterrey,RUBELLA,Rubella,SUSPECTED,8,2026-08-18 00:00:00,,ACTIVE,EFES_ABIERTO,2026-08-18
MUNICIPALITY,42000000-0000-0000-0000-000000000848,Morelia,COVID-19,COVID-19,CONFIRMED,25,2026-06-16 00:00:00,,ACTIVE,COVID19MEXICO,2026-08-24
MUNICIPALITY,42000000-0000-0000-0000-000000000848,Morelia,COVID-19,COVID-19,SUSPECTED,19,2026-07-08 00:00:00,,ACTIVE,COVID19MEXICO,2026-08-24
MUNICIPALITY,42000000-0000-0000-0000-000000000848,Morelia,INFLUENZA,Influenza,SUSPECTED,19,2026-07-08 00:00:00,,ACTIVE,COVID19MEXICO,2026-08-24
MUNICIPALITY,42000000-0000-0000-0000-000000000848,Morelia,MEASLES,Measles,SUSPECTED,22,2026-08-18 00:00:00,,ACTIVE,EFES_ABIERTO,2026-08-18
MUNICIPALITY,42000000-0000-0000-0000-000000000848,Morelia,RUBELLA,Rubella,SUSPECTED,22,2026-08-18 00:00:00,,ACTIVE,EFES_ABIERTO,2026-08-18
MUNICIPALITY,42000000-0000-0000-0000-000000002452,Morelos,COVID-19,COVID-19,CONFIRMED,1,2026-08-15 00:00:00,,ACTIVE,COVID19MEXICO,2026-08-24
MUNICIPALITY,42000000-0000-0000-0000-000000002452,Morelos,COVID-19,COVID-19,SUSPECTED,1,2026-06-16 00:00:00,,ACTIVE,COVID19MEXICO,2026-08-24
MUNICIPALITY,42000000-0000-0000-0000-000000002452,Morelos,INFLUENZA,Influenza,SUSPECTED,1,2026-06-16 00:00:00,,ACTIVE,COVID19MEXICO,2026-08-24
MUNICIPALITY,42000000-0000-0000-0000-000000000849,Morelos,MEASLES,Measles,SUSPECTED,1,2026-08-18 00:00:00,,ACTIVE,EFES_ABIERTO,2026-08-18
MUNICIPALITY,42000000-0000-0000-0000-000000000849,Morelos,RUBELLA,Rubella,SUSPECTED,1,2026-08-18 00:00:00,,ACTIVE,EFES_ABIERTO,2026-08-18
MUNICIPALITY,42000000-0000-0000-0000-000000000255,Moris,MEASLES,Measles,SUSPECTED,1,2026-08-18 00:00:00,,ACTIVE,EFES_ABIERTO,2026-08-18
MUNICIPALITY,42000000-0000-0000-0000-000000000255,Moris,RUBELLA,Rubella,SUSPECTED,1,2026-08-18 00:00:00,,ACTIVE,EFES_ABIERTO,2026-08-18
MUNICIPALITY,42000000-0000-0000-0000-000000000351,Moroleon,COVID-19,COVID-19,SUSPECTED,1,2026-08-20 00:00:00,,ACTIVE,COVID19MEXICO,2026-08-24
MUNICIPALITY,42000000-0000-0000-0000-000000000351,Moroleon,DENGUE,Dengue fever,SUSPECTED,1,2026-07-18 00:00:00,,ACTIVE,DENGUE_ABIERTO,2026-08-20
MUNICIPALITY,42000000-0000-0000-0000-000000000351,Moroleon,INFLUENZA,Influenza,SUSPECTED,1,2026-08-20 00:00:00,,ACTIVE,COVID19MEXICO,2026-08-24
MUNICIPALITY,42000000-0000-0000-0000-000000002366,Motul,INFLUENZA,Influenza,CONFIRMED,1,2026-08-14 00:00:00,,ACTIVE,COVID19MEXICO,2026-08-24
MUNICIPALITY,42000000-0000-0000-0000-000000002366,Motul,MEASLES,Measles,SUSPECTED,1,2026-08-18 00:00:00,,ACTIVE,EFES_ABIERTO,2026-08-18
MUNICIPALITY,42000000-0000-0000-0000-000000002366,Motul,RUBELLA,Rubella,SUSPECTED,1,2026-08-18 00:00:00,,ACTIVE,EFES_ABIERTO,2026-08-18
MUNICIPALITY,42000000-0000-0000-0000-000000000850,Mugica,MEASLES,Measles,SUSPECTED,1,2026-08-18 00:00:00,,ACTIVE,EFES_ABIERTO,2026-08-18
MUNICIPALITY,42000000-0000-0000-0000-000000000850,Mugica,RUBELLA,Rubella,SUSPECTED,1,2026-08-18 00:00:00,,ACTIVE,EFES_ABIERTO,2026-08-18
MUNICIPALITY,42000000-0000-0000-0000-000000000020,Mulege,MEASLES,Measles,SUSPECTED,1,2026-08-18 00:00:00,,ACTIVE,EFES_ABIERTO,2026-08-18
MUNICIPALITY,42000000-0000-0000-0000-000000000020,Mulege,RUBELLA,Rubella,SUSPECTED,1,2026-08-18 00:00:00,,ACTIVE,EFES_ABIERTO,2026-08-18
MUNICIPALITY,42000000-0000-0000-0000-000000002367,Muna,COVID-19,COVID-19,SUSPECTED,1,2026-08-09 00:00:00,,ACTIVE,COVID19MEXICO,2026-08-24
MUNICIPALITY,42000000-0000-0000-0000-000000002367,Muna,INFLUENZA,Influenza,SUSPECTED,1,2026-08-09 00:00:00,,ACTIVE,COVID19MEXICO,2026-08-24
MUNICIPALITY,42000000-0000-0000-0000-000000002368,Muxupip,COVID-19,COVID-19,SUSPECTED,1,2026-07-25 00:00:00,,ACTIVE,COVID19MEXICO,2026-08-24
MUNICIPALITY,42000000-0000-0000-0000-000000002368,Muxupip,INFLUENZA,Influenza,SUSPECTED,1,2026-07-25 00:00:00,,ACTIVE,COVID19MEXICO,2026-08-24
MUNICIPALITY,42000000-0000-0000-0000-000000000056,Muzquiz,COVID-19,COVID-19,SUSPECTED,2,2026-06-22 00:00:00,,ACTIVE,COVID19MEXICO,2026-08-24
MUNICIPALITY,42000000-0000-0000-0000-000000000056,Muzquiz,DENGUE,Dengue fever,SUSPECTED,1,2026-08-05 00:00:00,,ACTIVE,DENGUE_ABIERTO,2026-08-20
MUNICIPALITY,42000000-0000-0000-0000-000000000056,Muzquiz,INFLUENZA,Influenza,SUSPECTED,2,2026-06-22 00:00:00,,ACTIVE,COVID19MEXICO,2026-08-24
MUNICIPALITY,42000000-0000-0000-0000-000000001995,Nacajuca,COVID-19,COVID-19,CONFIRMED,2,2026-06-25 00:00:00,,ACTIVE,COVID19MEXICO,2026-08-24
MUNICIPALITY,42000000-0000-0000-0000-000000001995,Nacajuca,COVID-19,COVID-19,SUSPECTED,1,2026-08-19 00:00:00,,ACTIVE,COVID19MEXICO,2026-08-24
MUNICIPALITY,42000000-0000-0000-0000-000000001995,Nacajuca,INFLUENZA,Influenza,CONFIRMED,1,2026-06-11 00:00:00,,ACTIVE,COVID19MEXICO,2026-08-24
MUNICIPALITY,42000000-0000-0000-0000-000000001995,Nacajuca,INFLUENZA,Influenza,SUSPECTED,1,2026-08-19 00:00:00,,ACTIVE,COVID19MEXICO,2026-08-24
MUNICIPALITY,42000000-0000-0000-0000-000000001995,Nacajuca,MEASLES,Measles,SUSPECTED,6,2026-08-18 00:00:00,,ACTIVE,EFES_ABIERTO,2026-08-18
MUNICIPALITY,42000000-0000-0000-0000-000000001995,Nacajuca,RUBELLA,Rubella,SUSPECTED,6,2026-08-18 00:00:00,,ACTIVE,EFES_ABIERTO,2026-08-18
MUNICIPALITY,42000000-0000-0000-0000-000000000256,Namiquipa,MEASLES,Measles,SUSPECTED,1,2026-08-18 00:00:00,,ACTIVE,EFES_ABIERTO,2026-08-18
MUNICIPALITY,42000000-0000-0000-0000-000000000256,Namiquipa,RUBELLA,Rubella,SUSPECTED,1,2026-08-18 00:00:00,,ACTIVE,EFES_ABIERTO,2026-08-18
MUNICIPALITY,42000000-0000-0000-0000-000000002063,Nanacamilpa de Mariano Arista,COVID-19,COVID-19,SUSPECTED,2,2026-07-20 00:00:00,,ACTIVE,COVID19MEXICO,2026-08-24
MUNICIPALITY,42000000-0000-0000-0000-000000002063,Nanacamilpa de Mariano Arista,INFLUENZA,Influenza,SUSPECTED,2,2026-07-20 00:00:00,,ACTIVE,COVID19MEXICO,2026-08-24
MUNICIPALITY,42000000-0000-0000-0000-000000002214,Naolinco,COVID-19,COVID-19,SUSPECTED,1,2026-08-07 00:00:00,,ACTIVE,COVID19MEXICO,2026-08-24
MUNICIPALITY,42000000-0000-0000-0000-000000002214,Naolinco,INFLUENZA,Influenza,SUSPECTED,1,2026-08-07 00:00:00,,ACTIVE,COVID19MEXICO,2026-08-24
MUNICIPALITY,42000000-0000-0000-0000-000000002065,Nativitas,COVID-19,COVID-19,SUSPECTED,1,2026-07-31 00:00:00,,ACTIVE,COVID19MEXICO,2026-08-24
MUNICIPALITY,42000000-0000-0000-0000-000000002065,Nativitas,INFLUENZA,Influenza,SUSPECTED,1,2026-07-31 00:00:00,,ACTIVE,COVID19MEXICO,2026-08-24
MUNICIPALITY,42000000-0000-0000-0000-000000000727,Naucalpan de Juarez,COVID-19,COVID-19,CONFIRMED,16,2026-06-16 00:00:00,,ACTIVE,COVID19MEXICO,2026-08-24
MUNICIPALITY,42000000-0000-0000-0000-000000000727,Naucalpan de Juarez,COVID-19,COVID-19,SUSPECTED,44,2026-06-03 00:00:00,,ACTIVE,COVID19MEXICO,2026-08-24
MUNICIPALITY,42000000-0000-0000-0000-000000000727,Naucalpan de Juarez,INFLUENZA,Influenza,CONFIRMED,2,2026-07-20 00:00:00,,ACTIVE,COVID19MEXICO,2026-08-24
MUNICIPALITY,42000000-0000-0000-0000-000000000727,Naucalpan de Juarez,INFLUENZA,Influenza,SUSPECTED,44,2026-06-03 00:00:00,,ACTIVE,COVID19MEXICO,2026-08-24
MUNICIPALITY,42000000-0000-0000-0000-000000000727,Naucalpan de Juarez,MEASLES,Measles,CONFIRMED,2,2026-06-04 00:00:00,,ACTIVE,EFES_ABIERTO,2026-08-18
MUNICIPALITY,42000000-0000-0000-0000-000000000727,Naucalpan de Juarez,MEASLES,Measles,SUSPECTED,13,2026-08-18 00:00:00,,ACTIVE,EFES_ABIERTO,2026-08-18
MUNICIPALITY,42000000-0000-0000-0000-000000000727,Naucalpan de Juarez,RUBELLA,Rubella,SUSPECTED,13,2026-08-18 00:00:00,,ACTIVE,EFES_ABIERTO,2026-08-18
MUNICIPALITY,42000000-0000-0000-0000-000000001685,Naupan,COVID-19,COVID-19,SUSPECTED,1,2026-07-04 00:00:00,,ACTIVE,COVID19MEXICO,2026-08-24
MUNICIPALITY,42000000-0000-0000-0000-000000001685,Naupan,INFLUENZA,Influenza,SUSPECTED,1,2026-07-04 00:00:00,,ACTIVE,COVID19MEXICO,2026-08-24
MUNICIPALITY,42000000-0000-0000-0000-000000001952,Navojoa,COVID-19,COVID-19,SUSPECTED,9,2026-06-07 00:00:00,,ACTIVE,COVID19MEXICO,2026-08-24
MUNICIPALITY,42000000-0000-0000-0000-000000001952,Navojoa,DENGUE,Dengue fever,SUSPECTED,1,2026-06-12 00:00:00,,ACTIVE,DENGUE_ABIERTO,2026-08-20
MUNICIPALITY,42000000-0000-0000-0000-000000001952,Navojoa,INFLUENZA,Influenza,SUSPECTED,9,2026-06-07 00:00:00,,ACTIVE,COVID19MEXICO,2026-08-24
MUNICIPALITY,42000000-0000-0000-0000-000000001908,Navolato,COVID-19,COVID-19,CONFIRMED,1,2026-08-16 00:00:00,,ACTIVE,COVID19MEXICO,2026-08-24
MUNICIPALITY,42000000-0000-0000-0000-000000001908,Navolato,COVID-19,COVID-19,SUSPECTED,5,2026-06-01 00:00:00,,ACTIVE,COVID19MEXICO,2026-08-24
MUNICIPALITY,42000000-0000-0000-0000-000000001908,Navolato,INFLUENZA,Influenza,SUSPECTED,5,2026-06-01 00:00:00,,ACTIVE,COVID19MEXICO,2026-08-24
MUNICIPALITY,42000000-0000-0000-0000-000000001908,Navolato,MEASLES,Measles,CONFIRMED,9,2026-06-05 00:00:00,,ACTIVE,EFES_ABIERTO,2026-08-18
MUNICIPALITY,42000000-0000-0000-0000-000000001078,Nazareno Etla,COVID-19,COVID-19,CONFIRMED,1,2026-07-18 00:00:00,,ACTIVE,COVID19MEXICO,2026-08-24
MUNICIPALITY,42000000-0000-0000-0000-000000001079,Nejapa de Madero,COVID-19,COVID-19,SUSPECTED,4,2026-06-01 00:00:00,,ACTIVE,COVID19MEXICO,2026-08-24
MUNICIPALITY,42000000-0000-0000-0000-000000001079,Nejapa de Madero,INFLUENZA,Influenza,SUSPECTED,4,2026-06-01 00:00:00,,ACTIVE,COVID19MEXICO,2026-08-24
MUNICIPALITY,42000000-0000-0000-0000-000000000729,Nextlalpan,COVID-19,COVID-19,CONFIRMED,1,2026-07-16 00:00:00,,ACTIVE,COVID19MEXICO,2026-08-24
MUNICIPALITY,42000000-0000-0000-0000-000000000729,Nextlalpan,MEASLES,Measles,SUSPECTED,1,2026-08-18 00:00:00,,ACTIVE,EFES_ABIERTO,2026-08-18
MUNICIPALITY,42000000-0000-0000-0000-000000000729,Nextlalpan,RUBELLA,Rubella,SUSPECTED,1,2026-08-18 00:00:00,,ACTIVE,EFES_ABIERTO,2026-08-18
MUNICIPALITY,42000000-0000-0000-0000-000000000728,Nezahualcoyotl,COVID-19,COVID-19,CONFIRMED,22,2026-06-01 00:00:00,,ACTIVE,COVID19MEXICO,2026-08-24
MUNICIPALITY,42000000-0000-0000-0000-000000000728,Nezahualcoyotl,COVID-19,COVID-19,SUSPECTED,43,2026-06-01 00:00:00,,ACTIVE,COVID19MEXICO,2026-08-24
MUNICIPALITY,42000000-0000-0000-0000-000000000728,Nezahualcoyotl,INFLUENZA,Influenza,CONFIRMED,1,2026-07-17 00:00:00,,ACTIVE,COVID19MEXICO,2026-08-24
MUNICIPALITY,42000000-0000-0000-0000-000000000728,Nezahualcoyotl,INFLUENZA,Influenza,SUSPECTED,43,2026-06-01 00:00:00,,ACTIVE,COVID19MEXICO,2026-08-24
MUNICIPALITY,42000000-0000-0000-0000-000000000728,Nezahualcoyotl,MEASLES,Measles,CONFIRMED,3,2026-06-06 00:00:00,,ACTIVE,EFES_ABIERTO,2026-08-18
MUNICIPALITY,42000000-0000-0000-0000-000000000728,Nezahualcoyotl,MEASLES,Measles,SUSPECTED,9,2026-08-18 00:00:00,,ACTIVE,EFES_ABIERTO,2026-08-18
MUNICIPALITY,42000000-0000-0000-0000-000000000728,Nezahualcoyotl,RUBELLA,Rubella,SUSPECTED,9,2026-08-18 00:00:00,,ACTIVE,EFES_ABIERTO,2026-08-18
MUNICIPALITY,42000000-0000-0000-0000-000000001688,Nicolas Bravo,COVID-19,COVID-19,CONFIRMED,1,2026-07-13 00:00:00,,ACTIVE,COVID19MEXICO,2026-08-24
MUNICIPALITY,42000000-0000-0000-0000-000000000504,Nicolas Flores,COVID-19,COVID-19,SUSPECTED,1,2026-07-31 00:00:00,,ACTIVE,COVID19MEXICO,2026-08-24
MUNICIPALITY,42000000-0000-0000-0000-000000000504,Nicolas Flores,INFLUENZA,Influenza,SUSPECTED,1,2026-07-31 00:00:00,,ACTIVE,COVID19MEXICO,2026-08-24
MUNICIPALITY,42000000-0000-0000-0000-000000000730,Nicolas Romero,COVID-19,COVID-19,CONFIRMED,3,2026-06-23 00:00:00,,ACTIVE,COVID19MEXICO,2026-08-24
MUNICIPALITY,42000000-0000-0000-0000-000000000730,Nicolas Romero,COVID-19,COVID-19,SUSPECTED,67,2026-06-04 00:00:00,,ACTIVE,COVID19MEXICO,2026-08-24
MUNICIPALITY,42000000-0000-0000-0000-000000000730,Nicolas Romero,INFLUENZA,Influenza,SUSPECTED,67,2026-06-04 00:00:00,,ACTIVE,COVID19MEXICO,2026-08-24
MUNICIPALITY,42000000-0000-0000-0000-000000000730,Nicolas Romero,MEASLES,Measles,CONFIRMED,1,2026-06-24 00:00:00,,ACTIVE,EFES_ABIERTO,2026-08-18
MUNICIPALITY,42000000-0000-0000-0000-000000000730,Nicolas Romero,MEASLES,Measles,SUSPECTED,2,2026-08-18 00:00:00,,ACTIVE,EFES_ABIERTO,2026-08-18
MUNICIPALITY,42000000-0000-0000-0000-000000000730,Nicolas Romero,RUBELLA,Rubella,SUSPECTED,2,2026-08-18 00:00:00,,ACTIVE,EFES_ABIERTO,2026-08-18
MUNICIPALITY,42000000-0000-0000-0000-000000002454,Nochistlan de Mejia,MEASLES,Measles,SUSPECTED,1,2026-08-18 00:00:00,,ACTIVE,EFES_ABIERTO,2026-08-18
MUNICIPALITY,42000000-0000-0000-0000-000000002454,Nochistlan de Mejia,RUBELLA,Rubella,SUSPECTED,1,2026-08-18 00:00:00,,ACTIVE,EFES_ABIERTO,2026-08-18
MUNICIPALITY,42000000-0000-0000-0000-000000000852,Nocupetaro,MEASLES,Measles,SUSPECTED,1,2026-08-18 00:00:00,,ACTIVE,EFES_ABIERTO,2026-08-18
MUNICIPALITY,42000000-0000-0000-0000-000000000852,Nocupetaro,RUBELLA,Rubella,SUSPECTED,1,2026-08-18 00:00:00,,ACTIVE,EFES_ABIERTO,2026-08-18
MUNICIPALITY,42000000-0000-0000-0000-000000001953,Nogales,COVID-19,COVID-19,SUSPECTED,2,2026-06-20 00:00:00,,ACTIVE,COVID19MEXICO,2026-08-24
MUNICIPALITY,42000000-0000-0000-0000-000000001953,Nogales,INFLUENZA,Influenza,SUSPECTED,2,2026-06-20 00:00:00,,ACTIVE,COVID19MEXICO,2026-08-24
MUNICIPALITY,42000000-0000-0000-0000-000000001953,Nogales,MEASLES,Measles,CONFIRMED,2,2026-07-20 00:00:00,,ACTIVE,EFES_ABIERTO,2026-08-18
MUNICIPALITY,42000000-0000-0000-0000-000000002217,Nogales,MEASLES,Measles,SUSPECTED,1,2026-08-18 00:00:00,,ACTIVE,EFES_ABIERTO,2026-08-18
MUNICIPALITY,42000000-0000-0000-0000-000000002217,Nogales,RUBELLA,Rubella,SUSPECTED,1,2026-08-18 00:00:00,,ACTIVE,EFES_ABIERTO,2026-08-18
MUNICIPALITY,42000000-0000-0000-0000-000000000505,Nopala de Villagran,COVID-19,COVID-19,SUSPECTED,1,2026-06-23 00:00:00,,ACTIVE,COVID19MEXICO,2026-08-24
MUNICIPALITY,42000000-0000-0000-0000-000000000505,Nopala de Villagran,INFLUENZA,Influenza,SUSPECTED,1,2026-06-23 00:00:00,,ACTIVE,COVID19MEXICO,2026-08-24
MUNICIPALITY,42000000-0000-0000-0000-000000000731,Nopaltepec,COVID-19,COVID-19,CONFIRMED,1,2026-08-11 00:00:00,,ACTIVE,COVID19MEXICO,2026-08-24
MUNICIPALITY,42000000-0000-0000-0000-000000001689,Nopalucan,COVID-19,COVID-19,SUSPECTED,1,2026-07-25 00:00:00,,ACTIVE,COVID19MEXICO,2026-08-24
MUNICIPALITY,42000000-0000-0000-0000-000000001689,Nopalucan,INFLUENZA,Influenza,SUSPECTED,1,2026-07-25 00:00:00,,ACTIVE,COVID19MEXICO,2026-08-24
MUNICIPALITY,42000000-0000-0000-0000-000000000330,Nuevo Ideal,COVID-19,COVID-19,SUSPECTED,1,2026-06-05 00:00:00,,ACTIVE,COVID19MEXICO,2026-08-24
MUNICIPALITY,42000000-0000-0000-0000-000000000330,Nuevo Ideal,INFLUENZA,Influenza,SUSPECTED,1,2026-06-05 00:00:00,,ACTIVE,COVID19MEXICO,2026-08-24
MUNICIPALITY,42000000-0000-0000-0000-000000002026,Nuevo Laredo,COVID-19,COVID-19,CONFIRMED,1,2026-07-26 00:00:00,,ACTIVE,COVID19MEXICO,2026-08-24
MUNICIPALITY,42000000-0000-0000-0000-000000000855,Numaran,MEASLES,Measles,SUSPECTED,1,2026-08-18 00:00:00,,ACTIVE,EFES_ABIERTO,2026-08-18
MUNICIPALITY,42000000-0000-0000-0000-000000000855,Numaran,RUBELLA,Rubella,SUSPECTED,1,2026-08-18 00:00:00,,ACTIVE,EFES_ABIERTO,2026-08-18
MUNICIPALITY,42000000-0000-0000-0000-000000001082,Oaxaca de Juarez,COVID-19,COVID-19,CONFIRMED,8,2026-07-08 00:00:00,,ACTIVE,COVID19MEXICO,2026-08-24
MUNICIPALITY,42000000-0000-0000-0000-000000001082,Oaxaca de Juarez,COVID-19,COVID-19,SUSPECTED,91,2026-06-05 00:00:00,,ACTIVE,COVID19MEXICO,2026-08-24
MUNICIPALITY,42000000-0000-0000-0000-000000001082,Oaxaca de Juarez,DENGUE,Dengue fever,SUSPECTED,1,2026-08-03 00:00:00,,ACTIVE,DENGUE_ABIERTO,2026-08-20
MUNICIPALITY,42000000-0000-0000-0000-000000001082,Oaxaca de Juarez,INFLUENZA,Influenza,SUSPECTED,91,2026-06-05 00:00:00,,ACTIVE,COVID19MEXICO,2026-08-24
MUNICIPALITY,42000000-0000-0000-0000-000000001082,Oaxaca de Juarez,MEASLES,Measles,SUSPECTED,4,2026-08-18 00:00:00,,ACTIVE,EFES_ABIERTO,2026-08-18
MUNICIPALITY,42000000-0000-0000-0000-000000001082,Oaxaca de Juarez,RUBELLA,Rubella,SUSPECTED,4,2026-08-18 00:00:00,,ACTIVE,EFES_ABIERTO,2026-08-18
MUNICIPALITY,42000000-0000-0000-0000-000000000856,Ocampo,COVID-19,COVID-19,SUSPECTED,2,2026-07-26 00:00:00,,ACTIVE,COVID19MEXICO,2026-08-24
MUNICIPALITY,42000000-0000-0000-0000-000000000856,Ocampo,INFLUENZA,Influenza,SUSPECTED,2,2026-07-26 00:00:00,,ACTIVE,COVID19MEXICO,2026-08-24
MUNICIPALITY,42000000-0000-0000-0000-000000000059,Ocampo,MEASLES,Measles,SUSPECTED,1,2026-08-18 00:00:00,,ACTIVE,EFES_ABIERTO,2026-08-18
MUNICIPALITY,42000000-0000-0000-0000-000000000308,Ocampo,MEASLES,Measles,SUSPECTED,1,2026-08-18 00:00:00,,ACTIVE,EFES_ABIERTO,2026-08-18
MUNICIPALITY,42000000-0000-0000-0000-000000000059,Ocampo,RUBELLA,Rubella,SUSPECTED,1,2026-08-18 00:00:00,,ACTIVE,EFES_ABIERTO,2026-08-18
MUNICIPALITY,42000000-0000-0000-0000-000000000308,Ocampo,RUBELLA,Rubella,SUSPECTED,1,2026-08-18 00:00:00,,ACTIVE,EFES_ABIERTO,2026-08-18
MUNICIPALITY,42000000-0000-0000-0000-000000000143,Ocosingo,MEASLES,Measles,CONFIRMED,4,2026-06-03 00:00:00,,ACTIVE,EFES_ABIERTO,2026-08-18
MUNICIPALITY,42000000-0000-0000-0000-000000000143,Ocosingo,MEASLES,Measles,SUSPECTED,3,2026-08-18 00:00:00,,ACTIVE,EFES_ABIERTO,2026-08-18
MUNICIPALITY,42000000-0000-0000-0000-000000000143,Ocosingo,RUBELLA,Rubella,SUSPECTED,3,2026-08-18 00:00:00,,ACTIVE,EFES_ABIERTO,2026-08-18
MUNICIPALITY,42000000-0000-0000-0000-000000001690,Ocotepec,COVID-19,COVID-19,SUSPECTED,1,2026-08-18 00:00:00,,ACTIVE,COVID19MEXICO,2026-08-24
MUNICIPALITY,42000000-0000-0000-0000-000000001690,Ocotepec,INFLUENZA,Influenza,SUSPECTED,1,2026-08-18 00:00:00,,ACTIVE,COVID19MEXICO,2026-08-24
MUNICIPALITY,42000000-0000-0000-0000-000000000608,Ocotlan,DENGUE,Dengue fever,SUSPECTED,1,2026-07-01 00:00:00,,ACTIVE,DENGUE_ABIERTO,2026-08-20
MUNICIPALITY,42000000-0000-0000-0000-000000000608,Ocotlan,MEASLES,Measles,CONFIRMED,1,2026-08-13 00:00:00,,ACTIVE,EFES_ABIERTO,2026-08-18
MUNICIPALITY,42000000-0000-0000-0000-000000000608,Ocotlan,MEASLES,Measles,SUSPECTED,2,2026-08-18 00:00:00,,ACTIVE,EFES_ABIERTO,2026-08-18
MUNICIPALITY,42000000-0000-0000-0000-000000000608,Ocotlan,RUBELLA,Rubella,SUSPECTED,2,2026-08-18 00:00:00,,ACTIVE,EFES_ABIERTO,2026-08-18
MUNICIPALITY,42000000-0000-0000-0000-000000001083,Ocotlan de Morelos,COVID-19,COVID-19,SUSPECTED,2,2026-06-30 00:00:00,,ACTIVE,COVID19MEXICO,2026-08-24
MUNICIPALITY,42000000-0000-0000-0000-000000001083,Ocotlan de Morelos,INFLUENZA,Influenza,SUSPECTED,2,2026-06-30 00:00:00,,ACTIVE,COVID19MEXICO,2026-08-24
MUNICIPALITY,42000000-0000-0000-0000-000000000732,Ocoyoacac,COVID-19,COVID-19,SUSPECTED,3,2026-07-15 00:00:00,,ACTIVE,COVID19MEXICO,2026-08-24
MUNICIPALITY,42000000-0000-0000-0000-000000000732,Ocoyoacac,INFLUENZA,Influenza,SUSPECTED,3,2026-07-15 00:00:00,,ACTIVE,COVID19MEXICO,2026-08-24
MUNICIPALITY,42000000-0000-0000-0000-000000001691,Ocoyucan,COVID-19,COVID-19,SUSPECTED,1,2026-08-20 00:00:00,,ACTIVE,COVID19MEXICO,2026-08-24
MUNICIPALITY,42000000-0000-0000-0000-000000001691,Ocoyucan,INFLUENZA,Influenza,SUSPECTED,1,2026-08-20 00:00:00,,ACTIVE,COVID19MEXICO,2026-08-24
MUNICIPALITY,42000000-0000-0000-0000-000000001691,Ocoyucan,MEASLES,Measles,CONFIRMED,2,2026-06-14 00:00:00,,ACTIVE,EFES_ABIERTO,2026-08-18
MUNICIPALITY,42000000-0000-0000-0000-000000001691,Ocoyucan,MEASLES,Measles,SUSPECTED,1,2026-08-18 00:00:00,,ACTIVE,EFES_ABIERTO,2026-08-18
MUNICIPALITY,42000000-0000-0000-0000-000000001691,Ocoyucan,RUBELLA,Rubella,SUSPECTED,1,2026-08-18 00:00:00,,ACTIVE,EFES_ABIERTO,2026-08-18
MUNICIPALITY,42000000-0000-0000-0000-000000000145,Ocozocoautla de Espinosa,COVID-19,COVID-19,SUSPECTED,2,2026-07-09 00:00:00,,ACTIVE,COVID19MEXICO,2026-08-24
MUNICIPALITY,42000000-0000-0000-0000-000000000145,Ocozocoautla de Espinosa,INFLUENZA,Influenza,SUSPECTED,2,2026-07-09 00:00:00,,ACTIVE,COVID19MEXICO,2026-08-24
MUNICIPALITY,42000000-0000-0000-0000-000000000145,Ocozocoautla de Espinosa,MEASLES,Measles,CONFIRMED,2,2026-06-05 00:00:00,,ACTIVE,EFES_ABIERTO,2026-08-18
MUNICIPALITY,42000000-0000-0000-0000-000000000145,Ocozocoautla de Espinosa,MEASLES,Measles,SUSPECTED,30,2026-08-18 00:00:00,,ACTIVE,EFES_ABIERTO,2026-08-18
MUNICIPALITY,42000000-0000-0000-0000-000000000145,Ocozocoautla de Espinosa,RUBELLA,Rubella,SUSPECTED,30,2026-08-18 00:00:00,,ACTIVE,EFES_ABIERTO,2026-08-18
MUNICIPALITY,42000000-0000-0000-0000-000000000733,Ocuilan,COVID-19,COVID-19,SUSPECTED,2,2026-07-28 00:00:00,,ACTIVE,COVID19MEXICO,2026-08-24
MUNICIPALITY,42000000-0000-0000-0000-000000000733,Ocuilan,INFLUENZA,Influenza,SUSPECTED,2,2026-07-28 00:00:00,,ACTIVE,COVID19MEXICO,2026-08-24
MUNICIPALITY,42000000-0000-0000-0000-000000000733,Ocuilan,MEASLES,Measles,SUSPECTED,1,2026-08-18 00:00:00,,ACTIVE,EFES_ABIERTO,2026-08-18
MUNICIPALITY,42000000-0000-0000-0000-000000000733,Ocuilan,RUBELLA,Rubella,SUSPECTED,1,2026-08-18 00:00:00,,ACTIVE,EFES_ABIERTO,2026-08-18
MUNICIPALITY,42000000-0000-0000-0000-000000002456,Ojocaliente,MEASLES,Measles,CONFIRMED,1,2026-07-24 00:00:00,,ACTIVE,EFES_ABIERTO,2026-08-18
MUNICIPALITY,42000000-0000-0000-0000-000000000609,Ojuelos de Jalisco,MEASLES,Measles,SUSPECTED,1,2026-08-18 00:00:00,,ACTIVE,EFES_ABIERTO,2026-08-18
MUNICIPALITY,42000000-0000-0000-0000-000000000609,Ojuelos de Jalisco,RUBELLA,Rubella,SUSPECTED,1,2026-08-18 00:00:00,,ACTIVE,EFES_ABIERTO,2026-08-18
MUNICIPALITY,42000000-0000-0000-0000-000000000421,Olinala,COVID-19,COVID-19,SUSPECTED,1,2026-08-06 00:00:00,,ACTIVE,COVID19MEXICO,2026-08-24
MUNICIPALITY,42000000-0000-0000-0000-000000000421,Olinala,INFLUENZA,Influenza,SUSPECTED,1,2026-08-06 00:00:00,,ACTIVE,COVID19MEXICO,2026-08-24
MUNICIPALITY,42000000-0000-0000-0000-000000002219,Omealca,DENGUE,Dengue fever,SUSPECTED,1,2026-07-05 00:00:00,,ACTIVE,DENGUE_ABIERTO,2026-08-20
MUNICIPALITY,42000000-0000-0000-0000-000000000422,Ometepec,MEASLES,Measles,CONFIRMED,1,2026-07-15 00:00:00,,ACTIVE,EFES_ABIERTO,2026-08-18
MUNICIPALITY,42000000-0000-0000-0000-000000002369,Opichen,COVID-19,COVID-19,SUSPECTED,1,2026-08-08 00:00:00,,ACTIVE,COVID19MEXICO,2026-08-24
MUNICIPALITY,42000000-0000-0000-0000-000000002369,Opichen,INFLUENZA,Influenza,CONFIRMED,1,2026-07-01 00:00:00,,ACTIVE,COVID19MEXICO,2026-08-24
MUNICIPALITY,42000000-0000-0000-0000-000000002369,Opichen,INFLUENZA,Influenza,SUSPECTED,1,2026-08-08 00:00:00,,ACTIVE,COVID19MEXICO,2026-08-24
MUNICIPALITY,42000000-0000-0000-0000-000000001693,Oriental,COVID-19,COVID-19,SUSPECTED,3,2026-06-03 00:00:00,,ACTIVE,COVID19MEXICO,2026-08-24
MUNICIPALITY,42000000-0000-0000-0000-000000001693,Oriental,INFLUENZA,Influenza,SUSPECTED,3,2026-06-03 00:00:00,,ACTIVE,COVID19MEXICO,2026-08-24
MUNICIPALITY,42000000-0000-0000-0000-000000002220,Orizaba,MEASLES,Measles,SUSPECTED,2,2026-08-18 00:00:00,,ACTIVE,EFES_ABIERTO,2026-08-18
MUNICIPALITY,42000000-0000-0000-0000-000000002220,Orizaba,RUBELLA,Rubella,SUSPECTED,2,2026-08-18 00:00:00,,ACTIVE,EFES_ABIERTO,2026-08-18
MUNICIPALITY,42000000-0000-0000-0000-000000002221,Otatitlan,COVID-19,COVID-19,SUSPECTED,1,2026-06-01 00:00:00,,ACTIVE,COVID19MEXICO,2026-08-24
MUNICIPALITY,42000000-0000-0000-0000-000000002221,Otatitlan,INFLUENZA,Influenza,SUSPECTED,1,2026-06-01 00:00:00,,ACTIVE,COVID19MEXICO,2026-08-24
MUNICIPALITY,42000000-0000-0000-0000-000000002222,Oteapan,INFLUENZA,Influenza,CONFIRMED,1,2026-06-29 00:00:00,,ACTIVE,COVID19MEXICO,2026-08-24
MUNICIPALITY,42000000-0000-0000-0000-000000001824,Othon P. Blanco,COVID-19,COVID-19,CONFIRMED,10,2026-06-19 00:00:00,,ACTIVE,COVID19MEXICO,2026-08-24
MUNICIPALITY,42000000-0000-0000-0000-000000001824,Othon P. Blanco,COVID-19,COVID-19,SUSPECTED,24,2026-06-01 00:00:00,,ACTIVE,COVID19MEXICO,2026-08-24
MUNICIPALITY,42000000-0000-0000-0000-000000001824,Othon P. Blanco,INFLUENZA,Influenza,CONFIRMED,11,2026-06-02 00:00:00,,ACTIVE,COVID19MEXICO,2026-08-24
MUNICIPALITY,42000000-0000-0000-0000-000000001824,Othon P. Blanco,INFLUENZA,Influenza,SUSPECTED,24,2026-06-01 00:00:00,,ACTIVE,COVID19MEXICO,2026-08-24
MUNICIPALITY,42000000-0000-0000-0000-000000001824,Othon P. Blanco,MEASLES,Measles,SUSPECTED,1,2026-08-18 00:00:00,,ACTIVE,EFES_ABIERTO,2026-08-18
MUNICIPALITY,42000000-0000-0000-0000-000000001824,Othon P. Blanco,RUBELLA,Rubella,SUSPECTED,1,2026-08-18 00:00:00,,ACTIVE,EFES_ABIERTO,2026-08-18
MUNICIPALITY,42000000-0000-0000-0000-000000000735,Otumba,COVID-19,COVID-19,CONFIRMED,1,2026-08-17 00:00:00,,ACTIVE,COVID19MEXICO,2026-08-24
MUNICIPALITY,42000000-0000-0000-0000-000000000735,Otumba,COVID-19,COVID-19,SUSPECTED,1,2026-08-05 00:00:00,,ACTIVE,COVID19MEXICO,2026-08-24
MUNICIPALITY,42000000-0000-0000-0000-000000000735,Otumba,INFLUENZA,Influenza,SUSPECTED,1,2026-08-05 00:00:00,,ACTIVE,COVID19MEXICO,2026-08-24
MUNICIPALITY,42000000-0000-0000-0000-000000000737,Otzolotepec,COVID-19,COVID-19,CONFIRMED,2,2026-07-12 00:00:00,,ACTIVE,COVID19MEXICO,2026-08-24
MUNICIPALITY,42000000-0000-0000-0000-000000000737,Otzolotepec,COVID-19,COVID-19,SUSPECTED,2,2026-06-30 00:00:00,,ACTIVE,COVID19MEXICO,2026-08-24
MUNICIPALITY,42000000-0000-0000-0000-000000000737,Otzolotepec,INFLUENZA,Influenza,SUSPECTED,2,2026-06-30 00:00:00,,ACTIVE,COVID19MEXICO,2026-08-24
MUNICIPALITY,42000000-0000-0000-0000-000000000148,Oxchuc,MEASLES,Measles,SUSPECTED,3,2026-08-18 00:00:00,,ACTIVE,EFES_ABIERTO,2026-08-18
MUNICIPALITY,42000000-0000-0000-0000-000000000148,Oxchuc,RUBELLA,Rubella,SUSPECTED,3,2026-08-18 00:00:00,,ACTIVE,EFES_ABIERTO,2026-08-18
MUNICIPALITY,42000000-0000-0000-0000-000000002370,Oxkutzcab,COVID-19,COVID-19,SUSPECTED,2,2026-06-24 00:00:00,,ACTIVE,COVID19MEXICO,2026-08-24
MUNICIPALITY,42000000-0000-0000-0000-000000002370,Oxkutzcab,INFLUENZA,Influenza,CONFIRMED,1,2026-07-01 00:00:00,,ACTIVE,COVID19MEXICO,2026-08-24
MUNICIPALITY,42000000-0000-0000-0000-000000002370,Oxkutzcab,INFLUENZA,Influenza,SUSPECTED,2,2026-06-24 00:00:00,,ACTIVE,COVID19MEXICO,2026-08-24
MUNICIPALITY,42000000-0000-0000-0000-000000002370,Oxkutzcab,MEASLES,Measles,SUSPECTED,1,2026-08-18 00:00:00,,ACTIVE,EFES_ABIERTO,2026-08-18
MUNICIPALITY,42000000-0000-0000-0000-000000002370,Oxkutzcab,RUBELLA,Rubella,SUSPECTED,1,2026-08-18 00:00:00,,ACTIVE,EFES_ABIERTO,2026-08-18
MUNICIPALITY,42000000-0000-0000-0000-000000000006,Pabellon de Arteaga,COVID-19,COVID-19,SUSPECTED,22,2026-06-02 00:00:00,,ACTIVE,COVID19MEXICO,2026-08-24
MUNICIPALITY,42000000-0000-0000-0000-000000000006,Pabellon de Arteaga,INFLUENZA,Influenza,CONFIRMED,1,2026-06-06 00:00:00,,ACTIVE,COVID19MEXICO,2026-08-24
MUNICIPALITY,42000000-0000-0000-0000-000000000006,Pabellon de Arteaga,INFLUENZA,Influenza,SUSPECTED,22,2026-06-02 00:00:00,,ACTIVE,COVID19MEXICO,2026-08-24
MUNICIPALITY,42000000-0000-0000-0000-000000000509,Pachuca de Soto,COVID-19,COVID-19,CONFIRMED,24,2026-06-06 00:00:00,,ACTIVE,COVID19MEXICO,2026-08-24
MUNICIPALITY,42000000-0000-0000-0000-000000000509,Pachuca de Soto,COVID-19,COVID-19,SUSPECTED,77,2026-06-01 00:00:00,,ACTIVE,COVID19MEXICO,2026-08-24
MUNICIPALITY,42000000-0000-0000-0000-000000000509,Pachuca de Soto,INFLUENZA,Influenza,CONFIRMED,2,2026-08-03 00:00:00,,ACTIVE,COVID19MEXICO,2026-08-24
MUNICIPALITY,42000000-0000-0000-0000-000000000509,Pachuca de Soto,INFLUENZA,Influenza,SUSPECTED,77,2026-06-01 00:00:00,,ACTIVE,COVID19MEXICO,2026-08-24
MUNICIPALITY,42000000-0000-0000-0000-000000000509,Pachuca de Soto,MEASLES,Measles,SUSPECTED,1,2026-08-18 00:00:00,,ACTIVE,EFES_ABIERTO,2026-08-18
MUNICIPALITY,42000000-0000-0000-0000-000000000509,Pachuca de Soto,RUBELLA,Rubella,SUSPECTED,1,2026-08-18 00:00:00,,ACTIVE,EFES_ABIERTO,2026-08-18
MUNICIPALITY,42000000-0000-0000-0000-000000000508,Pacula,COVID-19,COVID-19,SUSPECTED,1,2026-06-28 00:00:00,,ACTIVE,COVID19MEXICO,2026-08-24
MUNICIPALITY,42000000-0000-0000-0000-000000000508,Pacula,INFLUENZA,Influenza,SUSPECTED,1,2026-06-28 00:00:00,,ACTIVE,COVID19MEXICO,2026-08-24
MUNICIPALITY,42000000-0000-0000-0000-000000001694,Pahuatlan,MEASLES,Measles,SUSPECTED,2,2026-08-18 00:00:00,,ACTIVE,EFES_ABIERTO,2026-08-18
MUNICIPALITY,42000000-0000-0000-0000-000000001694,Pahuatlan,RUBELLA,Rubella,SUSPECTED,2,2026-08-18 00:00:00,,ACTIVE,EFES_ABIERTO,2026-08-18
MUNICIPALITY,42000000-0000-0000-0000-000000000149,Palenque,COVID-19,COVID-19,CONFIRMED,4,2026-07-10 00:00:00,,ACTIVE,COVID19MEXICO,2026-08-24
MUNICIPALITY,42000000-0000-0000-0000-000000000149,Palenque,COVID-19,COVID-19,SUSPECTED,1,2026-08-20 00:00:00,,ACTIVE,COVID19MEXICO,2026-08-24
MUNICIPALITY,42000000-0000-0000-0000-000000000149,Palenque,INFLUENZA,Influenza,SUSPECTED,1,2026-08-20 00:00:00,,ACTIVE,COVID19MEXICO,2026-08-24
MUNICIPALITY,42000000-0000-0000-0000-000000000149,Palenque,MEASLES,Measles,SUSPECTED,1,2026-08-18 00:00:00,,ACTIVE,EFES_ABIERTO,2026-08-18
MUNICIPALITY,42000000-0000-0000-0000-000000000149,Palenque,RUBELLA,Rubella,SUSPECTED,1,2026-08-18 00:00:00,,ACTIVE,EFES_ABIERTO,2026-08-18
MUNICIPALITY,42000000-0000-0000-0000-000000002371,Panaba,COVID-19,COVID-19,SUSPECTED,1,2026-07-14 00:00:00,,ACTIVE,COVID19MEXICO,2026-08-24
MUNICIPALITY,42000000-0000-0000-0000-000000002371,Panaba,INFLUENZA,Influenza,SUSPECTED,1,2026-07-14 00:00:00,,ACTIVE,COVID19MEXICO,2026-08-24
MUNICIPALITY,42000000-0000-0000-0000-000000002066,Panotla,COVID-19,COVID-19,CONFIRMED,2,2026-07-17 00:00:00,,ACTIVE,COVID19MEXICO,2026-08-24
MUNICIPALITY,42000000-0000-0000-0000-000000002066,Panotla,COVID-19,COVID-19,SUSPECTED,25,2026-06-13 00:00:00,,ACTIVE,COVID19MEXICO,2026-08-24
MUNICIPALITY,42000000-0000-0000-0000-000000002066,Panotla,INFLUENZA,Influenza,SUSPECTED,25,2026-06-13 00:00:00,,ACTIVE,COVID19MEXICO,2026-08-24
MUNICIPALITY,42000000-0000-0000-0000-000000002066,Panotla,MEASLES,Measles,SUSPECTED,1,2026-08-18 00:00:00,,ACTIVE,EFES_ABIERTO,2026-08-18
MUNICIPALITY,42000000-0000-0000-0000-000000002066,Panotla,RUBELLA,Rubella,SUSPECTED,1,2026-08-18 00:00:00,,ACTIVE,EFES_ABIERTO,2026-08-18
MUNICIPALITY,42000000-0000-0000-0000-000000000150,Pantelho,MEASLES,Measles,SUSPECTED,1,2026-08-18 00:00:00,,ACTIVE,EFES_ABIERTO,2026-08-18
MUNICIPALITY,42000000-0000-0000-0000-000000000150,Pantelho,RUBELLA,Rubella,SUSPECTED,1,2026-08-18 00:00:00,,ACTIVE,EFES_ABIERTO,2026-08-18
MUNICIPALITY,42000000-0000-0000-0000-000000001696,Pantepec,COVID-19,COVID-19,SUSPECTED,1,2026-07-20 00:00:00,,ACTIVE,COVID19MEXICO,2026-08-24
MUNICIPALITY,42000000-0000-0000-0000-000000001696,Pantepec,INFLUENZA,Influenza,SUSPECTED,1,2026-07-20 00:00:00,,ACTIVE,COVID19MEXICO,2026-08-24
MUNICIPALITY,42000000-0000-0000-0000-000000002225,Panuco,COVID-19,COVID-19,CONFIRMED,1,2026-08-08 00:00:00,,ACTIVE,COVID19MEXICO,2026-08-24
MUNICIPALITY,42000000-0000-0000-0000-000000002225,Panuco,COVID-19,COVID-19,SUSPECTED,4,2026-06-03 00:00:00,,ACTIVE,COVID19MEXICO,2026-08-24
MUNICIPALITY,42000000-0000-0000-0000-000000002225,Panuco,DENGUE,Dengue fever,SUSPECTED,1,2026-08-01 00:00:00,,ACTIVE,DENGUE_ABIERTO,2026-08-20
MUNICIPALITY,42000000-0000-0000-0000-000000002457,Panuco,INFLUENZA,Influenza,CONFIRMED,1,2026-07-21 00:00:00,,ACTIVE,COVID19MEXICO,2026-08-24
MUNICIPALITY,42000000-0000-0000-0000-000000002225,Panuco,INFLUENZA,Influenza,SUSPECTED,4,2026-06-03 00:00:00,,ACTIVE,COVID19MEXICO,2026-08-24
MUNICIPALITY,42000000-0000-0000-0000-000000000311,Panuco de Coronado,COVID-19,COVID-19,SUSPECTED,1,2026-08-06 00:00:00,,ACTIVE,COVID19MEXICO,2026-08-24
MUNICIPALITY,42000000-0000-0000-0000-000000000311,Panuco de Coronado,INFLUENZA,Influenza,SUSPECTED,1,2026-08-06 00:00:00,,ACTIVE,COVID19MEXICO,2026-08-24
MUNICIPALITY,42000000-0000-0000-0000-000000002083,Papalotla de Xicohtencatl,COVID-19,COVID-19,CONFIRMED,2,2026-07-09 00:00:00,,ACTIVE,COVID19MEXICO,2026-08-24
MUNICIPALITY,42000000-0000-0000-0000-000000002083,Papalotla de Xicohtencatl,COVID-19,COVID-19,SUSPECTED,6,2026-06-11 00:00:00,,ACTIVE,COVID19MEXICO,2026-08-24
MUNICIPALITY,42000000-0000-0000-0000-000000002083,Papalotla de Xicohtencatl,INFLUENZA,Influenza,SUSPECTED,6,2026-06-11 00:00:00,,ACTIVE,COVID19MEXICO,2026-08-24
MUNICIPALITY,42000000-0000-0000-0000-000000002226,Papantla,COVID-19,COVID-19,SUSPECTED,35,2026-06-10 00:00:00,,ACTIVE,COVID19MEXICO,2026-08-24
MUNICIPALITY,42000000-0000-0000-0000-000000002226,Papantla,INFLUENZA,Influenza,CONFIRMED,1,2026-06-05 00:00:00,,ACTIVE,COVID19MEXICO,2026-08-24
MUNICIPALITY,42000000-0000-0000-0000-000000002226,Papantla,INFLUENZA,Influenza,SUSPECTED,35,2026-06-10 00:00:00,,ACTIVE,COVID19MEXICO,2026-08-24
MUNICIPALITY,42000000-0000-0000-0000-000000002226,Papantla,MEASLES,Measles,SUSPECTED,1,2026-08-18 00:00:00,,ACTIVE,EFES_ABIERTO,2026-08-18
MUNICIPALITY,42000000-0000-0000-0000-000000002226,Papantla,RUBELLA,Rubella,SUSPECTED,1,2026-08-18 00:00:00,,ACTIVE,EFES_ABIERTO,2026-08-18
MUNICIPALITY,42000000-0000-0000-0000-000000000860,Paracho,COVID-19,COVID-19,SUSPECTED,1,2026-07-19 00:00:00,,ACTIVE,COVID19MEXICO,2026-08-24
MUNICIPALITY,42000000-0000-0000-0000-000000000860,Paracho,INFLUENZA,Influenza,SUSPECTED,1,2026-07-19 00:00:00,,ACTIVE,COVID19MEXICO,2026-08-24
MUNICIPALITY,42000000-0000-0000-0000-000000000860,Paracho,MEASLES,Measles,SUSPECTED,3,2026-08-18 00:00:00,,ACTIVE,EFES_ABIERTO,2026-08-18
MUNICIPALITY,42000000-0000-0000-0000-000000000860,Paracho,RUBELLA,Rubella,SUSPECTED,3,2026-08-18 00:00:00,,ACTIVE,EFES_ABIERTO,2026-08-18
MUNICIPALITY,42000000-0000-0000-0000-000000000859,Paracuaro,COVID-19,COVID-19,SUSPECTED,2,2026-08-02 00:00:00,,ACTIVE,COVID19MEXICO,2026-08-24
MUNICIPALITY,42000000-0000-0000-0000-000000000859,Paracuaro,INFLUENZA,Influenza,SUSPECTED,2,2026-08-02 00:00:00,,ACTIVE,COVID19MEXICO,2026-08-24
MUNICIPALITY,42000000-0000-0000-0000-000000001996,Paraiso,COVID-19,COVID-19,SUSPECTED,1,2026-06-25 00:00:00,,ACTIVE,COVID19MEXICO,2026-08-24
MUNICIPALITY,42000000-0000-0000-0000-000000001996,Paraiso,INFLUENZA,Influenza,SUSPECTED,1,2026-06-25 00:00:00,,ACTIVE,COVID19MEXICO,2026-08-24
MUNICIPALITY,42000000-0000-0000-0000-000000000861,Patzcuaro,COVID-19,COVID-19,CONFIRMED,1,2026-06-14 00:00:00,,ACTIVE,COVID19MEXICO,2026-08-24
MUNICIPALITY,42000000-0000-0000-0000-000000000861,Patzcuaro,MEASLES,Measles,SUSPECTED,2,2026-08-18 00:00:00,,ACTIVE,EFES_ABIERTO,2026-08-18
MUNICIPALITY,42000000-0000-0000-0000-000000000861,Patzcuaro,RUBELLA,Rubella,SUSPECTED,2,2026-08-18 00:00:00,,ACTIVE,EFES_ABIERTO,2026-08-18
MUNICIPALITY,42000000-0000-0000-0000-000000001814,Pedro Escobedo,MEASLES,Measles,SUSPECTED,4,2026-08-18 00:00:00,,ACTIVE,EFES_ABIERTO,2026-08-18
MUNICIPALITY,42000000-0000-0000-0000-000000001814,Pedro Escobedo,RUBELLA,Rubella,SUSPECTED,4,2026-08-18 00:00:00,,ACTIVE,EFES_ABIERTO,2026-08-18
MUNICIPALITY,42000000-0000-0000-0000-000000001815,Penamiller,COVID-19,COVID-19,SUSPECTED,1,2026-07-23 00:00:00,,ACTIVE,COVID19MEXICO,2026-08-24
MUNICIPALITY,42000000-0000-0000-0000-000000001815,Penamiller,INFLUENZA,Influenza,SUSPECTED,1,2026-07-23 00:00:00,,ACTIVE,COVID19MEXICO,2026-08-24
MUNICIPALITY,42000000-0000-0000-0000-000000000353,Penjamo,COVID-19,COVID-19,SUSPECTED,1,2026-08-20 00:00:00,,ACTIVE,COVID19MEXICO,2026-08-24
MUNICIPALITY,42000000-0000-0000-0000-000000000353,Penjamo,INFLUENZA,Influenza,SUSPECTED,1,2026-08-20 00:00:00,,ACTIVE,COVID19MEXICO,2026-08-24
MUNICIPALITY,42000000-0000-0000-0000-000000000353,Penjamo,MEASLES,Measles,SUSPECTED,1,2026-08-18 00:00:00,,ACTIVE,EFES_ABIERTO,2026-08-18
MUNICIPALITY,42000000-0000-0000-0000-000000000353,Penjamo,RUBELLA,Rubella,SUSPECTED,1,2026-08-18 00:00:00,,ACTIVE,EFES_ABIERTO,2026-08-18
MUNICIPALITY,42000000-0000-0000-0000-000000000312,Penon Blanco,MEASLES,Measles,CONFIRMED,1,2026-07-08 00:00:00,,ACTIVE,EFES_ABIERTO,2026-08-18
MUNICIPALITY,42000000-0000-0000-0000-000000000312,Penon Blanco,MEASLES,Measles,SUSPECTED,1,2026-08-18 00:00:00,,ACTIVE,EFES_ABIERTO,2026-08-18
MUNICIPALITY,42000000-0000-0000-0000-000000000312,Penon Blanco,RUBELLA,Rubella,SUSPECTED,1,2026-08-18 00:00:00,,ACTIVE,EFES_ABIERTO,2026-08-18
MUNICIPALITY,42000000-0000-0000-0000-000000001005,Pesqueria,COVID-19,COVID-19,SUSPECTED,2,2026-07-14 00:00:00,,ACTIVE,COVID19MEXICO,2026-08-24
MUNICIPALITY,42000000-0000-0000-0000-000000001005,Pesqueria,INFLUENZA,Influenza,SUSPECTED,2,2026-07-14 00:00:00,,ACTIVE,COVID19MEXICO,2026-08-24
MUNICIPALITY,42000000-0000-0000-0000-000000001005,Pesqueria,MEASLES,Measles,SUSPECTED,2,2026-08-18 00:00:00,,ACTIVE,EFES_ABIERTO,2026-08-18
MUNICIPALITY,42000000-0000-0000-0000-000000001005,Pesqueria,RUBELLA,Rubella,SUSPECTED,2,2026-08-18 00:00:00,,ACTIVE,EFES_ABIERTO,2026-08-18
MUNICIPALITY,42000000-0000-0000-0000-000000001697,Petlalcingo,COVID-19,COVID-19,SUSPECTED,1,2026-06-07 00:00:00,,ACTIVE,COVID19MEXICO,2026-08-24
MUNICIPALITY,42000000-0000-0000-0000-000000001697,Petlalcingo,INFLUENZA,Influenza,SUSPECTED,1,2026-06-07 00:00:00,,ACTIVE,COVID19MEXICO,2026-08-24
MUNICIPALITY,42000000-0000-0000-0000-000000002372,Peto,COVID-19,COVID-19,SUSPECTED,8,2026-06-17 00:00:00,,ACTIVE,COVID19MEXICO,2026-08-24
MUNICIPALITY,42000000-0000-0000-0000-000000002372,Peto,INFLUENZA,Influenza,CONFIRMED,1,2026-06-19 00:00:00,,ACTIVE,COVID19MEXICO,2026-08-24
MUNICIPALITY,42000000-0000-0000-0000-000000002372,Peto,INFLUENZA,Influenza,SUSPECTED,8,2026-06-17 00:00:00,,ACTIVE,COVID19MEXICO,2026-08-24
MUNICIPALITY,42000000-0000-0000-0000-000000002372,Peto,MEASLES,Measles,SUSPECTED,2,2026-08-18 00:00:00,,ACTIVE,EFES_ABIERTO,2026-08-18
MUNICIPALITY,42000000-0000-0000-0000-000000002372,Peto,RUBELLA,Rubella,SUSPECTED,2,2026-08-18 00:00:00,,ACTIVE,EFES_ABIERTO,2026-08-18
MUNICIPALITY,42000000-0000-0000-0000-000000000152,Pichucalco,COVID-19,COVID-19,SUSPECTED,2,2026-06-02 00:00:00,,ACTIVE,COVID19MEXICO,2026-08-24
MUNICIPALITY,42000000-0000-0000-0000-000000000152,Pichucalco,INFLUENZA,Influenza,SUSPECTED,2,2026-06-02 00:00:00,,ACTIVE,COVID19MEXICO,2026-08-24
MUNICIPALITY,42000000-0000-0000-0000-000000000152,Pichucalco,MEASLES,Measles,SUSPECTED,4,2026-08-18 00:00:00,,ACTIVE,EFES_ABIERTO,2026-08-18
MUNICIPALITY,42000000-0000-0000-0000-000000000152,Pichucalco,RUBELLA,Rubella,SUSPECTED,4,2026-08-18 00:00:00,,ACTIVE,EFES_ABIERTO,2026-08-18
MUNICIPALITY,42000000-0000-0000-0000-000000000061,Piedras Negras,COVID-19,COVID-19,SUSPECTED,4,2026-06-08 00:00:00,,ACTIVE,COVID19MEXICO,2026-08-24
MUNICIPALITY,42000000-0000-0000-0000-000000000061,Piedras Negras,INFLUENZA,Influenza,SUSPECTED,4,2026-06-08 00:00:00,,ACTIVE,COVID19MEXICO,2026-08-24
MUNICIPALITY,42000000-0000-0000-0000-000000000061,Piedras Negras,MEASLES,Measles,SUSPECTED,1,2026-08-18 00:00:00,,ACTIVE,EFES_ABIERTO,2026-08-18
MUNICIPALITY,42000000-0000-0000-0000-000000000061,Piedras Negras,RUBELLA,Rubella,SUSPECTED,1,2026-08-18 00:00:00,,ACTIVE,EFES_ABIERTO,2026-08-18
MUNICIPALITY,42000000-0000-0000-0000-000000002458,Pinos,MEASLES,Measles,SUSPECTED,1,2026-08-18 00:00:00,,ACTIVE,EFES_ABIERTO,2026-08-18
MUNICIPALITY,42000000-0000-0000-0000-000000002458,Pinos,RUBELLA,Rubella,SUSPECTED,1,2026-08-18 00:00:00,,ACTIVE,EFES_ABIERTO,2026-08-18
MUNICIPALITY,42000000-0000-0000-0000-000000001957,Pitiquito,COVID-19,COVID-19,SUSPECTED,1,2026-07-26 00:00:00,,ACTIVE,COVID19MEXICO,2026-08-24
MUNICIPALITY,42000000-0000-0000-0000-000000001957,Pitiquito,INFLUENZA,Influenza,SUSPECTED,1,2026-07-26 00:00:00,,ACTIVE,COVID19MEXICO,2026-08-24
MUNICIPALITY,42000000-0000-0000-0000-000000002231,Platon Sanchez,COVID-19,COVID-19,SUSPECTED,1,2026-07-18 00:00:00,,ACTIVE,COVID19MEXICO,2026-08-24
MUNICIPALITY,42000000-0000-0000-0000-000000002231,Platon Sanchez,INFLUENZA,Influenza,SUSPECTED,1,2026-07-18 00:00:00,,ACTIVE,COVID19MEXICO,2026-08-24
MUNICIPALITY,42000000-0000-0000-0000-000000002232,Playa Vicente,COVID-19,COVID-19,SUSPECTED,2,2026-06-20 00:00:00,,ACTIVE,COVID19MEXICO,2026-08-24
MUNICIPALITY,42000000-0000-0000-0000-000000002232,Playa Vicente,INFLUENZA,Influenza,SUSPECTED,2,2026-06-20 00:00:00,,ACTIVE,COVID19MEXICO,2026-08-24
MUNICIPALITY,42000000-0000-0000-0000-000000001828,Playa del Carmen,COVID-19,COVID-19,CONFIRMED,9,2026-07-07 00:00:00,,ACTIVE,COVID19MEXICO,2026-08-24
MUNICIPALITY,42000000-0000-0000-0000-000000001828,Playa del Carmen,COVID-19,COVID-19,SUSPECTED,129,2026-06-01 00:00:00,,ACTIVE,COVID19MEXICO,2026-08-24
MUNICIPALITY,42000000-0000-0000-0000-000000001828,Playa del Carmen,INFLUENZA,Influenza,CONFIRMED,9,2026-06-22 00:00:00,,ACTIVE,COVID19MEXICO,2026-08-24
MUNICIPALITY,42000000-0000-0000-0000-000000001828,Playa del Carmen,INFLUENZA,Influenza,SUSPECTED,129,2026-06-01 00:00:00,,ACTIVE,COVID19MEXICO,2026-08-24
MUNICIPALITY,42000000-0000-0000-0000-000000001828,Playa del Carmen,MEASLES,Measles,CONFIRMED,17,2026-06-15 00:00:00,,ACTIVE,EFES_ABIERTO,2026-08-18
MUNICIPALITY,42000000-0000-0000-0000-000000001828,Playa del Carmen,MEASLES,Measles,SUSPECTED,2,2026-08-18 00:00:00,,ACTIVE,EFES_ABIERTO,2026-08-18
MUNICIPALITY,42000000-0000-0000-0000-000000001828,Playa del Carmen,RUBELLA,Rubella,SUSPECTED,2,2026-08-18 00:00:00,,ACTIVE,EFES_ABIERTO,2026-08-18
MUNICIPALITY,42000000-0000-0000-0000-000000000016,Playas de Rosarito,MEASLES,Measles,SUSPECTED,5,2026-08-18 00:00:00,,ACTIVE,EFES_ABIERTO,2026-08-18
MUNICIPALITY,42000000-0000-0000-0000-000000000016,Playas de Rosarito,RUBELLA,Rubella,SUSPECTED,5,2026-08-18 00:00:00,,ACTIVE,EFES_ABIERTO,2026-08-18
MUNICIPALITY,42000000-0000-0000-0000-000000000313,Poanas,MEASLES,Measles,SUSPECTED,1,2026-08-18 00:00:00,,ACTIVE,EFES_ABIERTO,2026-08-18
MUNICIPALITY,42000000-0000-0000-0000-000000000313,Poanas,RUBELLA,Rubella,SUSPECTED,1,2026-08-18 00:00:00,,ACTIVE,EFES_ABIERTO,2026-08-18
MUNICIPALITY,42000000-0000-0000-0000-000000000611,Poncitlan,COVID-19,COVID-19,SUSPECTED,2,2026-08-05 00:00:00,,ACTIVE,COVID19MEXICO,2026-08-24
MUNICIPALITY,42000000-0000-0000-0000-000000000611,Poncitlan,INFLUENZA,Influenza,SUSPECTED,2,2026-08-05 00:00:00,,ACTIVE,COVID19MEXICO,2026-08-24
MUNICIPALITY,42000000-0000-0000-0000-000000000611,Poncitlan,MEASLES,Measles,SUSPECTED,1,2026-08-18 00:00:00,,ACTIVE,EFES_ABIERTO,2026-08-18
MUNICIPALITY,42000000-0000-0000-0000-000000000611,Poncitlan,RUBELLA,Rubella,SUSPECTED,1,2026-08-18 00:00:00,,ACTIVE,EFES_ABIERTO,2026-08-18
MUNICIPALITY,42000000-0000-0000-0000-000000002233,Poza Rica de Hidalgo,COVID-19,COVID-19,SUSPECTED,89,2026-06-05 00:00:00,,ACTIVE,COVID19MEXICO,2026-08-24
MUNICIPALITY,42000000-0000-0000-0000-000000002233,Poza Rica de Hidalgo,DENGUE,Dengue fever,SUSPECTED,1,2026-07-25 00:00:00,,ACTIVE,DENGUE_ABIERTO,2026-08-20
MUNICIPALITY,42000000-0000-0000-0000-000000002233,Poza Rica de Hidalgo,INFLUENZA,Influenza,CONFIRMED,1,2026-06-07 00:00:00,,ACTIVE,COVID19MEXICO,2026-08-24
MUNICIPALITY,42000000-0000-0000-0000-000000002233,Poza Rica de Hidalgo,INFLUENZA,Influenza,SUSPECTED,89,2026-06-05 00:00:00,,ACTIVE,COVID19MEXICO,2026-08-24
MUNICIPALITY,42000000-0000-0000-0000-000000002233,Poza Rica de Hidalgo,MEASLES,Measles,SUSPECTED,4,2026-08-18 00:00:00,,ACTIVE,EFES_ABIERTO,2026-08-18
MUNICIPALITY,42000000-0000-0000-0000-000000002233,Poza Rica de Hidalgo,RUBELLA,Rubella,SUSPECTED,4,2026-08-18 00:00:00,,ACTIVE,EFES_ABIERTO,2026-08-18
MUNICIPALITY,42000000-0000-0000-0000-000000002373,Progreso,COVID-19,COVID-19,CONFIRMED,9,2026-06-24 00:00:00,,ACTIVE,COVID19MEXICO,2026-08-24
MUNICIPALITY,42000000-0000-0000-0000-000000002373,Progreso,COVID-19,COVID-19,SUSPECTED,48,2026-06-01 00:00:00,,ACTIVE,COVID19MEXICO,2026-08-24
MUNICIPALITY,42000000-0000-0000-0000-000000000062,Progreso,DENGUE,Dengue fever,SUSPECTED,1,2026-08-01 00:00:00,,ACTIVE,DENGUE_ABIERTO,2026-08-20
MUNICIPALITY,42000000-0000-0000-0000-000000002373,Progreso,INFLUENZA,Influenza,CONFIRMED,11,2026-06-15 00:00:00,,ACTIVE,COVID19MEXICO,2026-08-24
MUNICIPALITY,42000000-0000-0000-0000-000000002373,Progreso,INFLUENZA,Influenza,SUSPECTED,48,2026-06-01 00:00:00,,ACTIVE,COVID19MEXICO,2026-08-24
MUNICIPALITY,42000000-0000-0000-0000-000000000511,Progreso de Obregon,COVID-19,COVID-19,SUSPECTED,1,2026-08-14 00:00:00,,ACTIVE,COVID19MEXICO,2026-08-24
MUNICIPALITY,42000000-0000-0000-0000-000000000511,Progreso de Obregon,INFLUENZA,Influenza,SUSPECTED,1,2026-08-14 00:00:00,,ACTIVE,COVID19MEXICO,2026-08-24
MUNICIPALITY,42000000-0000-0000-0000-000000001699,Puebla,COVID-19,COVID-19,CONFIRMED,68,2026-06-04 00:00:00,,ACTIVE,COVID19MEXICO,2026-08-24
MUNICIPALITY,42000000-0000-0000-0000-000000001699,Puebla,COVID-19,COVID-19,SUSPECTED,1182,2026-06-01 00:00:00,,ACTIVE,COVID19MEXICO,2026-08-24
MUNICIPALITY,42000000-0000-0000-0000-000000001699,Puebla,INFLUENZA,Influenza,CONFIRMED,5,2026-06-15 00:00:00,,ACTIVE,COVID19MEXICO,2026-08-24
MUNICIPALITY,42000000-0000-0000-0000-000000001699,Puebla,INFLUENZA,Influenza,SUSPECTED,1182,2026-06-01 00:00:00,,ACTIVE,COVID19MEXICO,2026-08-24
MUNICIPALITY,42000000-0000-0000-0000-000000001699,Puebla,MEASLES,Measles,CONFIRMED,8,2026-06-08 00:00:00,,ACTIVE,EFES_ABIERTO,2026-08-18
MUNICIPALITY,42000000-0000-0000-0000-000000001699,Puebla,MEASLES,Measles,SUSPECTED,29,2026-08-18 00:00:00,,ACTIVE,EFES_ABIERTO,2026-08-18
MUNICIPALITY,42000000-0000-0000-0000-000000001699,Puebla,RUBELLA,Rubella,SUSPECTED,29,2026-08-18 00:00:00,,ACTIVE,EFES_ABIERTO,2026-08-18
MUNICIPALITY,42000000-0000-0000-0000-000000000314,Pueblo Nuevo,COVID-19,COVID-19,CONFIRMED,1,2026-07-07 00:00:00,,ACTIVE,COVID19MEXICO,2026-08-24
MUNICIPALITY,42000000-0000-0000-0000-000000000314,Pueblo Nuevo,COVID-19,COVID-19,SUSPECTED,1,2026-08-01 00:00:00,,ACTIVE,COVID19MEXICO,2026-08-24
MUNICIPALITY,42000000-0000-0000-0000-000000000314,Pueblo Nuevo,INFLUENZA,Influenza,SUSPECTED,1,2026-08-01 00:00:00,,ACTIVE,COVID19MEXICO,2026-08-24
MUNICIPALITY,42000000-0000-0000-0000-000000000314,Pueblo Nuevo,MEASLES,Measles,CONFIRMED,6,2026-06-02 00:00:00,,ACTIVE,EFES_ABIERTO,2026-08-18
MUNICIPALITY,42000000-0000-0000-0000-000000000314,Pueblo Nuevo,MEASLES,Measles,SUSPECTED,20,2026-08-18 00:00:00,,ACTIVE,EFES_ABIERTO,2026-08-18
MUNICIPALITY,42000000-0000-0000-0000-000000000314,Pueblo Nuevo,RUBELLA,Rubella,SUSPECTED,20,2026-08-18 00:00:00,,ACTIVE,EFES_ABIERTO,2026-08-18
MUNICIPALITY,42000000-0000-0000-0000-000000002235,Pueblo Viejo,COVID-19,COVID-19,SUSPECTED,3,2026-06-30 00:00:00,,ACTIVE,COVID19MEXICO,2026-08-24
MUNICIPALITY,42000000-0000-0000-0000-000000002235,Pueblo Viejo,INFLUENZA,Influenza,SUSPECTED,3,2026-06-30 00:00:00,,ACTIVE,COVID19MEXICO,2026-08-24
MUNICIPALITY,42000000-0000-0000-0000-000000002236,Puente Nacional,MEASLES,Measles,SUSPECTED,1,2026-08-18 00:00:00,,ACTIVE,EFES_ABIERTO,2026-08-18
MUNICIPALITY,42000000-0000-0000-0000-000000002236,Puente Nacional,RUBELLA,Rubella,SUSPECTED,1,2026-08-18 00:00:00,,ACTIVE,EFES_ABIERTO,2026-08-18
MUNICIPALITY,42000000-0000-0000-0000-000000000925,Puente de Ixtla,COVID-19,COVID-19,CONFIRMED,2,2026-07-20 00:00:00,,ACTIVE,COVID19MEXICO,2026-08-24
MUNICIPALITY,42000000-0000-0000-0000-000000000925,Puente de Ixtla,COVID-19,COVID-19,SUSPECTED,2,2026-07-06 00:00:00,,ACTIVE,COVID19MEXICO,2026-08-24
MUNICIPALITY,42000000-0000-0000-0000-000000000925,Puente de Ixtla,INFLUENZA,Influenza,SUSPECTED,2,2026-07-06 00:00:00,,ACTIVE,COVID19MEXICO,2026-08-24
MUNICIPALITY,42000000-0000-0000-0000-000000001831,Puerto Morelos,COVID-19,COVID-19,CONFIRMED,1,2026-07-21 00:00:00,,ACTIVE,COVID19MEXICO,2026-08-24
MUNICIPALITY,42000000-0000-0000-0000-000000000612,Puerto Vallarta,COVID-19,COVID-19,CONFIRMED,2,2026-06-03 00:00:00,,ACTIVE,COVID19MEXICO,2026-08-24
MUNICIPALITY,42000000-0000-0000-0000-000000000612,Puerto Vallarta,COVID-19,COVID-19,SUSPECTED,22,2026-06-14 00:00:00,,ACTIVE,COVID19MEXICO,2026-08-24
MUNICIPALITY,42000000-0000-0000-0000-000000000612,Puerto Vallarta,INFLUENZA,Influenza,CONFIRMED,4,2026-07-11 00:00:00,,ACTIVE,COVID19MEXICO,2026-08-24
MUNICIPALITY,42000000-0000-0000-0000-000000000612,Puerto Vallarta,INFLUENZA,Influenza,SUSPECTED,22,2026-06-14 00:00:00,,ACTIVE,COVID19MEXICO,2026-08-24
MUNICIPALITY,42000000-0000-0000-0000-000000000612,Puerto Vallarta,MEASLES,Measles,CONFIRMED,5,2026-06-12 00:00:00,,ACTIVE,EFES_ABIERTO,2026-08-18
MUNICIPALITY,42000000-0000-0000-0000-000000000612,Puerto Vallarta,MEASLES,Measles,SUSPECTED,9,2026-08-18 00:00:00,,ACTIVE,EFES_ABIERTO,2026-08-18
MUNICIPALITY,42000000-0000-0000-0000-000000000612,Puerto Vallarta,RUBELLA,Rubella,SUSPECTED,9,2026-08-18 00:00:00,,ACTIVE,EFES_ABIERTO,2026-08-18
MUNICIPALITY,42000000-0000-0000-0000-000000000866,Puruandiro,COVID-19,COVID-19,CONFIRMED,1,2026-07-28 00:00:00,,ACTIVE,COVID19MEXICO,2026-08-24
MUNICIPALITY,42000000-0000-0000-0000-000000000866,Puruandiro,COVID-19,COVID-19,SUSPECTED,1,2026-06-07 00:00:00,,ACTIVE,COVID19MEXICO,2026-08-24
MUNICIPALITY,42000000-0000-0000-0000-000000000866,Puruandiro,INFLUENZA,Influenza,SUSPECTED,1,2026-06-07 00:00:00,,ACTIVE,COVID19MEXICO,2026-08-24
MUNICIPALITY,42000000-0000-0000-0000-000000001088,Putla Villa de Guerrero,COVID-19,COVID-19,SUSPECTED,1,2026-08-02 00:00:00,,ACTIVE,COVID19MEXICO,2026-08-24
MUNICIPALITY,42000000-0000-0000-0000-000000001088,Putla Villa de Guerrero,INFLUENZA,Influenza,SUSPECTED,1,2026-08-02 00:00:00,,ACTIVE,COVID19MEXICO,2026-08-24
MUNICIPALITY,42000000-0000-0000-0000-000000000427,Quechultenango,DENGUE,Dengue fever,SUSPECTED,1,2026-08-05 00:00:00,,ACTIVE,DENGUE_ABIERTO,2026-08-20
MUNICIPALITY,42000000-0000-0000-0000-000000001816,Queretaro,COVID-19,COVID-19,CONFIRMED,12,2026-06-08 00:00:00,,ACTIVE,COVID19MEXICO,2026-08-24
MUNICIPALITY,42000000-0000-0000-0000-000000001816,Queretaro,COVID-19,COVID-19,SUSPECTED,38,2026-06-05 00:00:00,,ACTIVE,COVID19MEXICO,2026-08-24
MUNICIPALITY,42000000-0000-0000-0000-000000001816,Queretaro,INFLUENZA,Influenza,CONFIRMED,3,2026-06-06 00:00:00,,ACTIVE,COVID19MEXICO,2026-08-24
MUNICIPALITY,42000000-0000-0000-0000-000000001816,Queretaro,INFLUENZA,Influenza,SUSPECTED,38,2026-06-05 00:00:00,,ACTIVE,COVID19MEXICO,2026-08-24
MUNICIPALITY,42000000-0000-0000-0000-000000001816,Queretaro,MEASLES,Measles,SUSPECTED,16,2026-08-18 00:00:00,,ACTIVE,EFES_ABIERTO,2026-08-18
MUNICIPALITY,42000000-0000-0000-0000-000000001816,Queretaro,RUBELLA,Rubella,SUSPECTED,16,2026-08-18 00:00:00,,ACTIVE,EFES_ABIERTO,2026-08-18
MUNICIPALITY,42000000-0000-0000-0000-000000002237,Rafael Delgado,MEASLES,Measles,SUSPECTED,1,2026-08-18 00:00:00,,ACTIVE,EFES_ABIERTO,2026-08-18
MUNICIPALITY,42000000-0000-0000-0000-000000002237,Rafael Delgado,RUBELLA,Rubella,SUSPECTED,1,2026-08-18 00:00:00,,ACTIVE,EFES_ABIERTO,2026-08-18
MUNICIPALITY,42000000-0000-0000-0000-000000000063,Ramos Arizpe,MEASLES,Measles,CONFIRMED,1,2026-06-12 00:00:00,,ACTIVE,EFES_ABIERTO,2026-08-18
MUNICIPALITY,42000000-0000-0000-0000-000000000063,Ramos Arizpe,MEASLES,Measles,SUSPECTED,2,2026-08-18 00:00:00,,ACTIVE,EFES_ABIERTO,2026-08-18
MUNICIPALITY,42000000-0000-0000-0000-000000000063,Ramos Arizpe,RUBELLA,Rubella,SUSPECTED,2,2026-08-18 00:00:00,,ACTIVE,EFES_ABIERTO,2026-08-18
MUNICIPALITY,42000000-0000-0000-0000-000000000158,Reforma,COVID-19,COVID-19,SUSPECTED,31,2026-06-03 00:00:00,,ACTIVE,COVID19MEXICO,2026-08-24
MUNICIPALITY,42000000-0000-0000-0000-000000000158,Reforma,INFLUENZA,Influenza,SUSPECTED,31,2026-06-03 00:00:00,,ACTIVE,COVID19MEXICO,2026-08-24
MUNICIPALITY,42000000-0000-0000-0000-000000001092,Reyes Etla,COVID-19,COVID-19,SUSPECTED,2,2026-06-24 00:00:00,,ACTIVE,COVID19MEXICO,2026-08-24
MUNICIPALITY,42000000-0000-0000-0000-000000001092,Reyes Etla,INFLUENZA,Influenza,SUSPECTED,2,2026-06-24 00:00:00,,ACTIVE,COVID19MEXICO,2026-08-24
MUNICIPALITY,42000000-0000-0000-0000-000000002031,Reynosa,COVID-19,COVID-19,CONFIRMED,11,2026-07-14 00:00:00,,ACTIVE,COVID19MEXICO,2026-08-24
MUNICIPALITY,42000000-0000-0000-0000-000000002031,Reynosa,COVID-19,COVID-19,SUSPECTED,23,2026-06-07 00:00:00,,ACTIVE,COVID19MEXICO,2026-08-24
MUNICIPALITY,42000000-0000-0000-0000-000000002031,Reynosa,DENGUE,Dengue fever,SUSPECTED,1,2026-06-14 00:00:00,,ACTIVE,DENGUE_ABIERTO,2026-08-20
MUNICIPALITY,42000000-0000-0000-0000-000000002031,Reynosa,INFLUENZA,Influenza,SUSPECTED,23,2026-06-07 00:00:00,,ACTIVE,COVID19MEXICO,2026-08-24
MUNICIPALITY,42000000-0000-0000-0000-000000002031,Reynosa,MEASLES,Measles,SUSPECTED,4,2026-08-18 00:00:00,,ACTIVE,EFES_ABIERTO,2026-08-18
MUNICIPALITY,42000000-0000-0000-0000-000000002031,Reynosa,RUBELLA,Rubella,SUSPECTED,4,2026-08-18 00:00:00,,ACTIVE,EFES_ABIERTO,2026-08-18
MUNICIPALITY,42000000-0000-0000-0000-000000000007,Rincon de Romos,COVID-19,COVID-19,CONFIRMED,1,2026-06-29 00:00:00,,ACTIVE,COVID19MEXICO,2026-08-24
MUNICIPALITY,42000000-0000-0000-0000-000000000007,Rincon de Romos,COVID-19,COVID-19,SUSPECTED,38,2026-06-04 00:00:00,,ACTIVE,COVID19MEXICO,2026-08-24
MUNICIPALITY,42000000-0000-0000-0000-000000000007,Rincon de Romos,INFLUENZA,Influenza,SUSPECTED,38,2026-06-04 00:00:00,,ACTIVE,COVID19MEXICO,2026-08-24
MUNICIPALITY,42000000-0000-0000-0000-000000002240,Rio Blanco,MEASLES,Measles,SUSPECTED,2,2026-08-18 00:00:00,,ACTIVE,EFES_ABIERTO,2026-08-18
MUNICIPALITY,42000000-0000-0000-0000-000000002240,Rio Blanco,RUBELLA,Rubella,SUSPECTED,2,2026-08-18 00:00:00,,ACTIVE,EFES_ABIERTO,2026-08-18
MUNICIPALITY,42000000-0000-0000-0000-000000002032,Rio Bravo,COVID-19,COVID-19,CONFIRMED,2,2026-07-11 00:00:00,,ACTIVE,COVID19MEXICO,2026-08-24
MUNICIPALITY,42000000-0000-0000-0000-000000002032,Rio Bravo,COVID-19,COVID-19,SUSPECTED,1,2026-07-26 00:00:00,,ACTIVE,COVID19MEXICO,2026-08-24
MUNICIPALITY,42000000-0000-0000-0000-000000002032,Rio Bravo,INFLUENZA,Influenza,SUSPECTED,1,2026-07-26 00:00:00,,ACTIVE,COVID19MEXICO,2026-08-24
MUNICIPALITY,42000000-0000-0000-0000-000000002032,Rio Bravo,MEASLES,Measles,SUSPECTED,1,2026-08-18 00:00:00,,ACTIVE,EFES_ABIERTO,2026-08-18
MUNICIPALITY,42000000-0000-0000-0000-000000002032,Rio Bravo,RUBELLA,Rubella,SUSPECTED,1,2026-08-18 00:00:00,,ACTIVE,EFES_ABIERTO,2026-08-18
MUNICIPALITY,42000000-0000-0000-0000-000000002375,Rio Lagartos,COVID-19,COVID-19,SUSPECTED,1,2026-08-19 00:00:00,,ACTIVE,COVID19MEXICO,2026-08-24
MUNICIPALITY,42000000-0000-0000-0000-000000002375,Rio Lagartos,INFLUENZA,Influenza,SUSPECTED,1,2026-08-19 00:00:00,,ACTIVE,COVID19MEXICO,2026-08-24
MUNICIPALITY,42000000-0000-0000-0000-000000000262,Riva Palacio,COVID-19,COVID-19,SUSPECTED,1,2026-08-17 00:00:00,,ACTIVE,COVID19MEXICO,2026-08-24
MUNICIPALITY,42000000-0000-0000-0000-000000000262,Riva Palacio,INFLUENZA,Influenza,SUSPECTED,1,2026-08-17 00:00:00,,ACTIVE,COVID19MEXICO,2026-08-24
MUNICIPALITY,42000000-0000-0000-0000-000000000356,Romita,COVID-19,COVID-19,SUSPECTED,4,2026-06-14 00:00:00,,ACTIVE,COVID19MEXICO,2026-08-24
MUNICIPALITY,42000000-0000-0000-0000-000000000356,Romita,INFLUENZA,Influenza,SUSPECTED,4,2026-06-14 00:00:00,,ACTIVE,COVID19MEXICO,2026-08-24
MUNICIPALITY,42000000-0000-0000-0000-000000001961,Rosario,DENGUE,Dengue fever,SUSPECTED,1,2026-07-27 00:00:00,,ACTIVE,DENGUE_ABIERTO,2026-08-20
MUNICIPALITY,42000000-0000-0000-0000-000000001904,Rosario,MEASLES,Measles,CONFIRMED,1,2026-06-16 00:00:00,,ACTIVE,EFES_ABIERTO,2026-08-18
MUNICIPALITY,42000000-0000-0000-0000-000000000955,Ruiz,COVID-19,COVID-19,SUSPECTED,2,2026-06-15 00:00:00,,ACTIVE,COVID19MEXICO,2026-08-24
MUNICIPALITY,42000000-0000-0000-0000-000000000955,Ruiz,INFLUENZA,Influenza,SUSPECTED,2,2026-06-15 00:00:00,,ACTIVE,COVID19MEXICO,2026-08-24
MUNICIPALITY,42000000-0000-0000-0000-000000000064,Sabinas,COVID-19,COVID-19,SUSPECTED,13,2026-06-05 00:00:00,,ACTIVE,COVID19MEXICO,2026-08-24
MUNICIPALITY,42000000-0000-0000-0000-000000000064,Sabinas,DENGUE,Dengue fever,SUSPECTED,2,2026-06-16 00:00:00,,ACTIVE,DENGUE_ABIERTO,2026-08-20
MUNICIPALITY,42000000-0000-0000-0000-000000000064,Sabinas,INFLUENZA,Influenza,SUSPECTED,13,2026-06-05 00:00:00,,ACTIVE,COVID19MEXICO,2026-08-24
MUNICIPALITY,42000000-0000-0000-0000-000000001008,Sabinas Hidalgo,COVID-19,COVID-19,CONFIRMED,3,2026-06-23 00:00:00,,ACTIVE,COVID19MEXICO,2026-08-24
MUNICIPALITY,42000000-0000-0000-0000-000000002376,Sacalum,INFLUENZA,Influenza,CONFIRMED,1,2026-06-21 00:00:00,,ACTIVE,COVID19MEXICO,2026-08-24
MUNICIPALITY,42000000-0000-0000-0000-000000000871,Sahuayo,MEASLES,Measles,SUSPECTED,1,2026-08-18 00:00:00,,ACTIVE,EFES_ABIERTO,2026-08-18
MUNICIPALITY,42000000-0000-0000-0000-000000000871,Sahuayo,RUBELLA,Rubella,SUSPECTED,1,2026-08-18 00:00:00,,ACTIVE,EFES_ABIERTO,2026-08-18
MUNICIPALITY,42000000-0000-0000-0000-000000000357,Salamanca,COVID-19,COVID-19,SUSPECTED,4,2026-06-18 00:00:00,,ACTIVE,COVID19MEXICO,2026-08-24
MUNICIPALITY,42000000-0000-0000-0000-000000000357,Salamanca,INFLUENZA,Influenza,SUSPECTED,4,2026-06-18 00:00:00,,ACTIVE,COVID19MEXICO,2026-08-24
MUNICIPALITY,42000000-0000-0000-0000-000000001094,Salina Cruz,COVID-19,COVID-19,CONFIRMED,3,2026-07-10 00:00:00,,ACTIVE,COVID19MEXICO,2026-08-24
MUNICIPALITY,42000000-0000-0000-0000-000000001094,Salina Cruz,COVID-19,COVID-19,SUSPECTED,5,2026-06-11 00:00:00,,ACTIVE,COVID19MEXICO,2026-08-24
MUNICIPALITY,42000000-0000-0000-0000-000000001094,Salina Cruz,INFLUENZA,Influenza,CONFIRMED,3,2026-06-20 00:00:00,,ACTIVE,COVID19MEXICO,2026-08-24
MUNICIPALITY,42000000-0000-0000-0000-000000001094,Salina Cruz,INFLUENZA,Influenza,SUSPECTED,5,2026-06-11 00:00:00,,ACTIVE,COVID19MEXICO,2026-08-24
MUNICIPALITY,42000000-0000-0000-0000-000000001856,Salinas,INFLUENZA,Influenza,CONFIRMED,1,2026-06-04 00:00:00,,ACTIVE,COVID19MEXICO,2026-08-24
MUNICIPALITY,42000000-0000-0000-0000-000000001009,Salinas Victoria,COVID-19,COVID-19,CONFIRMED,1,2026-07-31 00:00:00,,ACTIVE,COVID19MEXICO,2026-08-24
MUNICIPALITY,42000000-0000-0000-0000-000000001009,Salinas Victoria,COVID-19,COVID-19,SUSPECTED,3,2026-07-22 00:00:00,,ACTIVE,COVID19MEXICO,2026-08-24
MUNICIPALITY,42000000-0000-0000-0000-000000001009,Salinas Victoria,INFLUENZA,Influenza,SUSPECTED,3,2026-07-22 00:00:00,,ACTIVE,COVID19MEXICO,2026-08-24
MUNICIPALITY,42000000-0000-0000-0000-000000000066,Saltillo,COVID-19,COVID-19,CONFIRMED,13,2026-06-04 00:00:00,,ACTIVE,COVID19MEXICO,2026-08-24
MUNICIPALITY,42000000-0000-0000-0000-000000000066,Saltillo,COVID-19,COVID-19,SUSPECTED,4,2026-07-08 00:00:00,,ACTIVE,COVID19MEXICO,2026-08-24
MUNICIPALITY,42000000-0000-0000-0000-000000000066,Saltillo,DENGUE,Dengue fever,SUSPECTED,1,2026-07-27 00:00:00,,ACTIVE,DENGUE_ABIERTO,2026-08-20
MUNICIPALITY,42000000-0000-0000-0000-000000000066,Saltillo,INFLUENZA,Influenza,CONFIRMED,1,2026-06-17 00:00:00,,ACTIVE,COVID19MEXICO,2026-08-24
MUNICIPALITY,42000000-0000-0000-0000-000000000066,Saltillo,INFLUENZA,Influenza,SUSPECTED,4,2026-07-08 00:00:00,,ACTIVE,COVID19MEXICO,2026-08-24
MUNICIPALITY,42000000-0000-0000-0000-000000000066,Saltillo,MEASLES,Measles,CONFIRMED,67,2026-06-03 00:00:00,,ACTIVE,EFES_ABIERTO,2026-08-18
MUNICIPALITY,42000000-0000-0000-0000-000000000066,Saltillo,MEASLES,Measles,SUSPECTED,20,2026-08-18 00:00:00,,ACTIVE,EFES_ABIERTO,2026-08-18
MUNICIPALITY,42000000-0000-0000-0000-000000000066,Saltillo,RUBELLA,Rubella,SUSPECTED,20,2026-08-18 00:00:00,,ACTIVE,EFES_ABIERTO,2026-08-18
MUNICIPALITY,42000000-0000-0000-0000-000000000161,Salto de Agua,MEASLES,Measles,SUSPECTED,1,2026-08-18 00:00:00,,ACTIVE,EFES_ABIERTO,2026-08-18
MUNICIPALITY,42000000-0000-0000-0000-000000000161,Salto de Agua,RUBELLA,Rubella,SUSPECTED,1,2026-08-18 00:00:00,,ACTIVE,EFES_ABIERTO,2026-08-18
MUNICIPALITY,42000000-0000-0000-0000-000000000874,Salvador Escalante,COVID-19,COVID-19,SUSPECTED,1,2026-06-07 00:00:00,,ACTIVE,COVID19MEXICO,2026-08-24
MUNICIPALITY,42000000-0000-0000-0000-000000000874,Salvador Escalante,INFLUENZA,Influenza,SUSPECTED,1,2026-06-07 00:00:00,,ACTIVE,COVID19MEXICO,2026-08-24
MUNICIPALITY,42000000-0000-0000-0000-000000000874,Salvador Escalante,MEASLES,Measles,SUSPECTED,1,2026-08-18 00:00:00,,ACTIVE,EFES_ABIERTO,2026-08-18
MUNICIPALITY,42000000-0000-0000-0000-000000000874,Salvador Escalante,RUBELLA,Rubella,SUSPECTED,1,2026-08-18 00:00:00,,ACTIVE,EFES_ABIERTO,2026-08-18
MUNICIPALITY,42000000-0000-0000-0000-000000000358,Salvatierra,COVID-19,COVID-19,SUSPECTED,2,2026-07-05 00:00:00,,ACTIVE,COVID19MEXICO,2026-08-24
MUNICIPALITY,42000000-0000-0000-0000-000000000358,Salvatierra,INFLUENZA,Influenza,SUSPECTED,2,2026-07-05 00:00:00,,ACTIVE,COVID19MEXICO,2026-08-24
MUNICIPALITY,42000000-0000-0000-0000-000000001099,San Agustin Etla,COVID-19,COVID-19,CONFIRMED,1,2026-08-03 00:00:00,,ACTIVE,COVID19MEXICO,2026-08-24
MUNICIPALITY,42000000-0000-0000-0000-000000000513,San Agustin Tlaxiaca,COVID-19,COVID-19,CONFIRMED,2,2026-06-18 00:00:00,,ACTIVE,COVID19MEXICO,2026-08-24
MUNICIPALITY,42000000-0000-0000-0000-000000000513,San Agustin Tlaxiaca,COVID-19,COVID-19,SUSPECTED,4,2026-06-05 00:00:00,,ACTIVE,COVID19MEXICO,2026-08-24
MUNICIPALITY,42000000-0000-0000-0000-000000000513,San Agustin Tlaxiaca,INFLUENZA,Influenza,SUSPECTED,4,2026-06-05 00:00:00,,ACTIVE,COVID19MEXICO,2026-08-24
MUNICIPALITY,42000000-0000-0000-0000-000000001098,San Agustin de las Juntas,COVID-19,COVID-19,CONFIRMED,1,2026-06-27 00:00:00,,ACTIVE,COVID19MEXICO,2026-08-24
MUNICIPALITY,42000000-0000-0000-0000-000000001098,San Agustin de las Juntas,COVID-19,COVID-19,SUSPECTED,2,2026-07-07 00:00:00,,ACTIVE,COVID19MEXICO,2026-08-24
MUNICIPALITY,42000000-0000-0000-0000-000000001098,San Agustin de las Juntas,INFLUENZA,Influenza,SUSPECTED,2,2026-07-07 00:00:00,,ACTIVE,COVID19MEXICO,2026-08-24
MUNICIPALITY,42000000-0000-0000-0000-000000001704,San Andres Cholula,COVID-19,COVID-19,CONFIRMED,3,2026-06-15 00:00:00,,ACTIVE,COVID19MEXICO,2026-08-24
MUNICIPALITY,42000000-0000-0000-0000-000000001704,San Andres Cholula,COVID-19,COVID-19,SUSPECTED,12,2026-06-13 00:00:00,,ACTIVE,COVID19MEXICO,2026-08-24
MUNICIPALITY,42000000-0000-0000-0000-000000001704,San Andres Cholula,INFLUENZA,Influenza,SUSPECTED,12,2026-06-13 00:00:00,,ACTIVE,COVID19MEXICO,2026-08-24
MUNICIPALITY,42000000-0000-0000-0000-000000001109,San Andres Nuxino,COVID-19,COVID-19,SUSPECTED,1,2026-06-27 00:00:00,,ACTIVE,COVID19MEXICO,2026-08-24
MUNICIPALITY,42000000-0000-0000-0000-000000001109,San Andres Nuxino,INFLUENZA,Influenza,SUSPECTED,1,2026-06-27 00:00:00,,ACTIVE,COVID19MEXICO,2026-08-24
MUNICIPALITY,42000000-0000-0000-0000-000000002243,San Andres Tuxtla,COVID-19,COVID-19,SUSPECTED,9,2026-06-01 00:00:00,,ACTIVE,COVID19MEXICO,2026-08-24
MUNICIPALITY,42000000-0000-0000-0000-000000002243,San Andres Tuxtla,INFLUENZA,Influenza,SUSPECTED,9,2026-06-01 00:00:00,,ACTIVE,COVID19MEXICO,2026-08-24
MUNICIPALITY,42000000-0000-0000-0000-000000001117,San Andres Zautla,COVID-19,COVID-19,SUSPECTED,1,2026-06-04 00:00:00,,ACTIVE,COVID19MEXICO,2026-08-24
MUNICIPALITY,42000000-0000-0000-0000-000000001117,San Andres Zautla,INFLUENZA,Influenza,SUSPECTED,1,2026-06-04 00:00:00,,ACTIVE,COVID19MEXICO,2026-08-24
MUNICIPALITY,42000000-0000-0000-0000-000000001857,San Antonio,INFLUENZA,Influenza,CONFIRMED,1,2026-07-30 00:00:00,,ACTIVE,COVID19MEXICO,2026-08-24
MUNICIPALITY,42000000-0000-0000-0000-000000001705,San Antonio Canada,COVID-19,COVID-19,SUSPECTED,1,2026-07-02 00:00:00,,ACTIVE,COVID19MEXICO,2026-08-24
MUNICIPALITY,42000000-0000-0000-0000-000000001705,San Antonio Canada,INFLUENZA,Influenza,SUSPECTED,1,2026-07-02 00:00:00,,ACTIVE,COVID19MEXICO,2026-08-24
MUNICIPALITY,42000000-0000-0000-0000-000000001122,San Antonio de la Cal,COVID-19,COVID-19,SUSPECTED,3,2026-07-20 00:00:00,,ACTIVE,COVID19MEXICO,2026-08-24
MUNICIPALITY,42000000-0000-0000-0000-000000001122,San Antonio de la Cal,INFLUENZA,Influenza,SUSPECTED,3,2026-07-20 00:00:00,,ACTIVE,COVID19MEXICO,2026-08-24
MUNICIPALITY,42000000-0000-0000-0000-000000000743,San Antonio la Isla,COVID-19,COVID-19,SUSPECTED,1,2026-07-19 00:00:00,,ACTIVE,COVID19MEXICO,2026-08-24
MUNICIPALITY,42000000-0000-0000-0000-000000000743,San Antonio la Isla,INFLUENZA,Influenza,SUSPECTED,1,2026-07-19 00:00:00,,ACTIVE,COVID19MEXICO,2026-08-24
MUNICIPALITY,42000000-0000-0000-0000-000000000743,San Antonio la Isla,MEASLES,Measles,SUSPECTED,1,2026-08-18 00:00:00,,ACTIVE,EFES_ABIERTO,2026-08-18
MUNICIPALITY,42000000-0000-0000-0000-000000000743,San Antonio la Isla,RUBELLA,Rubella,SUSPECTED,1,2026-08-18 00:00:00,,ACTIVE,EFES_ABIERTO,2026-08-18
MUNICIPALITY,42000000-0000-0000-0000-000000001130,San Bartolo Coyotepec,COVID-19,COVID-19,SUSPECTED,4,2026-07-06 00:00:00,,ACTIVE,COVID19MEXICO,2026-08-24
MUNICIPALITY,42000000-0000-0000-0000-000000001130,San Bartolo Coyotepec,INFLUENZA,Influenza,SUSPECTED,4,2026-07-06 00:00:00,,ACTIVE,COVID19MEXICO,2026-08-24
MUNICIPALITY,42000000-0000-0000-0000-000000000956,San Blas,COVID-19,COVID-19,SUSPECTED,1,2026-08-16 00:00:00,,ACTIVE,COVID19MEXICO,2026-08-24
MUNICIPALITY,42000000-0000-0000-0000-000000000956,San Blas,INFLUENZA,Influenza,SUSPECTED,1,2026-08-16 00:00:00,,ACTIVE,COVID19MEXICO,2026-08-24
MUNICIPALITY,42000000-0000-0000-0000-000000001140,San Carlos Yautepec,COVID-19,COVID-19,CONFIRMED,1,2026-06-08 00:00:00,,ACTIVE,COVID19MEXICO,2026-08-24
MUNICIPALITY,42000000-0000-0000-0000-000000001140,San Carlos Yautepec,COVID-19,COVID-19,SUSPECTED,3,2026-06-22 00:00:00,,ACTIVE,COVID19MEXICO,2026-08-24
MUNICIPALITY,42000000-0000-0000-0000-000000001140,San Carlos Yautepec,INFLUENZA,Influenza,SUSPECTED,3,2026-06-22 00:00:00,,ACTIVE,COVID19MEXICO,2026-08-24
MUNICIPALITY,42000000-0000-0000-0000-000000000162,San Cristobal de las Casas,COVID-19,COVID-19,CONFIRMED,2,2026-06-29 00:00:00,,ACTIVE,COVID19MEXICO,2026-08-24
MUNICIPALITY,42000000-0000-0000-0000-000000000162,San Cristobal de las Casas,COVID-19,COVID-19,SUSPECTED,1,2026-07-13 00:00:00,,ACTIVE,COVID19MEXICO,2026-08-24
MUNICIPALITY,42000000-0000-0000-0000-000000000162,San Cristobal de las Casas,INFLUENZA,Influenza,SUSPECTED,1,2026-07-13 00:00:00,,ACTIVE,COVID19MEXICO,2026-08-24
MUNICIPALITY,42000000-0000-0000-0000-000000000162,San Cristobal de las Casas,MEASLES,Measles,SUSPECTED,30,2026-08-18 00:00:00,,ACTIVE,EFES_ABIERTO,2026-08-18
MUNICIPALITY,42000000-0000-0000-0000-000000000162,San Cristobal de las Casas,RUBELLA,Rubella,SUSPECTED,30,2026-08-18 00:00:00,,ACTIVE,EFES_ABIERTO,2026-08-18
MUNICIPALITY,42000000-0000-0000-0000-000000002091,San Damian Texoloc,COVID-19,COVID-19,SUSPECTED,2,2026-06-06 00:00:00,,ACTIVE,COVID19MEXICO,2026-08-24
MUNICIPALITY,42000000-0000-0000-0000-000000002091,San Damian Texoloc,INFLUENZA,Influenza,SUSPECTED,2,2026-06-06 00:00:00,,ACTIVE,COVID19MEXICO,2026-08-24
MUNICIPALITY,42000000-0000-0000-0000-000000000317,San Dimas,MEASLES,Measles,SUSPECTED,1,2026-08-18 00:00:00,,ACTIVE,EFES_ABIERTO,2026-08-18
MUNICIPALITY,42000000-0000-0000-0000-000000000317,San Dimas,RUBELLA,Rubella,SUSPECTED,1,2026-08-18 00:00:00,,ACTIVE,EFES_ABIERTO,2026-08-18
MUNICIPALITY,42000000-0000-0000-0000-000000001146,San Dionisio Ocotepec,COVID-19,COVID-19,SUSPECTED,1,2026-07-01 00:00:00,,ACTIVE,COVID19MEXICO,2026-08-24
MUNICIPALITY,42000000-0000-0000-0000-000000001146,San Dionisio Ocotepec,INFLUENZA,Influenza,SUSPECTED,1,2026-07-01 00:00:00,,ACTIVE,COVID19MEXICO,2026-08-24
MUNICIPALITY,42000000-0000-0000-0000-000000001149,San Felipe Jalapa de Diaz,COVID-19,COVID-19,SUSPECTED,3,2026-07-10 00:00:00,,ACTIVE,COVID19MEXICO,2026-08-24
MUNICIPALITY,42000000-0000-0000-0000-000000001149,San Felipe Jalapa de Diaz,INFLUENZA,Influenza,SUSPECTED,3,2026-07-10 00:00:00,,ACTIVE,COVID19MEXICO,2026-08-24
MUNICIPALITY,42000000-0000-0000-0000-000000001150,San Felipe Tejalapam,COVID-19,COVID-19,CONFIRMED,1,2026-07-12 00:00:00,,ACTIVE,COVID19MEXICO,2026-08-24
MUNICIPALITY,42000000-0000-0000-0000-000000001151,San Felipe Usila,COVID-19,COVID-19,SUSPECTED,3,2026-07-14 00:00:00,,ACTIVE,COVID19MEXICO,2026-08-24
MUNICIPALITY,42000000-0000-0000-0000-000000001151,San Felipe Usila,INFLUENZA,Influenza,SUSPECTED,3,2026-07-14 00:00:00,,ACTIVE,COVID19MEXICO,2026-08-24
MUNICIPALITY,42000000-0000-0000-0000-000000000744,San Felipe del Progreso,COVID-19,COVID-19,SUSPECTED,3,2026-06-28 00:00:00,,ACTIVE,COVID19MEXICO,2026-08-24
MUNICIPALITY,42000000-0000-0000-0000-000000000744,San Felipe del Progreso,INFLUENZA,Influenza,SUSPECTED,3,2026-06-28 00:00:00,,ACTIVE,COVID19MEXICO,2026-08-24
MUNICIPALITY,42000000-0000-0000-0000-000000000163,San Fernando,MEASLES,Measles,CONFIRMED,2,2026-06-14 00:00:00,,ACTIVE,EFES_ABIERTO,2026-08-18
MUNICIPALITY,42000000-0000-0000-0000-000000000163,San Fernando,MEASLES,Measles,SUSPECTED,4,2026-08-18 00:00:00,,ACTIVE,EFES_ABIERTO,2026-08-18
MUNICIPALITY,42000000-0000-0000-0000-000000000163,San Fernando,RUBELLA,Rubella,SUSPECTED,4,2026-08-18 00:00:00,,ACTIVE,EFES_ABIERTO,2026-08-18
MUNICIPALITY,42000000-0000-0000-0000-000000001165,San Francisco Telixtlahuaca,COVID-19,COVID-19,SUSPECTED,2,2026-07-07 00:00:00,,ACTIVE,COVID19MEXICO,2026-08-24
MUNICIPALITY,42000000-0000-0000-0000-000000001165,San Francisco Telixtlahuaca,INFLUENZA,Influenza,SUSPECTED,2,2026-07-07 00:00:00,,ACTIVE,COVID19MEXICO,2026-08-24
MUNICIPALITY,42000000-0000-0000-0000-000000000011,San Francisco de los Romo,COVID-19,COVID-19,SUSPECTED,34,2026-06-07 00:00:00,,ACTIVE,COVID19MEXICO,2026-08-24
MUNICIPALITY,42000000-0000-0000-0000-000000000011,San Francisco de los Romo,INFLUENZA,Influenza,SUSPECTED,34,2026-06-07 00:00:00,,ACTIVE,COVID19MEXICO,2026-08-24
MUNICIPALITY,42000000-0000-0000-0000-000000000658,San Gabriel,MEASLES,Measles,SUSPECTED,5,2026-08-18 00:00:00,,ACTIVE,EFES_ABIERTO,2026-08-18
MUNICIPALITY,42000000-0000-0000-0000-000000000658,San Gabriel,RUBELLA,Rubella,SUSPECTED,5,2026-08-18 00:00:00,,ACTIVE,EFES_ABIERTO,2026-08-18
MUNICIPALITY,42000000-0000-0000-0000-000000001709,San Gabriel Chilac,COVID-19,COVID-19,SUSPECTED,3,2026-07-20 00:00:00,,ACTIVE,COVID19MEXICO,2026-08-24
MUNICIPALITY,42000000-0000-0000-0000-000000001709,San Gabriel Chilac,INFLUENZA,Influenza,SUSPECTED,3,2026-07-20 00:00:00,,ACTIVE,COVID19MEXICO,2026-08-24
MUNICIPALITY,42000000-0000-0000-0000-000000001710,San Gregorio Atzompa,MEASLES,Measles,SUSPECTED,1,2026-08-18 00:00:00,,ACTIVE,EFES_ABIERTO,2026-08-18
MUNICIPALITY,42000000-0000-0000-0000-000000001710,San Gregorio Atzompa,RUBELLA,Rubella,SUSPECTED,1,2026-08-18 00:00:00,,ACTIVE,EFES_ABIERTO,2026-08-18
MUNICIPALITY,42000000-0000-0000-0000-000000001172,San Jacinto Amilpas,COVID-19,COVID-19,CONFIRMED,1,2026-08-17 00:00:00,,ACTIVE,COVID19MEXICO,2026-08-24
MUNICIPALITY,42000000-0000-0000-0000-000000001172,San Jacinto Amilpas,COVID-19,COVID-19,SUSPECTED,2,2026-06-19 00:00:00,,ACTIVE,COVID19MEXICO,2026-08-24
MUNICIPALITY,42000000-0000-0000-0000-000000001172,San Jacinto Amilpas,INFLUENZA,Influenza,SUSPECTED,2,2026-06-19 00:00:00,,ACTIVE,COVID19MEXICO,2026-08-24
MUNICIPALITY,42000000-0000-0000-0000-000000001181,San Jose Chiltepec,COVID-19,COVID-19,SUSPECTED,2,2026-06-10 00:00:00,,ACTIVE,COVID19MEXICO,2026-08-24
MUNICIPALITY,42000000-0000-0000-0000-000000001181,San Jose Chiltepec,INFLUENZA,Influenza,SUSPECTED,2,2026-06-10 00:00:00,,ACTIVE,COVID19MEXICO,2026-08-24
MUNICIPALITY,42000000-0000-0000-0000-000000001714,San Jose Miahuatlan,COVID-19,COVID-19,SUSPECTED,1,2026-07-18 00:00:00,,ACTIVE,COVID19MEXICO,2026-08-24
MUNICIPALITY,42000000-0000-0000-0000-000000001714,San Jose Miahuatlan,INFLUENZA,Influenza,SUSPECTED,1,2026-07-18 00:00:00,,ACTIVE,COVID19MEXICO,2026-08-24
MUNICIPALITY,42000000-0000-0000-0000-000000001186,San Jose Tenango,COVID-19,COVID-19,SUSPECTED,1,2026-07-01 00:00:00,,ACTIVE,COVID19MEXICO,2026-08-24
MUNICIPALITY,42000000-0000-0000-0000-000000001186,San Jose Tenango,INFLUENZA,Influenza,SUSPECTED,1,2026-07-01 00:00:00,,ACTIVE,COVID19MEXICO,2026-08-24
MUNICIPALITY,42000000-0000-0000-0000-000000001087,San Jose del Progreso,COVID-19,COVID-19,CONFIRMED,1,2026-07-13 00:00:00,,ACTIVE,COVID19MEXICO,2026-08-24
MUNICIPALITY,42000000-0000-0000-0000-000000001087,San Jose del Progreso,COVID-19,COVID-19,SUSPECTED,1,2026-08-04 00:00:00,,ACTIVE,COVID19MEXICO,2026-08-24
MUNICIPALITY,42000000-0000-0000-0000-000000001087,San Jose del Progreso,INFLUENZA,Influenza,SUSPECTED,1,2026-08-04 00:00:00,,ACTIVE,COVID19MEXICO,2026-08-24
MUNICIPALITY,42000000-0000-0000-0000-000000000794,San Jose del Rincon,COVID-19,COVID-19,SUSPECTED,23,2026-06-01 00:00:00,,ACTIVE,COVID19MEXICO,2026-08-24
MUNICIPALITY,42000000-0000-0000-0000-000000000794,San Jose del Rincon,INFLUENZA,Influenza,SUSPECTED,23,2026-06-01 00:00:00,,ACTIVE,COVID19MEXICO,2026-08-24
MUNICIPALITY,42000000-0000-0000-0000-000000001715,San Juan Atenco,COVID-19,COVID-19,SUSPECTED,1,2026-07-07 00:00:00,,ACTIVE,COVID19MEXICO,2026-08-24
MUNICIPALITY,42000000-0000-0000-0000-000000001715,San Juan Atenco,INFLUENZA,Influenza,SUSPECTED,1,2026-07-07 00:00:00,,ACTIVE,COVID19MEXICO,2026-08-24
MUNICIPALITY,42000000-0000-0000-0000-000000001194,San Juan Bautista Jayacatlan,COVID-19,COVID-19,SUSPECTED,1,2026-07-03 00:00:00,,ACTIVE,COVID19MEXICO,2026-08-24
MUNICIPALITY,42000000-0000-0000-0000-000000001194,San Juan Bautista Jayacatlan,INFLUENZA,Influenza,SUSPECTED,1,2026-07-03 00:00:00,,ACTIVE,COVID19MEXICO,2026-08-24
MUNICIPALITY,42000000-0000-0000-0000-000000001197,San Juan Bautista Tlacoatzintepec,COVID-19,COVID-19,SUSPECTED,1,2026-08-01 00:00:00,,ACTIVE,COVID19MEXICO,2026-08-24
MUNICIPALITY,42000000-0000-0000-0000-000000001197,San Juan Bautista Tlacoatzintepec,INFLUENZA,Influenza,SUSPECTED,1,2026-08-01 00:00:00,,ACTIVE,COVID19MEXICO,2026-08-24
MUNICIPALITY,42000000-0000-0000-0000-000000001199,San Juan Bautista Tuxtepec,COVID-19,COVID-19,CONFIRMED,2,2026-06-09 00:00:00,,ACTIVE,COVID19MEXICO,2026-08-24
MUNICIPALITY,42000000-0000-0000-0000-000000001199,San Juan Bautista Tuxtepec,COVID-19,COVID-19,SUSPECTED,26,2026-06-02 00:00:00,,ACTIVE,COVID19MEXICO,2026-08-24
MUNICIPALITY,42000000-0000-0000-0000-000000001199,San Juan Bautista Tuxtepec,DENGUE,Dengue fever,SUSPECTED,3,2026-07-03 00:00:00,,ACTIVE,DENGUE_ABIERTO,2026-08-20
MUNICIPALITY,42000000-0000-0000-0000-000000001199,San Juan Bautista Tuxtepec,INFLUENZA,Influenza,CONFIRMED,1,2026-06-22 00:00:00,,ACTIVE,COVID19MEXICO,2026-08-24
MUNICIPALITY,42000000-0000-0000-0000-000000001199,San Juan Bautista Tuxtepec,INFLUENZA,Influenza,SUSPECTED,26,2026-06-02 00:00:00,,ACTIVE,COVID19MEXICO,2026-08-24
MUNICIPALITY,42000000-0000-0000-0000-000000001199,San Juan Bautista Tuxtepec,MEASLES,Measles,SUSPECTED,2,2026-08-18 00:00:00,,ACTIVE,EFES_ABIERTO,2026-08-18
MUNICIPALITY,42000000-0000-0000-0000-000000001199,San Juan Bautista Tuxtepec,RUBELLA,Rubella,SUSPECTED,2,2026-08-18 00:00:00,,ACTIVE,EFES_ABIERTO,2026-08-18
MUNICIPALITY,42000000-0000-0000-0000-000000000195,San Juan Cancuc,MEASLES,Measles,SUSPECTED,1,2026-08-18 00:00:00,,ACTIVE,EFES_ABIERTO,2026-08-18
MUNICIPALITY,42000000-0000-0000-0000-000000000195,San Juan Cancuc,RUBELLA,Rubella,SUSPECTED,1,2026-08-18 00:00:00,,ACTIVE,EFES_ABIERTO,2026-08-18
MUNICIPALITY,42000000-0000-0000-0000-000000001203,San Juan Colorado,COVID-19,COVID-19,SUSPECTED,1,2026-07-15 00:00:00,,ACTIVE,COVID19MEXICO,2026-08-24
MUNICIPALITY,42000000-0000-0000-0000-000000001203,San Juan Colorado,INFLUENZA,Influenza,SUSPECTED,1,2026-07-15 00:00:00,,ACTIVE,COVID19MEXICO,2026-08-24
MUNICIPALITY,42000000-0000-0000-0000-000000002244,San Juan Evangelista,COVID-19,COVID-19,SUSPECTED,1,2026-07-29 00:00:00,,ACTIVE,COVID19MEXICO,2026-08-24
MUNICIPALITY,42000000-0000-0000-0000-000000002244,San Juan Evangelista,INFLUENZA,Influenza,SUSPECTED,1,2026-07-29 00:00:00,,ACTIVE,COVID19MEXICO,2026-08-24
MUNICIPALITY,42000000-0000-0000-0000-000000001211,San Juan Evangelista Analco,COVID-19,COVID-19,SUSPECTED,2,2026-07-05 00:00:00,,ACTIVE,COVID19MEXICO,2026-08-24
MUNICIPALITY,42000000-0000-0000-0000-000000001211,San Juan Evangelista Analco,INFLUENZA,Influenza,SUSPECTED,2,2026-07-05 00:00:00,,ACTIVE,COVID19MEXICO,2026-08-24
MUNICIPALITY,42000000-0000-0000-0000-000000001213,San Juan Guichicovi,COVID-19,COVID-19,SUSPECTED,1,2026-06-14 00:00:00,,ACTIVE,COVID19MEXICO,2026-08-24
MUNICIPALITY,42000000-0000-0000-0000-000000001213,San Juan Guichicovi,INFLUENZA,Influenza,SUSPECTED,1,2026-06-14 00:00:00,,ACTIVE,COVID19MEXICO,2026-08-24
MUNICIPALITY,42000000-0000-0000-0000-000000001215,San Juan Juquila Mixes,COVID-19,COVID-19,SUSPECTED,1,2026-07-06 00:00:00,,ACTIVE,COVID19MEXICO,2026-08-24
MUNICIPALITY,42000000-0000-0000-0000-000000001215,San Juan Juquila Mixes,INFLUENZA,Influenza,SUSPECTED,1,2026-07-06 00:00:00,,ACTIVE,COVID19MEXICO,2026-08-24
MUNICIPALITY,42000000-0000-0000-0000-000000001224,San Juan Mixtepec,COVID-19,COVID-19,SUSPECTED,1,2026-08-02 00:00:00,,ACTIVE,COVID19MEXICO,2026-08-24
MUNICIPALITY,42000000-0000-0000-0000-000000001224,San Juan Mixtepec,INFLUENZA,Influenza,SUSPECTED,1,2026-08-02 00:00:00,,ACTIVE,COVID19MEXICO,2026-08-24
MUNICIPALITY,42000000-0000-0000-0000-000000001225,San Juan Numi,COVID-19,COVID-19,SUSPECTED,1,2026-08-03 00:00:00,,ACTIVE,COVID19MEXICO,2026-08-24
MUNICIPALITY,42000000-0000-0000-0000-000000001225,San Juan Numi,INFLUENZA,Influenza,SUSPECTED,1,2026-08-03 00:00:00,,ACTIVE,COVID19MEXICO,2026-08-24
MUNICIPALITY,42000000-0000-0000-0000-000000000068,San Juan de Sabinas,COVID-19,COVID-19,SUSPECTED,36,2026-06-01 00:00:00,,ACTIVE,COVID19MEXICO,2026-08-24
MUNICIPALITY,42000000-0000-0000-0000-000000000068,San Juan de Sabinas,INFLUENZA,Influenza,SUSPECTED,36,2026-06-01 00:00:00,,ACTIVE,COVID19MEXICO,2026-08-24
MUNICIPALITY,42000000-0000-0000-0000-000000000618,San Juan de los Lagos,MEASLES,Measles,SUSPECTED,1,2026-08-18 00:00:00,,ACTIVE,EFES_ABIERTO,2026-08-18
MUNICIPALITY,42000000-0000-0000-0000-000000000618,San Juan de los Lagos,RUBELLA,Rubella,SUSPECTED,1,2026-08-18 00:00:00,,ACTIVE,EFES_ABIERTO,2026-08-18
MUNICIPALITY,42000000-0000-0000-0000-000000001818,San Juan del Rio,COVID-19,COVID-19,CONFIRMED,10,2026-06-21 00:00:00,,ACTIVE,COVID19MEXICO,2026-08-24
MUNICIPALITY,42000000-0000-0000-0000-000000001818,San Juan del Rio,COVID-19,COVID-19,SUSPECTED,7,2026-06-02 00:00:00,,ACTIVE,COVID19MEXICO,2026-08-24
MUNICIPALITY,42000000-0000-0000-0000-000000001818,San Juan del Rio,INFLUENZA,Influenza,SUSPECTED,7,2026-06-02 00:00:00,,ACTIVE,COVID19MEXICO,2026-08-24
MUNICIPALITY,42000000-0000-0000-0000-000000000319,San Juan del Rio,MEASLES,Measles,SUSPECTED,2,2026-08-18 00:00:00,,ACTIVE,EFES_ABIERTO,2026-08-18
MUNICIPALITY,42000000-0000-0000-0000-000000001818,San Juan del Rio,MEASLES,Measles,SUSPECTED,1,2026-08-18 00:00:00,,ACTIVE,EFES_ABIERTO,2026-08-18
MUNICIPALITY,42000000-0000-0000-0000-000000000319,San Juan del Rio,RUBELLA,Rubella,SUSPECTED,2,2026-08-18 00:00:00,,ACTIVE,EFES_ABIERTO,2026-08-18
MUNICIPALITY,42000000-0000-0000-0000-000000001818,San Juan del Rio,RUBELLA,Rubella,SUSPECTED,1,2026-08-18 00:00:00,,ACTIVE,EFES_ABIERTO,2026-08-18
MUNICIPALITY,42000000-0000-0000-0000-000000002096,San Lorenzo Axocomanitla,COVID-19,COVID-19,CONFIRMED,1,2026-08-09 00:00:00,,ACTIVE,COVID19MEXICO,2026-08-24
MUNICIPALITY,42000000-0000-0000-0000-000000001242,San Lorenzo Cacaotepec,COVID-19,COVID-19,SUSPECTED,2,2026-06-08 00:00:00,,ACTIVE,COVID19MEXICO,2026-08-24
MUNICIPALITY,42000000-0000-0000-0000-000000001242,San Lorenzo Cacaotepec,INFLUENZA,Influenza,SUSPECTED,2,2026-06-08 00:00:00,,ACTIVE,COVID19MEXICO,2026-08-24
MUNICIPALITY,42000000-0000-0000-0000-000000001242,San Lorenzo Cacaotepec,MEASLES,Measles,SUSPECTED,1,2026-08-18 00:00:00,,ACTIVE,EFES_ABIERTO,2026-08-18
MUNICIPALITY,42000000-0000-0000-0000-000000001242,San Lorenzo Cacaotepec,RUBELLA,Rubella,SUSPECTED,1,2026-08-18 00:00:00,,ACTIVE,EFES_ABIERTO,2026-08-18
MUNICIPALITY,42000000-0000-0000-0000-000000000872,San Lucas,COVID-19,COVID-19,SUSPECTED,1,2026-08-22 00:00:00,,ACTIVE,COVID19MEXICO,2026-08-24
MUNICIPALITY,42000000-0000-0000-0000-000000000872,San Lucas,DENGUE,Dengue fever,SUSPECTED,1,2026-06-10 00:00:00,,ACTIVE,DENGUE_ABIERTO,2026-08-20
MUNICIPALITY,42000000-0000-0000-0000-000000000872,San Lucas,INFLUENZA,Influenza,SUSPECTED,1,2026-08-22 00:00:00,,ACTIVE,COVID19MEXICO,2026-08-24
MUNICIPALITY,42000000-0000-0000-0000-000000001247,San Lucas Ojitlan,COVID-19,COVID-19,SUSPECTED,2,2026-06-02 00:00:00,,ACTIVE,COVID19MEXICO,2026-08-24
MUNICIPALITY,42000000-0000-0000-0000-000000001247,San Lucas Ojitlan,INFLUENZA,Influenza,SUSPECTED,2,2026-06-02 00:00:00,,ACTIVE,COVID19MEXICO,2026-08-24
MUNICIPALITY,42000000-0000-0000-0000-000000000428,San Luis Acatlan,COVID-19,COVID-19,CONFIRMED,2,2026-06-30 00:00:00,,ACTIVE,COVID19MEXICO,2026-08-24
MUNICIPALITY,42000000-0000-0000-0000-000000000428,San Luis Acatlan,COVID-19,COVID-19,SUSPECTED,1,2026-06-16 00:00:00,,ACTIVE,COVID19MEXICO,2026-08-24
MUNICIPALITY,42000000-0000-0000-0000-000000000428,San Luis Acatlan,INFLUENZA,Influenza,SUSPECTED,1,2026-06-16 00:00:00,,ACTIVE,COVID19MEXICO,2026-08-24
MUNICIPALITY,42000000-0000-0000-0000-000000001859,San Luis Potosi,COVID-19,COVID-19,CONFIRMED,29,2026-06-04 00:00:00,,ACTIVE,COVID19MEXICO,2026-08-24
MUNICIPALITY,42000000-0000-0000-0000-000000001859,San Luis Potosi,COVID-19,COVID-19,SUSPECTED,25,2026-06-15 00:00:00,,ACTIVE,COVID19MEXICO,2026-08-24
MUNICIPALITY,42000000-0000-0000-0000-000000001859,San Luis Potosi,DENGUE,Dengue fever,SUSPECTED,1,2026-07-13 00:00:00,,ACTIVE,DENGUE_ABIERTO,2026-08-20
MUNICIPALITY,42000000-0000-0000-0000-000000001859,San Luis Potosi,INFLUENZA,Influenza,CONFIRMED,7,2026-07-24 00:00:00,,ACTIVE,COVID19MEXICO,2026-08-24
MUNICIPALITY,42000000-0000-0000-0000-000000001859,San Luis Potosi,INFLUENZA,Influenza,SUSPECTED,25,2026-06-15 00:00:00,,ACTIVE,COVID19MEXICO,2026-08-24
MUNICIPALITY,42000000-0000-0000-0000-000000001859,San Luis Potosi,MEASLES,Measles,SUSPECTED,2,2026-08-18 00:00:00,,ACTIVE,EFES_ABIERTO,2026-08-18
MUNICIPALITY,42000000-0000-0000-0000-000000001859,San Luis Potosi,RUBELLA,Rubella,SUSPECTED,2,2026-08-18 00:00:00,,ACTIVE,EFES_ABIERTO,2026-08-18
MUNICIPALITY,42000000-0000-0000-0000-000000001965,San Luis Rio Colorado,MEASLES,Measles,SUSPECTED,1,2026-08-18 00:00:00,,ACTIVE,EFES_ABIERTO,2026-08-18
MUNICIPALITY,42000000-0000-0000-0000-000000001965,San Luis Rio Colorado,RUBELLA,Rubella,SUSPECTED,1,2026-08-18 00:00:00,,ACTIVE,EFES_ABIERTO,2026-08-18
MUNICIPALITY,42000000-0000-0000-0000-000000000363,San Luis de la Paz,COVID-19,COVID-19,CONFIRMED,2,2026-07-06 00:00:00,,ACTIVE,COVID19MEXICO,2026-08-24
MUNICIPALITY,42000000-0000-0000-0000-000000000363,San Luis de la Paz,COVID-19,COVID-19,SUSPECTED,18,2026-06-04 00:00:00,,ACTIVE,COVID19MEXICO,2026-08-24
MUNICIPALITY,42000000-0000-0000-0000-000000000363,San Luis de la Paz,INFLUENZA,Influenza,SUSPECTED,18,2026-06-04 00:00:00,,ACTIVE,COVID19MEXICO,2026-08-24
MUNICIPALITY,42000000-0000-0000-0000-000000000363,San Luis de la Paz,MEASLES,Measles,SUSPECTED,1,2026-08-18 00:00:00,,ACTIVE,EFES_ABIERTO,2026-08-18
MUNICIPALITY,42000000-0000-0000-0000-000000000363,San Luis de la Paz,RUBELLA,Rubella,SUSPECTED,1,2026-08-18 00:00:00,,ACTIVE,EFES_ABIERTO,2026-08-18
MUNICIPALITY,42000000-0000-0000-0000-000000000429,San Marcos,COVID-19,COVID-19,SUSPECTED,5,2026-06-09 00:00:00,,ACTIVE,COVID19MEXICO,2026-08-24
MUNICIPALITY,42000000-0000-0000-0000-000000000429,San Marcos,INFLUENZA,Influenza,SUSPECTED,5,2026-06-09 00:00:00,,ACTIVE,COVID19MEXICO,2026-08-24
MUNICIPALITY,42000000-0000-0000-0000-000000000622,San Martin Hidalgo,COVID-19,COVID-19,SUSPECTED,2,2026-06-23 00:00:00,,ACTIVE,COVID19MEXICO,2026-08-24
MUNICIPALITY,42000000-0000-0000-0000-000000000622,San Martin Hidalgo,INFLUENZA,Influenza,SUSPECTED,2,2026-06-23 00:00:00,,ACTIVE,COVID19MEXICO,2026-08-24
MUNICIPALITY,42000000-0000-0000-0000-000000001717,San Martin Texmelucan,COVID-19,COVID-19,CONFIRMED,1,2026-08-07 00:00:00,,ACTIVE,COVID19MEXICO,2026-08-24
MUNICIPALITY,42000000-0000-0000-0000-000000001717,San Martin Texmelucan,COVID-19,COVID-19,SUSPECTED,11,2026-06-06 00:00:00,,ACTIVE,COVID19MEXICO,2026-08-24
MUNICIPALITY,42000000-0000-0000-0000-000000001717,San Martin Texmelucan,INFLUENZA,Influenza,SUSPECTED,11,2026-06-06 00:00:00,,ACTIVE,COVID19MEXICO,2026-08-24
MUNICIPALITY,42000000-0000-0000-0000-000000001717,San Martin Texmelucan,MEASLES,Measles,SUSPECTED,1,2026-08-18 00:00:00,,ACTIVE,EFES_ABIERTO,2026-08-18
MUNICIPALITY,42000000-0000-0000-0000-000000001717,San Martin Texmelucan,RUBELLA,Rubella,SUSPECTED,1,2026-08-18 00:00:00,,ACTIVE,EFES_ABIERTO,2026-08-18
MUNICIPALITY,42000000-0000-0000-0000-000000000745,San Martin de las Piramides,MEASLES,Measles,CONFIRMED,1,2026-06-07 00:00:00,,ACTIVE,EFES_ABIERTO,2026-08-18
MUNICIPALITY,42000000-0000-0000-0000-000000000746,San Mateo Atenco,COVID-19,COVID-19,SUSPECTED,7,2026-06-06 00:00:00,,ACTIVE,COVID19MEXICO,2026-08-24
MUNICIPALITY,42000000-0000-0000-0000-000000000746,San Mateo Atenco,INFLUENZA,Influenza,SUSPECTED,7,2026-06-06 00:00:00,,ACTIVE,COVID19MEXICO,2026-08-24
MUNICIPALITY,42000000-0000-0000-0000-000000001719,San Matias Tlalancaleca,COVID-19,COVID-19,SUSPECTED,1,2026-08-13 00:00:00,,ACTIVE,COVID19MEXICO,2026-08-24
MUNICIPALITY,42000000-0000-0000-0000-000000001719,San Matias Tlalancaleca,INFLUENZA,Influenza,SUSPECTED,1,2026-08-13 00:00:00,,ACTIVE,COVID19MEXICO,2026-08-24
MUNICIPALITY,42000000-0000-0000-0000-000000001276,San Miguel Amatitlan,COVID-19,COVID-19,SUSPECTED,1,2026-07-03 00:00:00,,ACTIVE,COVID19MEXICO,2026-08-24
MUNICIPALITY,42000000-0000-0000-0000-000000001276,San Miguel Amatitlan,INFLUENZA,Influenza,SUSPECTED,1,2026-07-03 00:00:00,,ACTIVE,COVID19MEXICO,2026-08-24
MUNICIPALITY,42000000-0000-0000-0000-000000001293,San Miguel Soyaltepec,COVID-19,COVID-19,SUSPECTED,4,2026-07-17 00:00:00,,ACTIVE,COVID19MEXICO,2026-08-24
MUNICIPALITY,42000000-0000-0000-0000-000000001293,San Miguel Soyaltepec,DENGUE,Dengue fever,SUSPECTED,1,2026-07-08 00:00:00,,ACTIVE,DENGUE_ABIERTO,2026-08-20
MUNICIPALITY,42000000-0000-0000-0000-000000001293,San Miguel Soyaltepec,INFLUENZA,Influenza,SUSPECTED,4,2026-07-17 00:00:00,,ACTIVE,COVID19MEXICO,2026-08-24
MUNICIPALITY,42000000-0000-0000-0000-000000000333,San Miguel de Allende,COVID-19,COVID-19,SUSPECTED,1,2026-07-26 00:00:00,,ACTIVE,COVID19MEXICO,2026-08-24
MUNICIPALITY,42000000-0000-0000-0000-000000000333,San Miguel de Allende,INFLUENZA,Influenza,CONFIRMED,1,2026-07-28 00:00:00,,ACTIVE,COVID19MEXICO,2026-08-24
MUNICIPALITY,42000000-0000-0000-0000-000000000333,San Miguel de Allende,INFLUENZA,Influenza,SUSPECTED,1,2026-07-26 00:00:00,,ACTIVE,COVID19MEXICO,2026-08-24
MUNICIPALITY,42000000-0000-0000-0000-000000001966,San Miguel de Horcasitas,MEASLES,Measles,CONFIRMED,3,2026-06-12 00:00:00,,ACTIVE,EFES_ABIERTO,2026-08-18
MUNICIPALITY,42000000-0000-0000-0000-000000001966,San Miguel de Horcasitas,MEASLES,Measles,SUSPECTED,1,2026-08-18 00:00:00,,ACTIVE,EFES_ABIERTO,2026-08-18
MUNICIPALITY,42000000-0000-0000-0000-000000001966,San Miguel de Horcasitas,RUBELLA,Rubella,SUSPECTED,1,2026-08-18 00:00:00,,ACTIVE,EFES_ABIERTO,2026-08-18
MUNICIPALITY,42000000-0000-0000-0000-000000001281,San Miguel del Puerto,COVID-19,COVID-19,SUSPECTED,2,2026-07-26 00:00:00,,ACTIVE,COVID19MEXICO,2026-08-24
MUNICIPALITY,42000000-0000-0000-0000-000000001281,San Miguel del Puerto,INFLUENZA,Influenza,SUSPECTED,2,2026-07-26 00:00:00,,ACTIVE,COVID19MEXICO,2026-08-24
MUNICIPALITY,42000000-0000-0000-0000-000000001010,San Nicolas de los Garza,COVID-19,COVID-19,CONFIRMED,7,2026-07-09 00:00:00,,ACTIVE,COVID19MEXICO,2026-08-24
MUNICIPALITY,42000000-0000-0000-0000-000000001010,San Nicolas de los Garza,COVID-19,COVID-19,SUSPECTED,31,2026-06-30 00:00:00,,ACTIVE,COVID19MEXICO,2026-08-24
MUNICIPALITY,42000000-0000-0000-0000-000000001010,San Nicolas de los Garza,INFLUENZA,Influenza,SUSPECTED,31,2026-06-30 00:00:00,,ACTIVE,COVID19MEXICO,2026-08-24
MUNICIPALITY,42000000-0000-0000-0000-000000001010,San Nicolas de los Garza,MEASLES,Measles,CONFIRMED,1,2026-07-21 00:00:00,,ACTIVE,EFES_ABIERTO,2026-08-18
MUNICIPALITY,42000000-0000-0000-0000-000000001724,San Pablo Anicano,COVID-19,COVID-19,SUSPECTED,1,2026-07-27 00:00:00,,ACTIVE,COVID19MEXICO,2026-08-24
MUNICIPALITY,42000000-0000-0000-0000-000000001724,San Pablo Anicano,INFLUENZA,Influenza,SUSPECTED,1,2026-07-27 00:00:00,,ACTIVE,COVID19MEXICO,2026-08-24
MUNICIPALITY,42000000-0000-0000-0000-000000001308,San Pablo Etla,COVID-19,COVID-19,SUSPECTED,1,2026-06-22 00:00:00,,ACTIVE,COVID19MEXICO,2026-08-24
MUNICIPALITY,42000000-0000-0000-0000-000000001308,San Pablo Etla,INFLUENZA,Influenza,SUSPECTED,1,2026-06-22 00:00:00,,ACTIVE,COVID19MEXICO,2026-08-24
MUNICIPALITY,42000000-0000-0000-0000-000000001310,San Pablo Huixtepec,COVID-19,COVID-19,SUSPECTED,2,2026-06-05 00:00:00,,ACTIVE,COVID19MEXICO,2026-08-24
MUNICIPALITY,42000000-0000-0000-0000-000000001310,San Pablo Huixtepec,INFLUENZA,Influenza,SUSPECTED,2,2026-06-05 00:00:00,,ACTIVE,COVID19MEXICO,2026-08-24
MUNICIPALITY,42000000-0000-0000-0000-000000002067,San Pablo del Monte,COVID-19,COVID-19,CONFIRMED,1,2026-07-16 00:00:00,,ACTIVE,COVID19MEXICO,2026-08-24
MUNICIPALITY,42000000-0000-0000-0000-000000002067,San Pablo del Monte,COVID-19,COVID-19,SUSPECTED,1,2026-08-15 00:00:00,,ACTIVE,COVID19MEXICO,2026-08-24
MUNICIPALITY,42000000-0000-0000-0000-000000002067,San Pablo del Monte,INFLUENZA,Influenza,SUSPECTED,1,2026-08-15 00:00:00,,ACTIVE,COVID19MEXICO,2026-08-24
MUNICIPALITY,42000000-0000-0000-0000-000000000069,San Pedro,DENGUE,Dengue fever,SUSPECTED,1,2026-08-03 00:00:00,,ACTIVE,DENGUE_ABIERTO,2026-08-20
MUNICIPALITY,42000000-0000-0000-0000-000000000069,San Pedro,MEASLES,Measles,SUSPECTED,1,2026-08-18 00:00:00,,ACTIVE,EFES_ABIERTO,2026-08-18
MUNICIPALITY,42000000-0000-0000-0000-000000000069,San Pedro,RUBELLA,Rubella,SUSPECTED,1,2026-08-18 00:00:00,,ACTIVE,EFES_ABIERTO,2026-08-18
MUNICIPALITY,42000000-0000-0000-0000-000000001317,San Pedro Atoyac,COVID-19,COVID-19,SUSPECTED,1,2026-07-09 00:00:00,,ACTIVE,COVID19MEXICO,2026-08-24
MUNICIPALITY,42000000-0000-0000-0000-000000001317,San Pedro Atoyac,INFLUENZA,Influenza,SUSPECTED,1,2026-07-09 00:00:00,,ACTIVE,COVID19MEXICO,2026-08-24
MUNICIPALITY,42000000-0000-0000-0000-000000001725,San Pedro Cholula,COVID-19,COVID-19,CONFIRMED,3,2026-07-02 00:00:00,,ACTIVE,COVID19MEXICO,2026-08-24
MUNICIPALITY,42000000-0000-0000-0000-000000001725,San Pedro Cholula,COVID-19,COVID-19,SUSPECTED,14,2026-06-16 00:00:00,,ACTIVE,COVID19MEXICO,2026-08-24
MUNICIPALITY,42000000-0000-0000-0000-000000001725,San Pedro Cholula,INFLUENZA,Influenza,SUSPECTED,14,2026-06-16 00:00:00,,ACTIVE,COVID19MEXICO,2026-08-24
MUNICIPALITY,42000000-0000-0000-0000-000000001725,San Pedro Cholula,MEASLES,Measles,SUSPECTED,1,2026-08-18 00:00:00,,ACTIVE,EFES_ABIERTO,2026-08-18
MUNICIPALITY,42000000-0000-0000-0000-000000001725,San Pedro Cholula,RUBELLA,Rubella,SUSPECTED,1,2026-08-18 00:00:00,,ACTIVE,EFES_ABIERTO,2026-08-18
MUNICIPALITY,42000000-0000-0000-0000-000000000983,San Pedro Garza Garcia,COVID-19,COVID-19,SUSPECTED,4,2026-07-02 00:00:00,,ACTIVE,COVID19MEXICO,2026-08-24
MUNICIPALITY,42000000-0000-0000-0000-000000000983,San Pedro Garza Garcia,INFLUENZA,Influenza,SUSPECTED,4,2026-07-02 00:00:00,,ACTIVE,COVID19MEXICO,2026-08-24
MUNICIPALITY,42000000-0000-0000-0000-000000000983,San Pedro Garza Garcia,MEASLES,Measles,SUSPECTED,3,2026-08-18 00:00:00,,ACTIVE,EFES_ABIERTO,2026-08-18
MUNICIPALITY,42000000-0000-0000-0000-000000000983,San Pedro Garza Garcia,RUBELLA,Rubella,SUSPECTED,3,2026-08-18 00:00:00,,ACTIVE,EFES_ABIERTO,2026-08-18
MUNICIPALITY,42000000-0000-0000-0000-000000001325,San Pedro Ixtlahuaca,INFLUENZA,Influenza,CONFIRMED,1,2026-07-16 00:00:00,,ACTIVE,COVID19MEXICO,2026-08-24
MUNICIPALITY,42000000-0000-0000-0000-000000001334,San Pedro Mixtepec,COVID-19,COVID-19,SUSPECTED,1,2026-06-26 00:00:00,,ACTIVE,COVID19MEXICO,2026-08-24
MUNICIPALITY,42000000-0000-0000-0000-000000001334,San Pedro Mixtepec,INFLUENZA,Influenza,SUSPECTED,1,2026-06-26 00:00:00,,ACTIVE,COVID19MEXICO,2026-08-24
MUNICIPALITY,42000000-0000-0000-0000-000000001334,San Pedro Mixtepec,MEASLES,Measles,SUSPECTED,1,2026-08-18 00:00:00,,ACTIVE,EFES_ABIERTO,2026-08-18
MUNICIPALITY,42000000-0000-0000-0000-000000001334,San Pedro Mixtepec,RUBELLA,Rubella,SUSPECTED,1,2026-08-18 00:00:00,,ACTIVE,EFES_ABIERTO,2026-08-18
MUNICIPALITY,42000000-0000-0000-0000-000000001339,San Pedro Pochutla,COVID-19,COVID-19,SUSPECTED,8,2026-06-05 00:00:00,,ACTIVE,COVID19MEXICO,2026-08-24
MUNICIPALITY,42000000-0000-0000-0000-000000001339,San Pedro Pochutla,INFLUENZA,Influenza,SUSPECTED,8,2026-06-05 00:00:00,,ACTIVE,COVID19MEXICO,2026-08-24
MUNICIPALITY,42000000-0000-0000-0000-000000001341,San Pedro Sochiapam,COVID-19,COVID-19,SUSPECTED,1,2026-07-03 00:00:00,,ACTIVE,COVID19MEXICO,2026-08-24
MUNICIPALITY,42000000-0000-0000-0000-000000001341,San Pedro Sochiapam,INFLUENZA,Influenza,SUSPECTED,1,2026-07-03 00:00:00,,ACTIVE,COVID19MEXICO,2026-08-24
MUNICIPALITY,42000000-0000-0000-0000-000000001342,San Pedro Tapanatepec,COVID-19,COVID-19,SUSPECTED,3,2026-06-12 00:00:00,,ACTIVE,COVID19MEXICO,2026-08-24
MUNICIPALITY,42000000-0000-0000-0000-000000001342,San Pedro Tapanatepec,INFLUENZA,Influenza,SUSPECTED,3,2026-06-12 00:00:00,,ACTIVE,COVID19MEXICO,2026-08-24
MUNICIPALITY,42000000-0000-0000-0000-000000001342,San Pedro Tapanatepec,MEASLES,Measles,SUSPECTED,4,2026-08-18 00:00:00,,ACTIVE,EFES_ABIERTO,2026-08-18
MUNICIPALITY,42000000-0000-0000-0000-000000001342,San Pedro Tapanatepec,RUBELLA,Rubella,SUSPECTED,4,2026-08-18 00:00:00,,ACTIVE,EFES_ABIERTO,2026-08-18
MUNICIPALITY,42000000-0000-0000-0000-000000000643,San Pedro Tlaquepaque,COVID-19,COVID-19,CONFIRMED,9,2026-06-07 00:00:00,,ACTIVE,COVID19MEXICO,2026-08-24
MUNICIPALITY,42000000-0000-0000-0000-000000000643,San Pedro Tlaquepaque,COVID-19,COVID-19,SUSPECTED,29,2026-06-02 00:00:00,,ACTIVE,COVID19MEXICO,2026-08-24
MUNICIPALITY,42000000-0000-0000-0000-000000000643,San Pedro Tlaquepaque,INFLUENZA,Influenza,CONFIRMED,1,2026-06-19 00:00:00,,ACTIVE,COVID19MEXICO,2026-08-24
MUNICIPALITY,42000000-0000-0000-0000-000000000643,San Pedro Tlaquepaque,INFLUENZA,Influenza,SUSPECTED,29,2026-06-02 00:00:00,,ACTIVE,COVID19MEXICO,2026-08-24
MUNICIPALITY,42000000-0000-0000-0000-000000000643,San Pedro Tlaquepaque,MEASLES,Measles,CONFIRMED,29,2026-06-01 00:00:00,,ACTIVE,EFES_ABIERTO,2026-08-18
MUNICIPALITY,42000000-0000-0000-0000-000000000643,San Pedro Tlaquepaque,MEASLES,Measles,SUSPECTED,103,2026-08-18 00:00:00,,ACTIVE,EFES_ABIERTO,2026-08-18
MUNICIPALITY,42000000-0000-0000-0000-000000000643,San Pedro Tlaquepaque,RUBELLA,Rubella,SUSPECTED,103,2026-08-18 00:00:00,,ACTIVE,EFES_ABIERTO,2026-08-18
MUNICIPALITY,42000000-0000-0000-0000-000000001726,San Pedro Yeloixtlahuaca,COVID-19,COVID-19,CONFIRMED,1,2026-08-12 00:00:00,,ACTIVE,COVID19MEXICO,2026-08-24
MUNICIPALITY,42000000-0000-0000-0000-000000001357,San Raymundo Jalpan,COVID-19,COVID-19,SUSPECTED,1,2026-06-27 00:00:00,,ACTIVE,COVID19MEXICO,2026-08-24
MUNICIPALITY,42000000-0000-0000-0000-000000001357,San Raymundo Jalpan,INFLUENZA,Influenza,SUSPECTED,1,2026-06-27 00:00:00,,ACTIVE,COVID19MEXICO,2026-08-24
MUNICIPALITY,42000000-0000-0000-0000-000000000515,San Salvador,COVID-19,COVID-19,CONFIRMED,2,2026-07-15 00:00:00,,ACTIVE,COVID19MEXICO,2026-08-24
MUNICIPALITY,42000000-0000-0000-0000-000000000515,San Salvador,COVID-19,COVID-19,SUSPECTED,1,2026-06-07 00:00:00,,ACTIVE,COVID19MEXICO,2026-08-24
MUNICIPALITY,42000000-0000-0000-0000-000000000515,San Salvador,INFLUENZA,Influenza,SUSPECTED,1,2026-06-07 00:00:00,,ACTIVE,COVID19MEXICO,2026-08-24
MUNICIPALITY,42000000-0000-0000-0000-000000001365,San Sebastian Tutla,COVID-19,COVID-19,SUSPECTED,3,2026-07-06 00:00:00,,ACTIVE,COVID19MEXICO,2026-08-24
MUNICIPALITY,42000000-0000-0000-0000-000000001365,San Sebastian Tutla,INFLUENZA,Influenza,SUSPECTED,3,2026-07-06 00:00:00,,ACTIVE,COVID19MEXICO,2026-08-24
MUNICIPALITY,42000000-0000-0000-0000-000000001367,San Simon Zahuatlan,MEASLES,Measles,CONFIRMED,1,2026-07-15 00:00:00,,ACTIVE,EFES_ABIERTO,2026-08-18
MUNICIPALITY,42000000-0000-0000-0000-000000002062,Sanctorum de Lazaro Cardenas,COVID-19,COVID-19,SUSPECTED,6,2026-06-22 00:00:00,,ACTIVE,COVID19MEXICO,2026-08-24
MUNICIPALITY,42000000-0000-0000-0000-000000002062,Sanctorum de Lazaro Cardenas,INFLUENZA,Influenza,SUSPECTED,6,2026-06-22 00:00:00,,ACTIVE,COVID19MEXICO,2026-08-24
MUNICIPALITY,42000000-0000-0000-0000-000000001968,Santa Ana,MEASLES,Measles,SUSPECTED,1,2026-08-18 00:00:00,,ACTIVE,EFES_ABIERTO,2026-08-18
MUNICIPALITY,42000000-0000-0000-0000-000000001968,Santa Ana,RUBELLA,Rubella,SUSPECTED,1,2026-08-18 00:00:00,,ACTIVE,EFES_ABIERTO,2026-08-18
MUNICIPALITY,42000000-0000-0000-0000-000000002098,Santa Ana Nopalucan,COVID-19,COVID-19,SUSPECTED,3,2026-06-01 00:00:00,,ACTIVE,COVID19MEXICO,2026-08-24
MUNICIPALITY,42000000-0000-0000-0000-000000002098,Santa Ana Nopalucan,INFLUENZA,Influenza,SUSPECTED,3,2026-06-01 00:00:00,,ACTIVE,COVID19MEXICO,2026-08-24
MUNICIPALITY,42000000-0000-0000-0000-000000002099,Santa Apolonia Teacalco,COVID-19,COVID-19,SUSPECTED,1,2026-08-19 00:00:00,,ACTIVE,COVID19MEXICO,2026-08-24
MUNICIPALITY,42000000-0000-0000-0000-000000002099,Santa Apolonia Teacalco,INFLUENZA,Influenza,SUSPECTED,1,2026-08-19 00:00:00,,ACTIVE,COVID19MEXICO,2026-08-24
MUNICIPALITY,42000000-0000-0000-0000-000000001012,Santa Catarina,COVID-19,COVID-19,CONFIRMED,2,2026-06-13 00:00:00,,ACTIVE,COVID19MEXICO,2026-08-24
MUNICIPALITY,42000000-0000-0000-0000-000000001012,Santa Catarina,COVID-19,COVID-19,SUSPECTED,7,2026-07-07 00:00:00,,ACTIVE,COVID19MEXICO,2026-08-24
MUNICIPALITY,42000000-0000-0000-0000-000000001012,Santa Catarina,INFLUENZA,Influenza,SUSPECTED,7,2026-07-07 00:00:00,,ACTIVE,COVID19MEXICO,2026-08-24
MUNICIPALITY,42000000-0000-0000-0000-000000001012,Santa Catarina,MEASLES,Measles,SUSPECTED,2,2026-08-18 00:00:00,,ACTIVE,EFES_ABIERTO,2026-08-18
MUNICIPALITY,42000000-0000-0000-0000-000000001012,Santa Catarina,RUBELLA,Rubella,SUSPECTED,2,2026-08-18 00:00:00,,ACTIVE,EFES_ABIERTO,2026-08-18
MUNICIPALITY,42000000-0000-0000-0000-000000001390,Santa Cruz Amilpas,COVID-19,COVID-19,SUSPECTED,4,2026-06-26 00:00:00,,ACTIVE,COVID19MEXICO,2026-08-24
MUNICIPALITY,42000000-0000-0000-0000-000000001390,Santa Cruz Amilpas,DENGUE,Dengue fever,SUSPECTED,1,2026-06-24 00:00:00,,ACTIVE,DENGUE_ABIERTO,2026-08-20
MUNICIPALITY,42000000-0000-0000-0000-000000001390,Santa Cruz Amilpas,INFLUENZA,Influenza,SUSPECTED,4,2026-06-26 00:00:00,,ACTIVE,COVID19MEXICO,2026-08-24
MUNICIPALITY,42000000-0000-0000-0000-000000001393,Santa Cruz Mixtepec,COVID-19,COVID-19,SUSPECTED,1,2026-07-19 00:00:00,,ACTIVE,COVID19MEXICO,2026-08-24
MUNICIPALITY,42000000-0000-0000-0000-000000001393,Santa Cruz Mixtepec,INFLUENZA,Influenza,SUSPECTED,1,2026-07-19 00:00:00,,ACTIVE,COVID19MEXICO,2026-08-24
MUNICIPALITY,42000000-0000-0000-0000-000000002068,Santa Cruz Tlaxcala,COVID-19,COVID-19,SUSPECTED,3,2026-06-20 00:00:00,,ACTIVE,COVID19MEXICO,2026-08-24
MUNICIPALITY,42000000-0000-0000-0000-000000002068,Santa Cruz Tlaxcala,INFLUENZA,Influenza,SUSPECTED,3,2026-06-20 00:00:00,,ACTIVE,COVID19MEXICO,2026-08-24
MUNICIPALITY,42000000-0000-0000-0000-000000001400,Santa Cruz Xoxocotlan,COVID-19,COVID-19,CONFIRMED,2,2026-06-05 00:00:00,,ACTIVE,COVID19MEXICO,2026-08-24
MUNICIPALITY,42000000-0000-0000-0000-000000001400,Santa Cruz Xoxocotlan,COVID-19,COVID-19,SUSPECTED,23,2026-06-01 00:00:00,,ACTIVE,COVID19MEXICO,2026-08-24
MUNICIPALITY,42000000-0000-0000-0000-000000001400,Santa Cruz Xoxocotlan,INFLUENZA,Influenza,CONFIRMED,1,2026-07-31 00:00:00,,ACTIVE,COVID19MEXICO,2026-08-24
MUNICIPALITY,42000000-0000-0000-0000-000000001400,Santa Cruz Xoxocotlan,INFLUENZA,Influenza,SUSPECTED,23,2026-06-01 00:00:00,,ACTIVE,COVID19MEXICO,2026-08-24
MUNICIPALITY,42000000-0000-0000-0000-000000001400,Santa Cruz Xoxocotlan,MEASLES,Measles,SUSPECTED,1,2026-08-18 00:00:00,,ACTIVE,EFES_ABIERTO,2026-08-18
MUNICIPALITY,42000000-0000-0000-0000-000000001400,Santa Cruz Xoxocotlan,RUBELLA,Rubella,SUSPECTED,1,2026-08-18 00:00:00,,ACTIVE,EFES_ABIERTO,2026-08-18
MUNICIPALITY,42000000-0000-0000-0000-000000001733,Santa Isabel Cholula,COVID-19,COVID-19,SUSPECTED,1,2026-08-14 00:00:00,,ACTIVE,COVID19MEXICO,2026-08-24
MUNICIPALITY,42000000-0000-0000-0000-000000001733,Santa Isabel Cholula,INFLUENZA,Influenza,SUSPECTED,1,2026-08-14 00:00:00,,ACTIVE,COVID19MEXICO,2026-08-24
MUNICIPALITY,42000000-0000-0000-0000-000000002102,Santa Isabel Xiloxoxtla,COVID-19,COVID-19,SUSPECTED,3,2026-06-10 00:00:00,,ACTIVE,COVID19MEXICO,2026-08-24
MUNICIPALITY,42000000-0000-0000-0000-000000002102,Santa Isabel Xiloxoxtla,INFLUENZA,Influenza,SUSPECTED,3,2026-06-10 00:00:00,,ACTIVE,COVID19MEXICO,2026-08-24
MUNICIPALITY,42000000-0000-0000-0000-000000001405,Santa Lucia del Camino,COVID-19,COVID-19,SUSPECTED,5,2026-06-27 00:00:00,,ACTIVE,COVID19MEXICO,2026-08-24
MUNICIPALITY,42000000-0000-0000-0000-000000001405,Santa Lucia del Camino,DENGUE,Dengue fever,SUSPECTED,1,2026-06-01 00:00:00,,ACTIVE,DENGUE_ABIERTO,2026-08-20
MUNICIPALITY,42000000-0000-0000-0000-000000001405,Santa Lucia del Camino,INFLUENZA,Influenza,SUSPECTED,5,2026-06-27 00:00:00,,ACTIVE,COVID19MEXICO,2026-08-24
MUNICIPALITY,42000000-0000-0000-0000-000000001414,Santa Maria Atzompa,COVID-19,COVID-19,CONFIRMED,1,2026-08-04 00:00:00,,ACTIVE,COVID19MEXICO,2026-08-24
MUNICIPALITY,42000000-0000-0000-0000-000000001414,Santa Maria Atzompa,COVID-19,COVID-19,SUSPECTED,10,2026-06-01 00:00:00,,ACTIVE,COVID19MEXICO,2026-08-24
MUNICIPALITY,42000000-0000-0000-0000-000000001414,Santa Maria Atzompa,INFLUENZA,Influenza,SUSPECTED,10,2026-06-01 00:00:00,,ACTIVE,COVID19MEXICO,2026-08-24
MUNICIPALITY,42000000-0000-0000-0000-000000001428,Santa Maria Huatulco,COVID-19,COVID-19,CONFIRMED,1,2026-07-12 00:00:00,,ACTIVE,COVID19MEXICO,2026-08-24
MUNICIPALITY,42000000-0000-0000-0000-000000001428,Santa Maria Huatulco,COVID-19,COVID-19,SUSPECTED,31,2026-06-03 00:00:00,,ACTIVE,COVID19MEXICO,2026-08-24
MUNICIPALITY,42000000-0000-0000-0000-000000001428,Santa Maria Huatulco,DENGUE,Dengue fever,SUSPECTED,1,2026-07-21 00:00:00,,ACTIVE,DENGUE_ABIERTO,2026-08-20
MUNICIPALITY,42000000-0000-0000-0000-000000001428,Santa Maria Huatulco,INFLUENZA,Influenza,CONFIRMED,1,2026-07-12 00:00:00,,ACTIVE,COVID19MEXICO,2026-08-24
MUNICIPALITY,42000000-0000-0000-0000-000000001428,Santa Maria Huatulco,INFLUENZA,Influenza,SUSPECTED,31,2026-06-03 00:00:00,,ACTIVE,COVID19MEXICO,2026-08-24
MUNICIPALITY,42000000-0000-0000-0000-000000001428,Santa Maria Huatulco,MEASLES,Measles,SUSPECTED,3,2026-08-18 00:00:00,,ACTIVE,EFES_ABIERTO,2026-08-18
MUNICIPALITY,42000000-0000-0000-0000-000000001428,Santa Maria Huatulco,RUBELLA,Rubella,SUSPECTED,3,2026-08-18 00:00:00,,ACTIVE,EFES_ABIERTO,2026-08-18
MUNICIPALITY,42000000-0000-0000-0000-000000001432,Santa Maria Jacatepec,INFLUENZA,Influenza,CONFIRMED,1,2026-07-07 00:00:00,,ACTIVE,COVID19MEXICO,2026-08-24
MUNICIPALITY,42000000-0000-0000-0000-000000001441,Santa Maria Penoles,COVID-19,COVID-19,SUSPECTED,1,2026-06-25 00:00:00,,ACTIVE,COVID19MEXICO,2026-08-24
MUNICIPALITY,42000000-0000-0000-0000-000000001441,Santa Maria Penoles,INFLUENZA,Influenza,SUSPECTED,1,2026-06-25 00:00:00,,ACTIVE,COVID19MEXICO,2026-08-24
MUNICIPALITY,42000000-0000-0000-0000-000000001446,Santa Maria Tecomavaca,COVID-19,COVID-19,SUSPECTED,4,2026-08-15 00:00:00,,ACTIVE,COVID19MEXICO,2026-08-24
MUNICIPALITY,42000000-0000-0000-0000-000000001446,Santa Maria Tecomavaca,INFLUENZA,Influenza,SUSPECTED,4,2026-08-15 00:00:00,,ACTIVE,COVID19MEXICO,2026-08-24
MUNICIPALITY,42000000-0000-0000-0000-000000001450,Santa Maria Tepantlali,DENGUE,Dengue fever,SUSPECTED,1,2026-08-06 00:00:00,,ACTIVE,DENGUE_ABIERTO,2026-08-20
MUNICIPALITY,42000000-0000-0000-0000-000000001460,Santa Maria Yosoyua,COVID-19,COVID-19,SUSPECTED,1,2026-06-08 00:00:00,,ACTIVE,COVID19MEXICO,2026-08-24
MUNICIPALITY,42000000-0000-0000-0000-000000001460,Santa Maria Yosoyua,INFLUENZA,Influenza,SUSPECTED,1,2026-06-08 00:00:00,,ACTIVE,COVID19MEXICO,2026-08-24
MUNICIPALITY,42000000-0000-0000-0000-000000000626,Santa Maria de los Angeles,COVID-19,COVID-19,SUSPECTED,2,2026-06-21 00:00:00,,ACTIVE,COVID19MEXICO,2026-08-24
MUNICIPALITY,42000000-0000-0000-0000-000000000626,Santa Maria de los Angeles,INFLUENZA,Influenza,SUSPECTED,2,2026-06-21 00:00:00,,ACTIVE,COVID19MEXICO,2026-08-24
MUNICIPALITY,42000000-0000-0000-0000-000000000958,Santa Maria del Oro,COVID-19,COVID-19,SUSPECTED,5,2026-06-05 00:00:00,,ACTIVE,COVID19MEXICO,2026-08-24
MUNICIPALITY,42000000-0000-0000-0000-000000000958,Santa Maria del Oro,INFLUENZA,Influenza,SUSPECTED,5,2026-06-05 00:00:00,,ACTIVE,COVID19MEXICO,2026-08-24
MUNICIPALITY,42000000-0000-0000-0000-000000001863,Santa Maria del Rio,COVID-19,COVID-19,CONFIRMED,2,2026-08-02 00:00:00,,ACTIVE,COVID19MEXICO,2026-08-24
MUNICIPALITY,42000000-0000-0000-0000-000000001863,Santa Maria del Rio,COVID-19,COVID-19,SUSPECTED,1,2026-08-18 00:00:00,,ACTIVE,COVID19MEXICO,2026-08-24
MUNICIPALITY,42000000-0000-0000-0000-000000001863,Santa Maria del Rio,INFLUENZA,Influenza,SUSPECTED,1,2026-08-18 00:00:00,,ACTIVE,COVID19MEXICO,2026-08-24
MUNICIPALITY,42000000-0000-0000-0000-000000001863,Santa Maria del Rio,MEASLES,Measles,SUSPECTED,1,2026-08-18 00:00:00,,ACTIVE,EFES_ABIERTO,2026-08-18
MUNICIPALITY,42000000-0000-0000-0000-000000001863,Santa Maria del Rio,RUBELLA,Rubella,SUSPECTED,1,2026-08-18 00:00:00,,ACTIVE,EFES_ABIERTO,2026-08-18
MUNICIPALITY,42000000-0000-0000-0000-000000001424,Santa Maria del Tule,COVID-19,COVID-19,SUSPECTED,3,2026-07-13 00:00:00,,ACTIVE,COVID19MEXICO,2026-08-24
MUNICIPALITY,42000000-0000-0000-0000-000000001424,Santa Maria del Tule,INFLUENZA,Influenza,SUSPECTED,3,2026-07-13 00:00:00,,ACTIVE,COVID19MEXICO,2026-08-24
MUNICIPALITY,42000000-0000-0000-0000-000000001013,Santiago,MEASLES,Measles,SUSPECTED,1,2026-08-18 00:00:00,,ACTIVE,EFES_ABIERTO,2026-08-18
MUNICIPALITY,42000000-0000-0000-0000-000000001013,Santiago,RUBELLA,Rubella,SUSPECTED,1,2026-08-18 00:00:00,,ACTIVE,EFES_ABIERTO,2026-08-18
MUNICIPALITY,42000000-0000-0000-0000-000000001468,Santiago Astata,COVID-19,COVID-19,SUSPECTED,1,2026-07-26 00:00:00,,ACTIVE,COVID19MEXICO,2026-08-24
MUNICIPALITY,42000000-0000-0000-0000-000000001468,Santiago Astata,INFLUENZA,Influenza,SUSPECTED,1,2026-07-26 00:00:00,,ACTIVE,COVID19MEXICO,2026-08-24
MUNICIPALITY,42000000-0000-0000-0000-000000001470,Santiago Ayuquililla,COVID-19,COVID-19,SUSPECTED,1,2026-07-25 00:00:00,,ACTIVE,COVID19MEXICO,2026-08-24
MUNICIPALITY,42000000-0000-0000-0000-000000001470,Santiago Ayuquililla,INFLUENZA,Influenza,SUSPECTED,1,2026-07-25 00:00:00,,ACTIVE,COVID19MEXICO,2026-08-24
MUNICIPALITY,42000000-0000-0000-0000-000000000959,Santiago Ixcuintla,COVID-19,COVID-19,SUSPECTED,14,2026-06-12 00:00:00,,ACTIVE,COVID19MEXICO,2026-08-24
MUNICIPALITY,42000000-0000-0000-0000-000000000959,Santiago Ixcuintla,INFLUENZA,Influenza,CONFIRMED,1,2026-07-18 00:00:00,,ACTIVE,COVID19MEXICO,2026-08-24
MUNICIPALITY,42000000-0000-0000-0000-000000000959,Santiago Ixcuintla,INFLUENZA,Influenza,SUSPECTED,14,2026-06-12 00:00:00,,ACTIVE,COVID19MEXICO,2026-08-24
MUNICIPALITY,42000000-0000-0000-0000-000000001483,Santiago Jocotepec,COVID-19,COVID-19,SUSPECTED,1,2026-06-23 00:00:00,,ACTIVE,COVID19MEXICO,2026-08-24
MUNICIPALITY,42000000-0000-0000-0000-000000001483,Santiago Jocotepec,INFLUENZA,Influenza,SUSPECTED,1,2026-06-23 00:00:00,,ACTIVE,COVID19MEXICO,2026-08-24
MUNICIPALITY,42000000-0000-0000-0000-000000001734,Santiago Miahuatlan,COVID-19,COVID-19,SUSPECTED,2,2026-07-19 00:00:00,,ACTIVE,COVID19MEXICO,2026-08-24
MUNICIPALITY,42000000-0000-0000-0000-000000001734,Santiago Miahuatlan,INFLUENZA,Influenza,SUSPECTED,2,2026-07-19 00:00:00,,ACTIVE,COVID19MEXICO,2026-08-24
MUNICIPALITY,42000000-0000-0000-0000-000000000323,Santiago Papasquiaro,MEASLES,Measles,CONFIRMED,2,2026-06-09 00:00:00,,ACTIVE,EFES_ABIERTO,2026-08-18
MUNICIPALITY,42000000-0000-0000-0000-000000000323,Santiago Papasquiaro,MEASLES,Measles,SUSPECTED,1,2026-08-18 00:00:00,,ACTIVE,EFES_ABIERTO,2026-08-18
MUNICIPALITY,42000000-0000-0000-0000-000000000323,Santiago Papasquiaro,RUBELLA,Rubella,SUSPECTED,1,2026-08-18 00:00:00,,ACTIVE,EFES_ABIERTO,2026-08-18
MUNICIPALITY,42000000-0000-0000-0000-000000001497,Santiago Pinotepa Nacional,COVID-19,COVID-19,SUSPECTED,1,2026-08-08 00:00:00,,ACTIVE,COVID19MEXICO,2026-08-24
MUNICIPALITY,42000000-0000-0000-0000-000000001497,Santiago Pinotepa Nacional,INFLUENZA,Influenza,SUSPECTED,1,2026-08-08 00:00:00,,ACTIVE,COVID19MEXICO,2026-08-24
MUNICIPALITY,42000000-0000-0000-0000-000000001498,Santiago Suchilquitongo,COVID-19,COVID-19,SUSPECTED,1,2026-07-04 00:00:00,,ACTIVE,COVID19MEXICO,2026-08-24
MUNICIPALITY,42000000-0000-0000-0000-000000001498,Santiago Suchilquitongo,INFLUENZA,Influenza,SUSPECTED,1,2026-07-04 00:00:00,,ACTIVE,COVID19MEXICO,2026-08-24
MUNICIPALITY,42000000-0000-0000-0000-000000000517,Santiago Tulantepec de Lugo Guerrero,COVID-19,COVID-19,CONFIRMED,2,2026-07-07 00:00:00,,ACTIVE,COVID19MEXICO,2026-08-24
MUNICIPALITY,42000000-0000-0000-0000-000000000517,Santiago Tulantepec de Lugo Guerrero,COVID-19,COVID-19,SUSPECTED,1,2026-06-26 00:00:00,,ACTIVE,COVID19MEXICO,2026-08-24
MUNICIPALITY,42000000-0000-0000-0000-000000000517,Santiago Tulantepec de Lugo Guerrero,INFLUENZA,Influenza,SUSPECTED,1,2026-06-26 00:00:00,,ACTIVE,COVID19MEXICO,2026-08-24
MUNICIPALITY,42000000-0000-0000-0000-000000000517,Santiago Tulantepec de Lugo Guerrero,MEASLES,Measles,CONFIRMED,1,2026-06-22 00:00:00,,ACTIVE,EFES_ABIERTO,2026-08-18
MUNICIPALITY,42000000-0000-0000-0000-000000000517,Santiago Tulantepec de Lugo Guerrero,MEASLES,Measles,SUSPECTED,1,2026-08-18 00:00:00,,ACTIVE,EFES_ABIERTO,2026-08-18
MUNICIPALITY,42000000-0000-0000-0000-000000000517,Santiago Tulantepec de Lugo Guerrero,RUBELLA,Rubella,SUSPECTED,1,2026-08-18 00:00:00,,ACTIVE,EFES_ABIERTO,2026-08-18
MUNICIPALITY,42000000-0000-0000-0000-000000001513,Santiago Yaveo,COVID-19,COVID-19,SUSPECTED,1,2026-06-26 00:00:00,,ACTIVE,COVID19MEXICO,2026-08-24
MUNICIPALITY,42000000-0000-0000-0000-000000001513,Santiago Yaveo,INFLUENZA,Influenza,SUSPECTED,1,2026-06-26 00:00:00,,ACTIVE,COVID19MEXICO,2026-08-24
MUNICIPALITY,42000000-0000-0000-0000-000000001520,Santo Domingo Ingenio,COVID-19,COVID-19,CONFIRMED,1,2026-07-16 00:00:00,,ACTIVE,COVID19MEXICO,2026-08-24
MUNICIPALITY,42000000-0000-0000-0000-000000001520,Santo Domingo Ingenio,COVID-19,COVID-19,SUSPECTED,1,2026-08-20 00:00:00,,ACTIVE,COVID19MEXICO,2026-08-24
MUNICIPALITY,42000000-0000-0000-0000-000000001520,Santo Domingo Ingenio,INFLUENZA,Influenza,SUSPECTED,1,2026-08-20 00:00:00,,ACTIVE,COVID19MEXICO,2026-08-24
MUNICIPALITY,42000000-0000-0000-0000-000000001530,Santo Domingo Tehuantepec,COVID-19,COVID-19,SUSPECTED,2,2026-06-15 00:00:00,,ACTIVE,COVID19MEXICO,2026-08-24
MUNICIPALITY,42000000-0000-0000-0000-000000001530,Santo Domingo Tehuantepec,INFLUENZA,Influenza,CONFIRMED,3,2026-06-06 00:00:00,,ACTIVE,COVID19MEXICO,2026-08-24
MUNICIPALITY,42000000-0000-0000-0000-000000001530,Santo Domingo Tehuantepec,INFLUENZA,Influenza,SUSPECTED,2,2026-06-15 00:00:00,,ACTIVE,COVID19MEXICO,2026-08-24
MUNICIPALITY,42000000-0000-0000-0000-000000001535,Santo Domingo Tonala,COVID-19,COVID-19,SUSPECTED,1,2026-07-27 00:00:00,,ACTIVE,COVID19MEXICO,2026-08-24
MUNICIPALITY,42000000-0000-0000-0000-000000001535,Santo Domingo Tonala,INFLUENZA,Influenza,SUSPECTED,1,2026-07-27 00:00:00,,ACTIVE,COVID19MEXICO,2026-08-24
MUNICIPALITY,42000000-0000-0000-0000-000000001536,Santo Domingo Tonaltepec,COVID-19,COVID-19,SUSPECTED,1,2026-07-18 00:00:00,,ACTIVE,COVID19MEXICO,2026-08-24
MUNICIPALITY,42000000-0000-0000-0000-000000001536,Santo Domingo Tonaltepec,INFLUENZA,Influenza,SUSPECTED,1,2026-07-18 00:00:00,,ACTIVE,COVID19MEXICO,2026-08-24
MUNICIPALITY,42000000-0000-0000-0000-000000000270,Saucillo,COVID-19,COVID-19,SUSPECTED,3,2026-06-16 00:00:00,,ACTIVE,COVID19MEXICO,2026-08-24
MUNICIPALITY,42000000-0000-0000-0000-000000000270,Saucillo,INFLUENZA,Influenza,SUSPECTED,3,2026-06-16 00:00:00,,ACTIVE,COVID19MEXICO,2026-08-24
MUNICIPALITY,42000000-0000-0000-0000-000000002381,Seye,COVID-19,COVID-19,SUSPECTED,1,2026-07-31 00:00:00,,ACTIVE,COVID19MEXICO,2026-08-24
MUNICIPALITY,42000000-0000-0000-0000-000000002381,Seye,INFLUENZA,Influenza,CONFIRMED,1,2026-07-30 00:00:00,,ACTIVE,COVID19MEXICO,2026-08-24
MUNICIPALITY,42000000-0000-0000-0000-000000002381,Seye,INFLUENZA,Influenza,SUSPECTED,1,2026-07-31 00:00:00,,ACTIVE,COVID19MEXICO,2026-08-24
MUNICIPALITY,42000000-0000-0000-0000-000000000367,Silao de la Victoria,COVID-19,COVID-19,CONFIRMED,7,2026-06-24 00:00:00,,ACTIVE,COVID19MEXICO,2026-08-24
MUNICIPALITY,42000000-0000-0000-0000-000000000367,Silao de la Victoria,COVID-19,COVID-19,SUSPECTED,148,2026-06-01 00:00:00,,ACTIVE,COVID19MEXICO,2026-08-24
MUNICIPALITY,42000000-0000-0000-0000-000000000367,Silao de la Victoria,INFLUENZA,Influenza,SUSPECTED,148,2026-06-01 00:00:00,,ACTIVE,COVID19MEXICO,2026-08-24
MUNICIPALITY,42000000-0000-0000-0000-000000000164,Siltepec,MEASLES,Measles,SUSPECTED,1,2026-08-18 00:00:00,,ACTIVE,EFES_ABIERTO,2026-08-18
MUNICIPALITY,42000000-0000-0000-0000-000000000164,Siltepec,RUBELLA,Rubella,SUSPECTED,1,2026-08-18 00:00:00,,ACTIVE,EFES_ABIERTO,2026-08-18
MUNICIPALITY,42000000-0000-0000-0000-000000000165,Simojovel,MEASLES,Measles,CONFIRMED,1,2026-08-18 00:00:00,,ACTIVE,EFES_ABIERTO,2026-08-18
MUNICIPALITY,42000000-0000-0000-0000-000000000165,Simojovel,MEASLES,Measles,SUSPECTED,1,2026-08-18 00:00:00,,ACTIVE,EFES_ABIERTO,2026-08-18
MUNICIPALITY,42000000-0000-0000-0000-000000000165,Simojovel,RUBELLA,Rubella,SUSPECTED,1,2026-08-18 00:00:00,,ACTIVE,EFES_ABIERTO,2026-08-18
MUNICIPALITY,42000000-0000-0000-0000-000000001907,Sinaloa,COVID-19,COVID-19,SUSPECTED,1,2026-06-28 00:00:00,,ACTIVE,COVID19MEXICO,2026-08-24
MUNICIPALITY,42000000-0000-0000-0000-000000001907,Sinaloa,INFLUENZA,Influenza,SUSPECTED,1,2026-06-28 00:00:00,,ACTIVE,COVID19MEXICO,2026-08-24
MUNICIPALITY,42000000-0000-0000-0000-000000000167,Socoltenango,COVID-19,COVID-19,SUSPECTED,1,2026-06-05 00:00:00,,ACTIVE,COVID19MEXICO,2026-08-24
MUNICIPALITY,42000000-0000-0000-0000-000000000167,Socoltenango,INFLUENZA,Influenza,SUSPECTED,1,2026-06-05 00:00:00,,ACTIVE,COVID19MEXICO,2026-08-24
MUNICIPALITY,42000000-0000-0000-0000-000000002250,Soledad de Doblado,COVID-19,COVID-19,SUSPECTED,2,2026-08-02 00:00:00,,ACTIVE,COVID19MEXICO,2026-08-24
MUNICIPALITY,42000000-0000-0000-0000-000000002250,Soledad de Doblado,INFLUENZA,Influenza,SUSPECTED,2,2026-08-02 00:00:00,,ACTIVE,COVID19MEXICO,2026-08-24
MUNICIPALITY,42000000-0000-0000-0000-000000001866,Soledad de Graciano Sanchez,COVID-19,COVID-19,CONFIRMED,4,2026-07-03 00:00:00,,ACTIVE,COVID19MEXICO,2026-08-24
MUNICIPALITY,42000000-0000-0000-0000-000000001866,Soledad de Graciano Sanchez,COVID-19,COVID-19,SUSPECTED,2,2026-06-14 00:00:00,,ACTIVE,COVID19MEXICO,2026-08-24
MUNICIPALITY,42000000-0000-0000-0000-000000001866,Soledad de Graciano Sanchez,INFLUENZA,Influenza,SUSPECTED,2,2026-06-14 00:00:00,,ACTIVE,COVID19MEXICO,2026-08-24
MUNICIPALITY,42000000-0000-0000-0000-000000001866,Soledad de Graciano Sanchez,MEASLES,Measles,SUSPECTED,1,2026-08-18 00:00:00,,ACTIVE,EFES_ABIERTO,2026-08-18
MUNICIPALITY,42000000-0000-0000-0000-000000001866,Soledad de Graciano Sanchez,RUBELLA,Rubella,SUSPECTED,1,2026-08-18 00:00:00,,ACTIVE,EFES_ABIERTO,2026-08-18
MUNICIPALITY,42000000-0000-0000-0000-000000001737,Soltepec,COVID-19,COVID-19,SUSPECTED,1,2026-07-08 00:00:00,,ACTIVE,COVID19MEXICO,2026-08-24
MUNICIPALITY,42000000-0000-0000-0000-000000001737,Soltepec,INFLUENZA,Influenza,SUSPECTED,1,2026-07-08 00:00:00,,ACTIVE,COVID19MEXICO,2026-08-24
MUNICIPALITY,42000000-0000-0000-0000-000000002462,Sombrerete,COVID-19,COVID-19,SUSPECTED,1,2026-07-28 00:00:00,,ACTIVE,COVID19MEXICO,2026-08-24
MUNICIPALITY,42000000-0000-0000-0000-000000002462,Sombrerete,INFLUENZA,Influenza,SUSPECTED,1,2026-07-28 00:00:00,,ACTIVE,COVID19MEXICO,2026-08-24
MUNICIPALITY,42000000-0000-0000-0000-000000002251,Soteapan,MEASLES,Measles,CONFIRMED,1,2026-07-13 00:00:00,,ACTIVE,EFES_ABIERTO,2026-08-18
MUNICIPALITY,42000000-0000-0000-0000-000000000170,Suchiapa,COVID-19,COVID-19,SUSPECTED,1,2026-07-18 00:00:00,,ACTIVE,COVID19MEXICO,2026-08-24
MUNICIPALITY,42000000-0000-0000-0000-000000000170,Suchiapa,INFLUENZA,Influenza,SUSPECTED,1,2026-07-18 00:00:00,,ACTIVE,COVID19MEXICO,2026-08-24
MUNICIPALITY,42000000-0000-0000-0000-000000000170,Suchiapa,MEASLES,Measles,SUSPECTED,1,2026-08-18 00:00:00,,ACTIVE,EFES_ABIERTO,2026-08-18
MUNICIPALITY,42000000-0000-0000-0000-000000000170,Suchiapa,RUBELLA,Rubella,SUSPECTED,1,2026-08-18 00:00:00,,ACTIVE,EFES_ABIERTO,2026-08-18
MUNICIPALITY,42000000-0000-0000-0000-000000000171,Suchiate,MEASLES,Measles,SUSPECTED,1,2026-08-18 00:00:00,,ACTIVE,EFES_ABIERTO,2026-08-18
MUNICIPALITY,42000000-0000-0000-0000-000000000171,Suchiate,RUBELLA,Rubella,SUSPECTED,1,2026-08-18 00:00:00,,ACTIVE,EFES_ABIERTO,2026-08-18
MUNICIPALITY,42000000-0000-0000-0000-000000000324,Suchil,MEASLES,Measles,CONFIRMED,1,2026-07-11 00:00:00,,ACTIVE,EFES_ABIERTO,2026-08-18
MUNICIPALITY,42000000-0000-0000-0000-000000002385,Sudzal,COVID-19,COVID-19,SUSPECTED,2,2026-07-19 00:00:00,,ACTIVE,COVID19MEXICO,2026-08-24
MUNICIPALITY,42000000-0000-0000-0000-000000002385,Sudzal,INFLUENZA,Influenza,SUSPECTED,2,2026-07-19 00:00:00,,ACTIVE,COVID19MEXICO,2026-08-24
MUNICIPALITY,42000000-0000-0000-0000-000000001997,Tacotalpa,COVID-19,COVID-19,CONFIRMED,1,2026-08-03 00:00:00,,ACTIVE,COVID19MEXICO,2026-08-24
MUNICIPALITY,42000000-0000-0000-0000-000000001997,Tacotalpa,COVID-19,COVID-19,SUSPECTED,1,2026-07-14 00:00:00,,ACTIVE,COVID19MEXICO,2026-08-24
MUNICIPALITY,42000000-0000-0000-0000-000000001997,Tacotalpa,INFLUENZA,Influenza,SUSPECTED,1,2026-07-14 00:00:00,,ACTIVE,COVID19MEXICO,2026-08-24
MUNICIPALITY,42000000-0000-0000-0000-000000002387,Tahdziu,MEASLES,Measles,SUSPECTED,1,2026-08-18 00:00:00,,ACTIVE,EFES_ABIERTO,2026-08-18
MUNICIPALITY,42000000-0000-0000-0000-000000002387,Tahdziu,RUBELLA,Rubella,SUSPECTED,1,2026-08-18 00:00:00,,ACTIVE,EFES_ABIERTO,2026-08-18
MUNICIPALITY,42000000-0000-0000-0000-000000000628,Tala,MEASLES,Measles,CONFIRMED,1,2026-07-06 00:00:00,,ACTIVE,EFES_ABIERTO,2026-08-18
MUNICIPALITY,42000000-0000-0000-0000-000000000628,Tala,MEASLES,Measles,SUSPECTED,3,2026-08-18 00:00:00,,ACTIVE,EFES_ABIERTO,2026-08-18
MUNICIPALITY,42000000-0000-0000-0000-000000000628,Tala,RUBELLA,Rubella,SUSPECTED,3,2026-08-18 00:00:00,,ACTIVE,EFES_ABIERTO,2026-08-18
MUNICIPALITY,42000000-0000-0000-0000-000000002252,Tamalin,COVID-19,COVID-19,SUSPECTED,1,2026-08-11 00:00:00,,ACTIVE,COVID19MEXICO,2026-08-24
MUNICIPALITY,42000000-0000-0000-0000-000000002252,Tamalin,INFLUENZA,Influenza,SUSPECTED,1,2026-08-11 00:00:00,,ACTIVE,COVID19MEXICO,2026-08-24
MUNICIPALITY,42000000-0000-0000-0000-000000000630,Tamazula de Gordiano,COVID-19,COVID-19,CONFIRMED,1,2026-08-07 00:00:00,,ACTIVE,COVID19MEXICO,2026-08-24
MUNICIPALITY,42000000-0000-0000-0000-000000000630,Tamazula de Gordiano,COVID-19,COVID-19,SUSPECTED,4,2026-06-14 00:00:00,,ACTIVE,COVID19MEXICO,2026-08-24
MUNICIPALITY,42000000-0000-0000-0000-000000000630,Tamazula de Gordiano,INFLUENZA,Influenza,SUSPECTED,4,2026-06-14 00:00:00,,ACTIVE,COVID19MEXICO,2026-08-24
MUNICIPALITY,42000000-0000-0000-0000-000000000630,Tamazula de Gordiano,MEASLES,Measles,SUSPECTED,2,2026-08-18 00:00:00,,ACTIVE,EFES_ABIERTO,2026-08-18
MUNICIPALITY,42000000-0000-0000-0000-000000000630,Tamazula de Gordiano,RUBELLA,Rubella,SUSPECTED,2,2026-08-18 00:00:00,,ACTIVE,EFES_ABIERTO,2026-08-18
MUNICIPALITY,42000000-0000-0000-0000-000000001868,Tamazunchale,COVID-19,COVID-19,CONFIRMED,1,2026-07-09 00:00:00,,ACTIVE,COVID19MEXICO,2026-08-24
MUNICIPALITY,42000000-0000-0000-0000-000000001868,Tamazunchale,INFLUENZA,Influenza,CONFIRMED,1,2026-08-10 00:00:00,,ACTIVE,COVID19MEXICO,2026-08-24
MUNICIPALITY,42000000-0000-0000-0000-000000002037,Tampico,COVID-19,COVID-19,CONFIRMED,6,2026-07-26 00:00:00,,ACTIVE,COVID19MEXICO,2026-08-24
MUNICIPALITY,42000000-0000-0000-0000-000000002037,Tampico,COVID-19,COVID-19,SUSPECTED,71,2026-06-01 00:00:00,,ACTIVE,COVID19MEXICO,2026-08-24
MUNICIPALITY,42000000-0000-0000-0000-000000002037,Tampico,INFLUENZA,Influenza,SUSPECTED,71,2026-06-01 00:00:00,,ACTIVE,COVID19MEXICO,2026-08-24
MUNICIPALITY,42000000-0000-0000-0000-000000001843,Tancanhuitz,COVID-19,COVID-19,CONFIRMED,1,2026-07-05 00:00:00,,ACTIVE,COVID19MEXICO,2026-08-24
MUNICIPALITY,42000000-0000-0000-0000-000000001843,Tancanhuitz,INFLUENZA,Influenza,CONFIRMED,1,2026-06-26 00:00:00,,ACTIVE,COVID19MEXICO,2026-08-24
MUNICIPALITY,42000000-0000-0000-0000-000000000879,Tangamandapio,MEASLES,Measles,SUSPECTED,1,2026-08-18 00:00:00,,ACTIVE,EFES_ABIERTO,2026-08-18
MUNICIPALITY,42000000-0000-0000-0000-000000000879,Tangamandapio,RUBELLA,Rubella,SUSPECTED,1,2026-08-18 00:00:00,,ACTIVE,EFES_ABIERTO,2026-08-18
MUNICIPALITY,42000000-0000-0000-0000-000000000880,Tangancicuaro,COVID-19,COVID-19,CONFIRMED,1,2026-06-23 00:00:00,,ACTIVE,COVID19MEXICO,2026-08-24
MUNICIPALITY,42000000-0000-0000-0000-000000000880,Tangancicuaro,MEASLES,Measles,SUSPECTED,1,2026-08-18 00:00:00,,ACTIVE,EFES_ABIERTO,2026-08-18
MUNICIPALITY,42000000-0000-0000-0000-000000000880,Tangancicuaro,RUBELLA,Rubella,SUSPECTED,1,2026-08-18 00:00:00,,ACTIVE,EFES_ABIERTO,2026-08-18
MUNICIPALITY,42000000-0000-0000-0000-000000000881,Tanhuato,MEASLES,Measles,SUSPECTED,3,2026-08-18 00:00:00,,ACTIVE,EFES_ABIERTO,2026-08-18
MUNICIPALITY,42000000-0000-0000-0000-000000000881,Tanhuato,RUBELLA,Rubella,SUSPECTED,3,2026-08-18 00:00:00,,ACTIVE,EFES_ABIERTO,2026-08-18
MUNICIPALITY,42000000-0000-0000-0000-000000001872,Tanlajas,COVID-19,COVID-19,CONFIRMED,1,2026-08-11 00:00:00,,ACTIVE,COVID19MEXICO,2026-08-24
MUNICIPALITY,42000000-0000-0000-0000-000000002257,Tantoyuca,COVID-19,COVID-19,SUSPECTED,1,2026-06-18 00:00:00,,ACTIVE,COVID19MEXICO,2026-08-24
MUNICIPALITY,42000000-0000-0000-0000-000000002257,Tantoyuca,INFLUENZA,Influenza,SUSPECTED,1,2026-06-18 00:00:00,,ACTIVE,COVID19MEXICO,2026-08-24
MUNICIPALITY,42000000-0000-0000-0000-000000000173,Tapachula,COVID-19,COVID-19,CONFIRMED,1,2026-07-25 00:00:00,,ACTIVE,COVID19MEXICO,2026-08-24
MUNICIPALITY,42000000-0000-0000-0000-000000000173,Tapachula,COVID-19,COVID-19,SUSPECTED,5,2026-06-01 00:00:00,,ACTIVE,COVID19MEXICO,2026-08-24
MUNICIPALITY,42000000-0000-0000-0000-000000000173,Tapachula,INFLUENZA,Influenza,SUSPECTED,5,2026-06-01 00:00:00,,ACTIVE,COVID19MEXICO,2026-08-24
MUNICIPALITY,42000000-0000-0000-0000-000000000173,Tapachula,MEASLES,Measles,CONFIRMED,1,2026-06-25 00:00:00,,ACTIVE,EFES_ABIERTO,2026-08-18
MUNICIPALITY,42000000-0000-0000-0000-000000000173,Tapachula,MEASLES,Measles,SUSPECTED,23,2026-08-18 00:00:00,,ACTIVE,EFES_ABIERTO,2026-08-18
MUNICIPALITY,42000000-0000-0000-0000-000000000173,Tapachula,RUBELLA,Rubella,SUSPECTED,23,2026-08-18 00:00:00,,ACTIVE,EFES_ABIERTO,2026-08-18
MUNICIPALITY,42000000-0000-0000-0000-000000000631,Tapalpa,MEASLES,Measles,SUSPECTED,1,2026-08-18 00:00:00,,ACTIVE,EFES_ABIERTO,2026-08-18
MUNICIPALITY,42000000-0000-0000-0000-000000000631,Tapalpa,RUBELLA,Rubella,SUSPECTED,1,2026-08-18 00:00:00,,ACTIVE,EFES_ABIERTO,2026-08-18
MUNICIPALITY,42000000-0000-0000-0000-000000000882,Taretan,COVID-19,COVID-19,SUSPECTED,1,2026-06-24 00:00:00,,ACTIVE,COVID19MEXICO,2026-08-24
MUNICIPALITY,42000000-0000-0000-0000-000000000882,Taretan,INFLUENZA,Influenza,SUSPECTED,1,2026-06-24 00:00:00,,ACTIVE,COVID19MEXICO,2026-08-24
MUNICIPALITY,42000000-0000-0000-0000-000000000882,Taretan,MEASLES,Measles,SUSPECTED,1,2026-08-18 00:00:00,,ACTIVE,EFES_ABIERTO,2026-08-18
MUNICIPALITY,42000000-0000-0000-0000-000000000882,Taretan,RUBELLA,Rubella,SUSPECTED,1,2026-08-18 00:00:00,,ACTIVE,EFES_ABIERTO,2026-08-18
MUNICIPALITY,42000000-0000-0000-0000-000000000883,Tarimbaro,COVID-19,COVID-19,CONFIRMED,4,2026-06-24 00:00:00,,ACTIVE,COVID19MEXICO,2026-08-24
MUNICIPALITY,42000000-0000-0000-0000-000000000883,Tarimbaro,COVID-19,COVID-19,SUSPECTED,2,2026-06-24 00:00:00,,ACTIVE,COVID19MEXICO,2026-08-24
MUNICIPALITY,42000000-0000-0000-0000-000000000883,Tarimbaro,INFLUENZA,Influenza,SUSPECTED,2,2026-06-24 00:00:00,,ACTIVE,COVID19MEXICO,2026-08-24
MUNICIPALITY,42000000-0000-0000-0000-000000000883,Tarimbaro,MEASLES,Measles,SUSPECTED,3,2026-08-18 00:00:00,,ACTIVE,EFES_ABIERTO,2026-08-18
MUNICIPALITY,42000000-0000-0000-0000-000000000883,Tarimbaro,RUBELLA,Rubella,SUSPECTED,3,2026-08-18 00:00:00,,ACTIVE,EFES_ABIERTO,2026-08-18
MUNICIPALITY,42000000-0000-0000-0000-000000000519,Tasquillo,COVID-19,COVID-19,CONFIRMED,1,2026-06-25 00:00:00,,ACTIVE,COVID19MEXICO,2026-08-24
MUNICIPALITY,42000000-0000-0000-0000-000000000519,Tasquillo,COVID-19,COVID-19,SUSPECTED,2,2026-06-10 00:00:00,,ACTIVE,COVID19MEXICO,2026-08-24
MUNICIPALITY,42000000-0000-0000-0000-000000000519,Tasquillo,INFLUENZA,Influenza,SUSPECTED,2,2026-06-10 00:00:00,,ACTIVE,COVID19MEXICO,2026-08-24
MUNICIPALITY,42000000-0000-0000-0000-000000002258,Tatatila,MEASLES,Measles,CONFIRMED,1,2026-06-17 00:00:00,,ACTIVE,EFES_ABIERTO,2026-08-18
MUNICIPALITY,42000000-0000-0000-0000-000000000431,Taxco de Alarcon,COVID-19,COVID-19,SUSPECTED,14,2026-06-01 00:00:00,,ACTIVE,COVID19MEXICO,2026-08-24
MUNICIPALITY,42000000-0000-0000-0000-000000000431,Taxco de Alarcon,INFLUENZA,Influenza,SUSPECTED,14,2026-06-01 00:00:00,,ACTIVE,COVID19MEXICO,2026-08-24
MUNICIPALITY,42000000-0000-0000-0000-000000001738,Tecali de Herrera,COVID-19,COVID-19,SUSPECTED,1,2026-07-20 00:00:00,,ACTIVE,COVID19MEXICO,2026-08-24
MUNICIPALITY,42000000-0000-0000-0000-000000001738,Tecali de Herrera,INFLUENZA,Influenza,SUSPECTED,1,2026-07-20 00:00:00,,ACTIVE,COVID19MEXICO,2026-08-24
MUNICIPALITY,42000000-0000-0000-0000-000000000632,Tecalitlan,MEASLES,Measles,SUSPECTED,1,2026-08-18 00:00:00,,ACTIVE,EFES_ABIERTO,2026-08-18
MUNICIPALITY,42000000-0000-0000-0000-000000000632,Tecalitlan,RUBELLA,Rubella,SUSPECTED,1,2026-08-18 00:00:00,,ACTIVE,EFES_ABIERTO,2026-08-18
MUNICIPALITY,42000000-0000-0000-0000-000000000751,Tecamac,COVID-19,COVID-19,CONFIRMED,3,2026-06-13 00:00:00,,ACTIVE,COVID19MEXICO,2026-08-24
MUNICIPALITY,42000000-0000-0000-0000-000000000751,Tecamac,COVID-19,COVID-19,SUSPECTED,9,2026-06-02 00:00:00,,ACTIVE,COVID19MEXICO,2026-08-24
MUNICIPALITY,42000000-0000-0000-0000-000000000751,Tecamac,INFLUENZA,Influenza,SUSPECTED,9,2026-06-02 00:00:00,,ACTIVE,COVID19MEXICO,2026-08-24
MUNICIPALITY,42000000-0000-0000-0000-000000000751,Tecamac,MEASLES,Measles,SUSPECTED,4,2026-08-18 00:00:00,,ACTIVE,EFES_ABIERTO,2026-08-18
MUNICIPALITY,42000000-0000-0000-0000-000000000751,Tecamac,RUBELLA,Rubella,SUSPECTED,4,2026-08-18 00:00:00,,ACTIVE,EFES_ABIERTO,2026-08-18
MUNICIPALITY,42000000-0000-0000-0000-000000001739,Tecamachalco,COVID-19,COVID-19,SUSPECTED,5,2026-06-06 00:00:00,,ACTIVE,COVID19MEXICO,2026-08-24
MUNICIPALITY,42000000-0000-0000-0000-000000001739,Tecamachalco,INFLUENZA,Influenza,SUSPECTED,5,2026-06-06 00:00:00,,ACTIVE,COVID19MEXICO,2026-08-24
MUNICIPALITY,42000000-0000-0000-0000-000000000014,Tecate,MEASLES,Measles,SUSPECTED,5,2026-08-18 00:00:00,,ACTIVE,EFES_ABIERTO,2026-08-18
MUNICIPALITY,42000000-0000-0000-0000-000000000014,Tecate,RUBELLA,Rubella,SUSPECTED,5,2026-08-18 00:00:00,,ACTIVE,EFES_ABIERTO,2026-08-18
MUNICIPALITY,42000000-0000-0000-0000-000000000432,Tecoanapa,COVID-19,COVID-19,SUSPECTED,1,2026-07-06 00:00:00,,ACTIVE,COVID19MEXICO,2026-08-24
MUNICIPALITY,42000000-0000-0000-0000-000000000432,Tecoanapa,DENGUE,Dengue fever,SUSPECTED,1,2026-08-08 00:00:00,,ACTIVE,DENGUE_ABIERTO,2026-08-20
MUNICIPALITY,42000000-0000-0000-0000-000000000432,Tecoanapa,INFLUENZA,Influenza,SUSPECTED,1,2026-07-06 00:00:00,,ACTIVE,COVID19MEXICO,2026-08-24
MUNICIPALITY,42000000-0000-0000-0000-000000002390,Tecoh,COVID-19,COVID-19,SUSPECTED,1,2026-08-20 00:00:00,,ACTIVE,COVID19MEXICO,2026-08-24
MUNICIPALITY,42000000-0000-0000-0000-000000002390,Tecoh,INFLUENZA,Influenza,CONFIRMED,1,2026-07-12 00:00:00,,ACTIVE,COVID19MEXICO,2026-08-24
MUNICIPALITY,42000000-0000-0000-0000-000000002390,Tecoh,INFLUENZA,Influenza,SUSPECTED,1,2026-08-20 00:00:00,,ACTIVE,COVID19MEXICO,2026-08-24
MUNICIPALITY,42000000-0000-0000-0000-000000000633,Tecolotlan,COVID-19,COVID-19,SUSPECTED,1,2026-06-20 00:00:00,,ACTIVE,COVID19MEXICO,2026-08-24
MUNICIPALITY,42000000-0000-0000-0000-000000000633,Tecolotlan,INFLUENZA,Influenza,SUSPECTED,1,2026-06-20 00:00:00,,ACTIVE,COVID19MEXICO,2026-08-24
MUNICIPALITY,42000000-0000-0000-0000-000000002260,Tecolutla,COVID-19,COVID-19,SUSPECTED,2,2026-06-22 00:00:00,,ACTIVE,COVID19MEXICO,2026-08-24
MUNICIPALITY,42000000-0000-0000-0000-000000002260,Tecolutla,INFLUENZA,Influenza,SUSPECTED,2,2026-06-22 00:00:00,,ACTIVE,COVID19MEXICO,2026-08-24
MUNICIPALITY,42000000-0000-0000-0000-000000000083,Tecoman,COVID-19,COVID-19,SUSPECTED,1,2026-06-07 00:00:00,,ACTIVE,COVID19MEXICO,2026-08-24
MUNICIPALITY,42000000-0000-0000-0000-000000000083,Tecoman,INFLUENZA,Influenza,SUSPECTED,1,2026-06-07 00:00:00,,ACTIVE,COVID19MEXICO,2026-08-24
MUNICIPALITY,42000000-0000-0000-0000-000000000083,Tecoman,MEASLES,Measles,SUSPECTED,4,2026-08-18 00:00:00,,ACTIVE,EFES_ABIERTO,2026-08-18
MUNICIPALITY,42000000-0000-0000-0000-000000000083,Tecoman,RUBELLA,Rubella,SUSPECTED,4,2026-08-18 00:00:00,,ACTIVE,EFES_ABIERTO,2026-08-18
MUNICIPALITY,42000000-0000-0000-0000-000000000520,Tecozautla,COVID-19,COVID-19,SUSPECTED,1,2026-08-02 00:00:00,,ACTIVE,COVID19MEXICO,2026-08-24
MUNICIPALITY,42000000-0000-0000-0000-000000000520,Tecozautla,INFLUENZA,Influenza,SUSPECTED,1,2026-08-02 00:00:00,,ACTIVE,COVID19MEXICO,2026-08-24
MUNICIPALITY,42000000-0000-0000-0000-000000000433,Tecpan de Galeana,COVID-19,COVID-19,SUSPECTED,3,2026-06-04 00:00:00,,ACTIVE,COVID19MEXICO,2026-08-24
MUNICIPALITY,42000000-0000-0000-0000-000000000433,Tecpan de Galeana,INFLUENZA,Influenza,SUSPECTED,3,2026-06-04 00:00:00,,ACTIVE,COVID19MEXICO,2026-08-24
MUNICIPALITY,42000000-0000-0000-0000-000000000176,Tecpatan,MEASLES,Measles,SUSPECTED,3,2026-08-18 00:00:00,,ACTIVE,EFES_ABIERTO,2026-08-18
MUNICIPALITY,42000000-0000-0000-0000-000000000176,Tecpatan,RUBELLA,Rubella,SUSPECTED,3,2026-08-18 00:00:00,,ACTIVE,EFES_ABIERTO,2026-08-18
MUNICIPALITY,42000000-0000-0000-0000-000000000960,Tecuala,MEASLES,Measles,SUSPECTED,1,2026-08-18 00:00:00,,ACTIVE,EFES_ABIERTO,2026-08-18
MUNICIPALITY,42000000-0000-0000-0000-000000000960,Tecuala,RUBELLA,Rubella,SUSPECTED,1,2026-08-18 00:00:00,,ACTIVE,EFES_ABIERTO,2026-08-18
MUNICIPALITY,42000000-0000-0000-0000-000000001741,Tehuacan,COVID-19,COVID-19,CONFIRMED,8,2026-07-06 00:00:00,,ACTIVE,COVID19MEXICO,2026-08-24
MUNICIPALITY,42000000-0000-0000-0000-000000001741,Tehuacan,COVID-19,COVID-19,SUSPECTED,452,2026-06-02 00:00:00,,ACTIVE,COVID19MEXICO,2026-08-24
MUNICIPALITY,42000000-0000-0000-0000-000000001741,Tehuacan,DENGUE,Dengue fever,SUSPECTED,1,2026-06-03 00:00:00,,ACTIVE,DENGUE_ABIERTO,2026-08-20
MUNICIPALITY,42000000-0000-0000-0000-000000001741,Tehuacan,INFLUENZA,Influenza,CONFIRMED,1,2026-07-25 00:00:00,,ACTIVE,COVID19MEXICO,2026-08-24
MUNICIPALITY,42000000-0000-0000-0000-000000001741,Tehuacan,INFLUENZA,Influenza,SUSPECTED,452,2026-06-02 00:00:00,,ACTIVE,COVID19MEXICO,2026-08-24
MUNICIPALITY,42000000-0000-0000-0000-000000000752,Tejupilco,COVID-19,COVID-19,SUSPECTED,21,2026-06-12 00:00:00,,ACTIVE,COVID19MEXICO,2026-08-24
MUNICIPALITY,42000000-0000-0000-0000-000000000752,Tejupilco,INFLUENZA,Influenza,SUSPECTED,21,2026-06-12 00:00:00,,ACTIVE,COVID19MEXICO,2026-08-24
MUNICIPALITY,42000000-0000-0000-0000-000000002393,Tekax,COVID-19,COVID-19,SUSPECTED,20,2026-06-04 00:00:00,,ACTIVE,COVID19MEXICO,2026-08-24
MUNICIPALITY,42000000-0000-0000-0000-000000002393,Tekax,INFLUENZA,Influenza,CONFIRMED,3,2026-06-07 00:00:00,,ACTIVE,COVID19MEXICO,2026-08-24
MUNICIPALITY,42000000-0000-0000-0000-000000002393,Tekax,INFLUENZA,Influenza,SUSPECTED,20,2026-06-04 00:00:00,,ACTIVE,COVID19MEXICO,2026-08-24
MUNICIPALITY,42000000-0000-0000-0000-000000002394,Tekit,COVID-19,COVID-19,SUSPECTED,1,2026-06-15 00:00:00,,ACTIVE,COVID19MEXICO,2026-08-24
MUNICIPALITY,42000000-0000-0000-0000-000000002394,Tekit,INFLUENZA,Influenza,SUSPECTED,1,2026-06-15 00:00:00,,ACTIVE,COVID19MEXICO,2026-08-24
MUNICIPALITY,42000000-0000-0000-0000-000000000434,Teloloapan,COVID-19,COVID-19,SUSPECTED,1,2026-06-14 00:00:00,,ACTIVE,COVID19MEXICO,2026-08-24
MUNICIPALITY,42000000-0000-0000-0000-000000000434,Teloloapan,INFLUENZA,Influenza,SUSPECTED,1,2026-06-14 00:00:00,,ACTIVE,COVID19MEXICO,2026-08-24
MUNICIPALITY,42000000-0000-0000-0000-000000000754,Temascalapa,COVID-19,COVID-19,CONFIRMED,1,2026-08-11 00:00:00,,ACTIVE,COVID19MEXICO,2026-08-24
MUNICIPALITY,42000000-0000-0000-0000-000000000755,Temascalcingo,COVID-19,COVID-19,SUSPECTED,1,2026-08-10 00:00:00,,ACTIVE,COVID19MEXICO,2026-08-24
MUNICIPALITY,42000000-0000-0000-0000-000000000755,Temascalcingo,INFLUENZA,Influenza,SUSPECTED,1,2026-08-10 00:00:00,,ACTIVE,COVID19MEXICO,2026-08-24
MUNICIPALITY,42000000-0000-0000-0000-000000000756,Temascaltepec,COVID-19,COVID-19,SUSPECTED,3,2026-07-15 00:00:00,,ACTIVE,COVID19MEXICO,2026-08-24
MUNICIPALITY,42000000-0000-0000-0000-000000000756,Temascaltepec,INFLUENZA,Influenza,SUSPECTED,3,2026-07-15 00:00:00,,ACTIVE,COVID19MEXICO,2026-08-24
MUNICIPALITY,42000000-0000-0000-0000-000000002398,Temax,COVID-19,COVID-19,SUSPECTED,1,2026-08-12 00:00:00,,ACTIVE,COVID19MEXICO,2026-08-24
MUNICIPALITY,42000000-0000-0000-0000-000000002398,Temax,INFLUENZA,Influenza,SUSPECTED,1,2026-08-12 00:00:00,,ACTIVE,COVID19MEXICO,2026-08-24
MUNICIPALITY,42000000-0000-0000-0000-000000000926,Temixco,COVID-19,COVID-19,CONFIRMED,2,2026-07-01 00:00:00,,ACTIVE,COVID19MEXICO,2026-08-24
MUNICIPALITY,42000000-0000-0000-0000-000000000926,Temixco,COVID-19,COVID-19,SUSPECTED,3,2026-07-14 00:00:00,,ACTIVE,COVID19MEXICO,2026-08-24
MUNICIPALITY,42000000-0000-0000-0000-000000000926,Temixco,INFLUENZA,Influenza,SUSPECTED,3,2026-07-14 00:00:00,,ACTIVE,COVID19MEXICO,2026-08-24
MUNICIPALITY,42000000-0000-0000-0000-000000000926,Temixco,MEASLES,Measles,SUSPECTED,3,2026-08-18 00:00:00,,ACTIVE,EFES_ABIERTO,2026-08-18
MUNICIPALITY,42000000-0000-0000-0000-000000000926,Temixco,RUBELLA,Rubella,SUSPECTED,3,2026-08-18 00:00:00,,ACTIVE,EFES_ABIERTO,2026-08-18
MUNICIPALITY,42000000-0000-0000-0000-000000000757,Temoaya,COVID-19,COVID-19,SUSPECTED,9,2026-06-01 00:00:00,,ACTIVE,COVID19MEXICO,2026-08-24
MUNICIPALITY,42000000-0000-0000-0000-000000000757,Temoaya,INFLUENZA,Influenza,SUSPECTED,9,2026-06-01 00:00:00,,ACTIVE,COVID19MEXICO,2026-08-24
MUNICIPALITY,42000000-0000-0000-0000-000000000271,Temosachic,COVID-19,COVID-19,SUSPECTED,1,2026-08-18 00:00:00,,ACTIVE,COVID19MEXICO,2026-08-24
MUNICIPALITY,42000000-0000-0000-0000-000000000271,Temosachic,INFLUENZA,Influenza,SUSPECTED,1,2026-08-18 00:00:00,,ACTIVE,COVID19MEXICO,2026-08-24
MUNICIPALITY,42000000-0000-0000-0000-000000000031,Tenabo,COVID-19,COVID-19,SUSPECTED,1,2026-07-18 00:00:00,,ACTIVE,COVID19MEXICO,2026-08-24
MUNICIPALITY,42000000-0000-0000-0000-000000000031,Tenabo,INFLUENZA,Influenza,SUSPECTED,1,2026-07-18 00:00:00,,ACTIVE,COVID19MEXICO,2026-08-24
MUNICIPALITY,42000000-0000-0000-0000-000000002069,Tenancingo,COVID-19,COVID-19,CONFIRMED,1,2026-07-04 00:00:00,,ACTIVE,COVID19MEXICO,2026-08-24
MUNICIPALITY,42000000-0000-0000-0000-000000000758,Tenancingo,COVID-19,COVID-19,SUSPECTED,31,2026-06-18 00:00:00,,ACTIVE,COVID19MEXICO,2026-08-24
MUNICIPALITY,42000000-0000-0000-0000-000000000758,Tenancingo,INFLUENZA,Influenza,SUSPECTED,31,2026-06-18 00:00:00,,ACTIVE,COVID19MEXICO,2026-08-24
MUNICIPALITY,42000000-0000-0000-0000-000000000758,Tenancingo,MEASLES,Measles,CONFIRMED,1,2026-07-17 00:00:00,,ACTIVE,EFES_ABIERTO,2026-08-18
MUNICIPALITY,42000000-0000-0000-0000-000000000758,Tenancingo,MEASLES,Measles,SUSPECTED,1,2026-08-18 00:00:00,,ACTIVE,EFES_ABIERTO,2026-08-18
MUNICIPALITY,42000000-0000-0000-0000-000000000758,Tenancingo,RUBELLA,Rubella,SUSPECTED,1,2026-08-18 00:00:00,,ACTIVE,EFES_ABIERTO,2026-08-18
MUNICIPALITY,42000000-0000-0000-0000-000000000521,Tenango de Doria,COVID-19,COVID-19,SUSPECTED,3,2026-06-23 00:00:00,,ACTIVE,COVID19MEXICO,2026-08-24
MUNICIPALITY,42000000-0000-0000-0000-000000000521,Tenango de Doria,INFLUENZA,Influenza,SUSPECTED,3,2026-06-23 00:00:00,,ACTIVE,COVID19MEXICO,2026-08-24
MUNICIPALITY,42000000-0000-0000-0000-000000000760,Tenango del Valle,COVID-19,COVID-19,SUSPECTED,6,2026-07-13 00:00:00,,ACTIVE,COVID19MEXICO,2026-08-24
MUNICIPALITY,42000000-0000-0000-0000-000000000760,Tenango del Valle,INFLUENZA,Influenza,SUSPECTED,6,2026-07-13 00:00:00,,ACTIVE,COVID19MEXICO,2026-08-24
MUNICIPALITY,42000000-0000-0000-0000-000000000760,Tenango del Valle,MEASLES,Measles,SUSPECTED,3,2026-08-18 00:00:00,,ACTIVE,EFES_ABIERTO,2026-08-18
MUNICIPALITY,42000000-0000-0000-0000-000000000760,Tenango del Valle,RUBELLA,Rubella,SUSPECTED,3,2026-08-18 00:00:00,,ACTIVE,EFES_ABIERTO,2026-08-18
MUNICIPALITY,42000000-0000-0000-0000-000000001999,Tenosique,COVID-19,COVID-19,SUSPECTED,1,2026-07-21 00:00:00,,ACTIVE,COVID19MEXICO,2026-08-24
MUNICIPALITY,42000000-0000-0000-0000-000000001999,Tenosique,INFLUENZA,Influenza,SUSPECTED,1,2026-07-21 00:00:00,,ACTIVE,COVID19MEXICO,2026-08-24
MUNICIPALITY,42000000-0000-0000-0000-000000001999,Tenosique,MEASLES,Measles,SUSPECTED,3,2026-08-18 00:00:00,,ACTIVE,EFES_ABIERTO,2026-08-18
MUNICIPALITY,42000000-0000-0000-0000-000000001999,Tenosique,RUBELLA,Rubella,SUSPECTED,3,2026-08-18 00:00:00,,ACTIVE,EFES_ABIERTO,2026-08-18
MUNICIPALITY,42000000-0000-0000-0000-000000000636,Teocaltiche,COVID-19,COVID-19,CONFIRMED,1,2026-06-10 00:00:00,,ACTIVE,COVID19MEXICO,2026-08-24
MUNICIPALITY,42000000-0000-0000-0000-000000000636,Teocaltiche,MEASLES,Measles,SUSPECTED,1,2026-08-18 00:00:00,,ACTIVE,EFES_ABIERTO,2026-08-18
MUNICIPALITY,42000000-0000-0000-0000-000000000636,Teocaltiche,RUBELLA,Rubella,SUSPECTED,1,2026-08-18 00:00:00,,ACTIVE,EFES_ABIERTO,2026-08-18
MUNICIPALITY,42000000-0000-0000-0000-000000002070,Teolocholco,COVID-19,COVID-19,CONFIRMED,1,2026-08-07 00:00:00,,ACTIVE,COVID19MEXICO,2026-08-24
MUNICIPALITY,42000000-0000-0000-0000-000000002070,Teolocholco,COVID-19,COVID-19,SUSPECTED,1,2026-08-20 00:00:00,,ACTIVE,COVID19MEXICO,2026-08-24
MUNICIPALITY,42000000-0000-0000-0000-000000002070,Teolocholco,INFLUENZA,Influenza,CONFIRMED,1,2026-08-11 00:00:00,,ACTIVE,COVID19MEXICO,2026-08-24
MUNICIPALITY,42000000-0000-0000-0000-000000002070,Teolocholco,INFLUENZA,Influenza,SUSPECTED,1,2026-08-20 00:00:00,,ACTIVE,COVID19MEXICO,2026-08-24
MUNICIPALITY,42000000-0000-0000-0000-000000000761,Teoloyucan,COVID-19,COVID-19,SUSPECTED,2,2026-06-16 00:00:00,,ACTIVE,COVID19MEXICO,2026-08-24
MUNICIPALITY,42000000-0000-0000-0000-000000000761,Teoloyucan,INFLUENZA,Influenza,SUSPECTED,2,2026-06-16 00:00:00,,ACTIVE,COVID19MEXICO,2026-08-24
MUNICIPALITY,42000000-0000-0000-0000-000000000761,Teoloyucan,MEASLES,Measles,SUSPECTED,1,2026-08-18 00:00:00,,ACTIVE,EFES_ABIERTO,2026-08-18
MUNICIPALITY,42000000-0000-0000-0000-000000000761,Teoloyucan,RUBELLA,Rubella,SUSPECTED,1,2026-08-18 00:00:00,,ACTIVE,EFES_ABIERTO,2026-08-18
MUNICIPALITY,42000000-0000-0000-0000-000000000178,Teopisca,COVID-19,COVID-19,SUSPECTED,1,2026-08-15 00:00:00,,ACTIVE,COVID19MEXICO,2026-08-24
MUNICIPALITY,42000000-0000-0000-0000-000000000178,Teopisca,INFLUENZA,Influenza,SUSPECTED,1,2026-08-15 00:00:00,,ACTIVE,COVID19MEXICO,2026-08-24
MUNICIPALITY,42000000-0000-0000-0000-000000000762,Teotihuacan,COVID-19,COVID-19,CONFIRMED,1,2026-07-10 00:00:00,,ACTIVE,COVID19MEXICO,2026-08-24
MUNICIPALITY,42000000-0000-0000-0000-000000001560,Teotitlan de Flores Magon,COVID-19,COVID-19,SUSPECTED,2,2026-06-28 00:00:00,,ACTIVE,COVID19MEXICO,2026-08-24
MUNICIPALITY,42000000-0000-0000-0000-000000001560,Teotitlan de Flores Magon,INFLUENZA,Influenza,SUSPECTED,2,2026-06-28 00:00:00,,ACTIVE,COVID19MEXICO,2026-08-24
MUNICIPALITY,42000000-0000-0000-0000-000000000927,Tepalcingo,COVID-19,COVID-19,CONFIRMED,1,2026-07-26 00:00:00,,ACTIVE,COVID19MEXICO,2026-08-24
MUNICIPALITY,42000000-0000-0000-0000-000000000927,Tepalcingo,COVID-19,COVID-19,SUSPECTED,2,2026-06-12 00:00:00,,ACTIVE,COVID19MEXICO,2026-08-24
MUNICIPALITY,42000000-0000-0000-0000-000000000927,Tepalcingo,INFLUENZA,Influenza,SUSPECTED,2,2026-06-12 00:00:00,,ACTIVE,COVID19MEXICO,2026-08-24
MUNICIPALITY,42000000-0000-0000-0000-000000000638,Tepatitlan de Morelos,COVID-19,COVID-19,CONFIRMED,1,2026-07-22 00:00:00,,ACTIVE,COVID19MEXICO,2026-08-24
MUNICIPALITY,42000000-0000-0000-0000-000000002267,Tepatlaxco,DENGUE,Dengue fever,SUSPECTED,1,2026-06-28 00:00:00,,ACTIVE,DENGUE_ABIERTO,2026-08-20
MUNICIPALITY,42000000-0000-0000-0000-000000001749,Tepeaca,COVID-19,COVID-19,SUSPECTED,1,2026-07-22 00:00:00,,ACTIVE,COVID19MEXICO,2026-08-24
MUNICIPALITY,42000000-0000-0000-0000-000000001749,Tepeaca,INFLUENZA,Influenza,SUSPECTED,1,2026-07-22 00:00:00,,ACTIVE,COVID19MEXICO,2026-08-24
MUNICIPALITY,42000000-0000-0000-0000-000000000522,Tepeapulco,COVID-19,COVID-19,CONFIRMED,3,2026-06-23 00:00:00,,ACTIVE,COVID19MEXICO,2026-08-24
MUNICIPALITY,42000000-0000-0000-0000-000000000522,Tepeapulco,COVID-19,COVID-19,SUSPECTED,4,2026-06-11 00:00:00,,ACTIVE,COVID19MEXICO,2026-08-24
MUNICIPALITY,42000000-0000-0000-0000-000000000522,Tepeapulco,INFLUENZA,Influenza,SUSPECTED,4,2026-06-11 00:00:00,,ACTIVE,COVID19MEXICO,2026-08-24
MUNICIPALITY,42000000-0000-0000-0000-000000000435,Tepecoacuilco de Trujano,COVID-19,COVID-19,SUSPECTED,3,2026-06-12 00:00:00,,ACTIVE,COVID19MEXICO,2026-08-24
MUNICIPALITY,42000000-0000-0000-0000-000000000435,Tepecoacuilco de Trujano,INFLUENZA,Influenza,SUSPECTED,3,2026-06-12 00:00:00,,ACTIVE,COVID19MEXICO,2026-08-24
MUNICIPALITY,42000000-0000-0000-0000-000000000523,Tepehuacan de Guerrero,COVID-19,COVID-19,CONFIRMED,2,2026-08-07 00:00:00,,ACTIVE,COVID19MEXICO,2026-08-24
MUNICIPALITY,42000000-0000-0000-0000-000000000523,Tepehuacan de Guerrero,COVID-19,COVID-19,SUSPECTED,3,2026-06-07 00:00:00,,ACTIVE,COVID19MEXICO,2026-08-24
MUNICIPALITY,42000000-0000-0000-0000-000000000523,Tepehuacan de Guerrero,INFLUENZA,Influenza,SUSPECTED,3,2026-06-07 00:00:00,,ACTIVE,COVID19MEXICO,2026-08-24
MUNICIPALITY,42000000-0000-0000-0000-000000000524,Tepeji del Rio de Ocampo,COVID-19,COVID-19,CONFIRMED,5,2026-06-29 00:00:00,,ACTIVE,COVID19MEXICO,2026-08-24
MUNICIPALITY,42000000-0000-0000-0000-000000000524,Tepeji del Rio de Ocampo,COVID-19,COVID-19,SUSPECTED,3,2026-08-14 00:00:00,,ACTIVE,COVID19MEXICO,2026-08-24
MUNICIPALITY,42000000-0000-0000-0000-000000000524,Tepeji del Rio de Ocampo,INFLUENZA,Influenza,CONFIRMED,1,2026-07-22 00:00:00,,ACTIVE,COVID19MEXICO,2026-08-24
MUNICIPALITY,42000000-0000-0000-0000-000000000524,Tepeji del Rio de Ocampo,INFLUENZA,Influenza,SUSPECTED,3,2026-08-14 00:00:00,,ACTIVE,COVID19MEXICO,2026-08-24
MUNICIPALITY,42000000-0000-0000-0000-000000001563,Tepelmeme Villa de Morelos,COVID-19,COVID-19,SUSPECTED,1,2026-08-12 00:00:00,,ACTIVE,COVID19MEXICO,2026-08-24
MUNICIPALITY,42000000-0000-0000-0000-000000001563,Tepelmeme Villa de Morelos,INFLUENZA,Influenza,SUSPECTED,1,2026-08-12 00:00:00,,ACTIVE,COVID19MEXICO,2026-08-24
MUNICIPALITY,42000000-0000-0000-0000-000000001751,Tepeojuma,COVID-19,COVID-19,SUSPECTED,1,2026-06-29 00:00:00,,ACTIVE,COVID19MEXICO,2026-08-24
MUNICIPALITY,42000000-0000-0000-0000-000000001751,Tepeojuma,INFLUENZA,Influenza,SUSPECTED,1,2026-06-29 00:00:00,,ACTIVE,COVID19MEXICO,2026-08-24
MUNICIPALITY,42000000-0000-0000-0000-000000001751,Tepeojuma,MEASLES,Measles,SUSPECTED,1,2026-08-18 00:00:00,,ACTIVE,EFES_ABIERTO,2026-08-18
MUNICIPALITY,42000000-0000-0000-0000-000000001751,Tepeojuma,RUBELLA,Rubella,SUSPECTED,1,2026-08-18 00:00:00,,ACTIVE,EFES_ABIERTO,2026-08-18
MUNICIPALITY,42000000-0000-0000-0000-000000002061,Tepetitla de Lardizabal,COVID-19,COVID-19,CONFIRMED,1,2026-08-03 00:00:00,,ACTIVE,COVID19MEXICO,2026-08-24
MUNICIPALITY,42000000-0000-0000-0000-000000002061,Tepetitla de Lardizabal,COVID-19,COVID-19,SUSPECTED,14,2026-06-19 00:00:00,,ACTIVE,COVID19MEXICO,2026-08-24
MUNICIPALITY,42000000-0000-0000-0000-000000002061,Tepetitla de Lardizabal,INFLUENZA,Influenza,SUSPECTED,14,2026-06-19 00:00:00,,ACTIVE,COVID19MEXICO,2026-08-24
MUNICIPALITY,42000000-0000-0000-0000-000000000525,Tepetitlan,COVID-19,COVID-19,SUSPECTED,3,2026-06-17 00:00:00,,ACTIVE,COVID19MEXICO,2026-08-24
MUNICIPALITY,42000000-0000-0000-0000-000000000525,Tepetitlan,INFLUENZA,Influenza,SUSPECTED,3,2026-06-17 00:00:00,,ACTIVE,COVID19MEXICO,2026-08-24
MUNICIPALITY,42000000-0000-0000-0000-000000002268,Tepetlan,MEASLES,Measles,SUSPECTED,1,2026-08-18 00:00:00,,ACTIVE,EFES_ABIERTO,2026-08-18
MUNICIPALITY,42000000-0000-0000-0000-000000002268,Tepetlan,RUBELLA,Rubella,SUSPECTED,1,2026-08-18 00:00:00,,ACTIVE,EFES_ABIERTO,2026-08-18
MUNICIPALITY,42000000-0000-0000-0000-000000000763,Tepetlaoxtoc,COVID-19,COVID-19,SUSPECTED,1,2026-07-20 00:00:00,,ACTIVE,COVID19MEXICO,2026-08-24
MUNICIPALITY,42000000-0000-0000-0000-000000000763,Tepetlaoxtoc,INFLUENZA,Influenza,SUSPECTED,1,2026-07-20 00:00:00,,ACTIVE,COVID19MEXICO,2026-08-24
MUNICIPALITY,42000000-0000-0000-0000-000000000764,Tepetlixpa,COVID-19,COVID-19,SUSPECTED,1,2026-07-11 00:00:00,,ACTIVE,COVID19MEXICO,2026-08-24
MUNICIPALITY,42000000-0000-0000-0000-000000000764,Tepetlixpa,INFLUENZA,Influenza,SUSPECTED,1,2026-07-11 00:00:00,,ACTIVE,COVID19MEXICO,2026-08-24
MUNICIPALITY,42000000-0000-0000-0000-000000000764,Tepetlixpa,MEASLES,Measles,CONFIRMED,2,2026-06-05 00:00:00,,ACTIVE,EFES_ABIERTO,2026-08-18
MUNICIPALITY,42000000-0000-0000-0000-000000002466,Tepetongo,MEASLES,Measles,SUSPECTED,1,2026-08-18 00:00:00,,ACTIVE,EFES_ABIERTO,2026-08-18
MUNICIPALITY,42000000-0000-0000-0000-000000002466,Tepetongo,RUBELLA,Rubella,SUSPECTED,1,2026-08-18 00:00:00,,ACTIVE,EFES_ABIERTO,2026-08-18
MUNICIPALITY,42000000-0000-0000-0000-000000001752,Tepetzintla,COVID-19,COVID-19,CONFIRMED,1,2026-07-17 00:00:00,,ACTIVE,COVID19MEXICO,2026-08-24
MUNICIPALITY,42000000-0000-0000-0000-000000001754,Tepexi de Rodriguez,COVID-19,COVID-19,SUSPECTED,5,2026-06-29 00:00:00,,ACTIVE,COVID19MEXICO,2026-08-24
MUNICIPALITY,42000000-0000-0000-0000-000000001754,Tepexi de Rodriguez,INFLUENZA,Influenza,SUSPECTED,5,2026-06-29 00:00:00,,ACTIVE,COVID19MEXICO,2026-08-24
MUNICIPALITY,42000000-0000-0000-0000-000000001755,Tepeyahualco,COVID-19,COVID-19,CONFIRMED,1,2026-08-08 00:00:00,,ACTIVE,COVID19MEXICO,2026-08-24
MUNICIPALITY,42000000-0000-0000-0000-000000001755,Tepeyahualco,COVID-19,COVID-19,SUSPECTED,4,2026-06-08 00:00:00,,ACTIVE,COVID19MEXICO,2026-08-24
MUNICIPALITY,42000000-0000-0000-0000-000000001755,Tepeyahualco,INFLUENZA,Influenza,SUSPECTED,4,2026-06-08 00:00:00,,ACTIVE,COVID19MEXICO,2026-08-24
MUNICIPALITY,42000000-0000-0000-0000-000000002071,Tepeyanco,COVID-19,COVID-19,SUSPECTED,2,2026-06-17 00:00:00,,ACTIVE,COVID19MEXICO,2026-08-24
MUNICIPALITY,42000000-0000-0000-0000-000000002071,Tepeyanco,INFLUENZA,Influenza,SUSPECTED,2,2026-06-17 00:00:00,,ACTIVE,COVID19MEXICO,2026-08-24
MUNICIPALITY,42000000-0000-0000-0000-000000000009,Tepezala,COVID-19,COVID-19,CONFIRMED,2,2026-06-01 00:00:00,,ACTIVE,COVID19MEXICO,2026-08-24
MUNICIPALITY,42000000-0000-0000-0000-000000000009,Tepezala,COVID-19,COVID-19,SUSPECTED,6,2026-06-03 00:00:00,,ACTIVE,COVID19MEXICO,2026-08-24
MUNICIPALITY,42000000-0000-0000-0000-000000000009,Tepezala,INFLUENZA,Influenza,SUSPECTED,6,2026-06-03 00:00:00,,ACTIVE,COVID19MEXICO,2026-08-24
MUNICIPALITY,42000000-0000-0000-0000-000000000961,Tepic,COVID-19,COVID-19,CONFIRMED,1,2026-07-20 00:00:00,,ACTIVE,COVID19MEXICO,2026-08-24
MUNICIPALITY,42000000-0000-0000-0000-000000000961,Tepic,COVID-19,COVID-19,SUSPECTED,105,2026-06-03 00:00:00,,ACTIVE,COVID19MEXICO,2026-08-24
MUNICIPALITY,42000000-0000-0000-0000-000000000961,Tepic,INFLUENZA,Influenza,CONFIRMED,4,2026-06-16 00:00:00,,ACTIVE,COVID19MEXICO,2026-08-24
MUNICIPALITY,42000000-0000-0000-0000-000000000961,Tepic,INFLUENZA,Influenza,SUSPECTED,105,2026-06-03 00:00:00,,ACTIVE,COVID19MEXICO,2026-08-24
MUNICIPALITY,42000000-0000-0000-0000-000000000961,Tepic,MEASLES,Measles,SUSPECTED,2,2026-08-18 00:00:00,,ACTIVE,EFES_ABIERTO,2026-08-18
MUNICIPALITY,42000000-0000-0000-0000-000000000961,Tepic,RUBELLA,Rubella,SUSPECTED,2,2026-08-18 00:00:00,,ACTIVE,EFES_ABIERTO,2026-08-18
MUNICIPALITY,42000000-0000-0000-0000-000000000765,Tepotzotlan,MEASLES,Measles,SUSPECTED,1,2026-08-18 00:00:00,,ACTIVE,EFES_ABIERTO,2026-08-18
MUNICIPALITY,42000000-0000-0000-0000-000000000765,Tepotzotlan,RUBELLA,Rubella,SUSPECTED,1,2026-08-18 00:00:00,,ACTIVE,EFES_ABIERTO,2026-08-18
MUNICIPALITY,42000000-0000-0000-0000-000000000928,Tepoztlan,COVID-19,COVID-19,CONFIRMED,3,2026-07-10 00:00:00,,ACTIVE,COVID19MEXICO,2026-08-24
MUNICIPALITY,42000000-0000-0000-0000-000000000928,Tepoztlan,DENGUE,Dengue fever,SUSPECTED,1,2026-07-02 00:00:00,,ACTIVE,DENGUE_ABIERTO,2026-08-20
MUNICIPALITY,42000000-0000-0000-0000-000000000928,Tepoztlan,MEASLES,Measles,SUSPECTED,1,2026-08-18 00:00:00,,ACTIVE,EFES_ABIERTO,2026-08-18
MUNICIPALITY,42000000-0000-0000-0000-000000000928,Tepoztlan,RUBELLA,Rubella,SUSPECTED,1,2026-08-18 00:00:00,,ACTIVE,EFES_ABIERTO,2026-08-18
MUNICIPALITY,42000000-0000-0000-0000-000000000766,Tequixquiac,COVID-19,COVID-19,SUSPECTED,1,2026-06-07 00:00:00,,ACTIVE,COVID19MEXICO,2026-08-24
MUNICIPALITY,42000000-0000-0000-0000-000000000766,Tequixquiac,INFLUENZA,Influenza,SUSPECTED,1,2026-06-07 00:00:00,,ACTIVE,COVID19MEXICO,2026-08-24
MUNICIPALITY,42000000-0000-0000-0000-000000000766,Tequixquiac,MEASLES,Measles,SUSPECTED,1,2026-08-18 00:00:00,,ACTIVE,EFES_ABIERTO,2026-08-18
MUNICIPALITY,42000000-0000-0000-0000-000000000766,Tequixquiac,RUBELLA,Rubella,SUSPECTED,1,2026-08-18 00:00:00,,ACTIVE,EFES_ABIERTO,2026-08-18
MUNICIPALITY,42000000-0000-0000-0000-000000000929,Tetecala,COVID-19,COVID-19,CONFIRMED,1,2026-08-03 00:00:00,,ACTIVE,COVID19MEXICO,2026-08-24
MUNICIPALITY,42000000-0000-0000-0000-000000000929,Tetecala,COVID-19,COVID-19,SUSPECTED,1,2026-07-08 00:00:00,,ACTIVE,COVID19MEXICO,2026-08-24
MUNICIPALITY,42000000-0000-0000-0000-000000000929,Tetecala,INFLUENZA,Influenza,SUSPECTED,1,2026-07-08 00:00:00,,ACTIVE,COVID19MEXICO,2026-08-24
MUNICIPALITY,42000000-0000-0000-0000-000000000526,Tetepango,COVID-19,COVID-19,CONFIRMED,1,2026-07-22 00:00:00,,ACTIVE,COVID19MEXICO,2026-08-24
MUNICIPALITY,42000000-0000-0000-0000-000000000436,Tetipac,COVID-19,COVID-19,SUSPECTED,2,2026-07-17 00:00:00,,ACTIVE,COVID19MEXICO,2026-08-24
MUNICIPALITY,42000000-0000-0000-0000-000000000436,Tetipac,INFLUENZA,Influenza,SUSPECTED,2,2026-07-17 00:00:00,,ACTIVE,COVID19MEXICO,2026-08-24
MUNICIPALITY,42000000-0000-0000-0000-000000000436,Tetipac,MEASLES,Measles,SUSPECTED,1,2026-08-18 00:00:00,,ACTIVE,EFES_ABIERTO,2026-08-18
MUNICIPALITY,42000000-0000-0000-0000-000000000436,Tetipac,RUBELLA,Rubella,SUSPECTED,1,2026-08-18 00:00:00,,ACTIVE,EFES_ABIERTO,2026-08-18
MUNICIPALITY,42000000-0000-0000-0000-000000002401,Tetiz,COVID-19,COVID-19,SUSPECTED,1,2026-08-19 00:00:00,,ACTIVE,COVID19MEXICO,2026-08-24
MUNICIPALITY,42000000-0000-0000-0000-000000002401,Tetiz,INFLUENZA,Influenza,SUSPECTED,1,2026-08-19 00:00:00,,ACTIVE,COVID19MEXICO,2026-08-24
MUNICIPALITY,42000000-0000-0000-0000-000000002073,Tetla de la Solidaridad,COVID-19,COVID-19,SUSPECTED,1,2026-08-17 00:00:00,,ACTIVE,COVID19MEXICO,2026-08-24
MUNICIPALITY,42000000-0000-0000-0000-000000002073,Tetla de la Solidaridad,INFLUENZA,Influenza,SUSPECTED,1,2026-08-17 00:00:00,,ACTIVE,COVID19MEXICO,2026-08-24
MUNICIPALITY,42000000-0000-0000-0000-000000002073,Tetla de la Solidaridad,MEASLES,Measles,SUSPECTED,1,2026-08-18 00:00:00,,ACTIVE,EFES_ABIERTO,2026-08-18
MUNICIPALITY,42000000-0000-0000-0000-000000002073,Tetla de la Solidaridad,RUBELLA,Rubella,SUSPECTED,1,2026-08-18 00:00:00,,ACTIVE,EFES_ABIERTO,2026-08-18
MUNICIPALITY,42000000-0000-0000-0000-000000002074,Tetlatlahuca,COVID-19,COVID-19,SUSPECTED,6,2026-06-17 00:00:00,,ACTIVE,COVID19MEXICO,2026-08-24
MUNICIPALITY,42000000-0000-0000-0000-000000002074,Tetlatlahuca,INFLUENZA,Influenza,SUSPECTED,6,2026-06-17 00:00:00,,ACTIVE,COVID19MEXICO,2026-08-24
MUNICIPALITY,42000000-0000-0000-0000-000000000640,Teuchitlan,MEASLES,Measles,SUSPECTED,1,2026-08-18 00:00:00,,ACTIVE,EFES_ABIERTO,2026-08-18
MUNICIPALITY,42000000-0000-0000-0000-000000000640,Teuchitlan,RUBELLA,Rubella,SUSPECTED,1,2026-08-18 00:00:00,,ACTIVE,EFES_ABIERTO,2026-08-18
MUNICIPALITY,42000000-0000-0000-0000-000000000769,Texcoco,COVID-19,COVID-19,CONFIRMED,2,2026-07-07 00:00:00,,ACTIVE,COVID19MEXICO,2026-08-24
MUNICIPALITY,42000000-0000-0000-0000-000000000769,Texcoco,COVID-19,COVID-19,SUSPECTED,6,2026-06-02 00:00:00,,ACTIVE,COVID19MEXICO,2026-08-24
MUNICIPALITY,42000000-0000-0000-0000-000000000769,Texcoco,INFLUENZA,Influenza,SUSPECTED,6,2026-06-02 00:00:00,,ACTIVE,COVID19MEXICO,2026-08-24
MUNICIPALITY,42000000-0000-0000-0000-000000000769,Texcoco,MEASLES,Measles,CONFIRMED,1,2026-06-13 00:00:00,,ACTIVE,EFES_ABIERTO,2026-08-18
MUNICIPALITY,42000000-0000-0000-0000-000000000769,Texcoco,MEASLES,Measles,SUSPECTED,4,2026-08-18 00:00:00,,ACTIVE,EFES_ABIERTO,2026-08-18
MUNICIPALITY,42000000-0000-0000-0000-000000000769,Texcoco,RUBELLA,Rubella,SUSPECTED,4,2026-08-18 00:00:00,,ACTIVE,EFES_ABIERTO,2026-08-18
MUNICIPALITY,42000000-0000-0000-0000-000000002274,Texistepec,COVID-19,COVID-19,SUSPECTED,1,2026-07-16 00:00:00,,ACTIVE,COVID19MEXICO,2026-08-24
MUNICIPALITY,42000000-0000-0000-0000-000000002274,Texistepec,INFLUENZA,Influenza,SUSPECTED,1,2026-07-16 00:00:00,,ACTIVE,COVID19MEXICO,2026-08-24
MUNICIPALITY,42000000-0000-0000-0000-000000001759,Teziutlan,COVID-19,COVID-19,CONFIRMED,4,2026-07-20 00:00:00,,ACTIVE,COVID19MEXICO,2026-08-24
MUNICIPALITY,42000000-0000-0000-0000-000000001759,Teziutlan,COVID-19,COVID-19,SUSPECTED,75,2026-06-02 00:00:00,,ACTIVE,COVID19MEXICO,2026-08-24
MUNICIPALITY,42000000-0000-0000-0000-000000001759,Teziutlan,INFLUENZA,Influenza,SUSPECTED,75,2026-06-02 00:00:00,,ACTIVE,COVID19MEXICO,2026-08-24
MUNICIPALITY,42000000-0000-0000-0000-000000002275,Tezonapa,MEASLES,Measles,SUSPECTED,1,2026-08-18 00:00:00,,ACTIVE,EFES_ABIERTO,2026-08-18
MUNICIPALITY,42000000-0000-0000-0000-000000002275,Tezonapa,RUBELLA,Rubella,SUSPECTED,1,2026-08-18 00:00:00,,ACTIVE,EFES_ABIERTO,2026-08-18
MUNICIPALITY,42000000-0000-0000-0000-000000000528,Tezontepec de Aldama,COVID-19,COVID-19,CONFIRMED,3,2026-06-28 00:00:00,,ACTIVE,COVID19MEXICO,2026-08-24
MUNICIPALITY,42000000-0000-0000-0000-000000000770,Tezoyuca,MEASLES,Measles,SUSPECTED,1,2026-08-18 00:00:00,,ACTIVE,EFES_ABIERTO,2026-08-18
MUNICIPALITY,42000000-0000-0000-0000-000000000770,Tezoyuca,RUBELLA,Rubella,SUSPECTED,1,2026-08-18 00:00:00,,ACTIVE,EFES_ABIERTO,2026-08-18
MUNICIPALITY,42000000-0000-0000-0000-000000000771,Tianguistenco,COVID-19,COVID-19,CONFIRMED,1,2026-06-24 00:00:00,,ACTIVE,COVID19MEXICO,2026-08-24
MUNICIPALITY,42000000-0000-0000-0000-000000000771,Tianguistenco,COVID-19,COVID-19,SUSPECTED,2,2026-07-23 00:00:00,,ACTIVE,COVID19MEXICO,2026-08-24
MUNICIPALITY,42000000-0000-0000-0000-000000000771,Tianguistenco,INFLUENZA,Influenza,SUSPECTED,2,2026-07-23 00:00:00,,ACTIVE,COVID19MEXICO,2026-08-24
MUNICIPALITY,42000000-0000-0000-0000-000000002403,Ticul,COVID-19,COVID-19,SUSPECTED,57,2026-06-03 00:00:00,,ACTIVE,COVID19MEXICO,2026-08-24
MUNICIPALITY,42000000-0000-0000-0000-000000002403,Ticul,INFLUENZA,Influenza,CONFIRMED,5,2026-06-07 00:00:00,,ACTIVE,COVID19MEXICO,2026-08-24
MUNICIPALITY,42000000-0000-0000-0000-000000002403,Ticul,INFLUENZA,Influenza,SUSPECTED,57,2026-06-03 00:00:00,,ACTIVE,COVID19MEXICO,2026-08-24
MUNICIPALITY,42000000-0000-0000-0000-000000002276,Tierra Blanca,COVID-19,COVID-19,SUSPECTED,2,2026-07-14 00:00:00,,ACTIVE,COVID19MEXICO,2026-08-24
MUNICIPALITY,42000000-0000-0000-0000-000000002276,Tierra Blanca,INFLUENZA,Influenza,SUSPECTED,2,2026-07-14 00:00:00,,ACTIVE,COVID19MEXICO,2026-08-24
MUNICIPALITY,42000000-0000-0000-0000-000000001874,Tierra Nueva,COVID-19,COVID-19,CONFIRMED,1,2026-07-05 00:00:00,,ACTIVE,COVID19MEXICO,2026-08-24
MUNICIPALITY,42000000-0000-0000-0000-000000002277,Tihuatlan,COVID-19,COVID-19,SUSPECTED,8,2026-06-06 00:00:00,,ACTIVE,COVID19MEXICO,2026-08-24
MUNICIPALITY,42000000-0000-0000-0000-000000002277,Tihuatlan,DENGUE,Dengue fever,SUSPECTED,2,2026-06-21 00:00:00,,ACTIVE,DENGUE_ABIERTO,2026-08-20
MUNICIPALITY,42000000-0000-0000-0000-000000002277,Tihuatlan,INFLUENZA,Influenza,CONFIRMED,1,2026-06-21 00:00:00,,ACTIVE,COVID19MEXICO,2026-08-24
MUNICIPALITY,42000000-0000-0000-0000-000000002277,Tihuatlan,INFLUENZA,Influenza,SUSPECTED,8,2026-06-06 00:00:00,,ACTIVE,COVID19MEXICO,2026-08-24
MUNICIPALITY,42000000-0000-0000-0000-000000002277,Tihuatlan,MEASLES,Measles,SUSPECTED,1,2026-08-18 00:00:00,,ACTIVE,EFES_ABIERTO,2026-08-18
MUNICIPALITY,42000000-0000-0000-0000-000000002277,Tihuatlan,RUBELLA,Rubella,SUSPECTED,1,2026-08-18 00:00:00,,ACTIVE,EFES_ABIERTO,2026-08-18
MUNICIPALITY,42000000-0000-0000-0000-000000000015,Tijuana,COVID-19,COVID-19,CONFIRMED,1,2026-07-07 00:00:00,,ACTIVE,COVID19MEXICO,2026-08-24
MUNICIPALITY,42000000-0000-0000-0000-000000000015,Tijuana,COVID-19,COVID-19,SUSPECTED,11,2026-06-04 00:00:00,,ACTIVE,COVID19MEXICO,2026-08-24
MUNICIPALITY,42000000-0000-0000-0000-000000000015,Tijuana,INFLUENZA,Influenza,SUSPECTED,11,2026-06-04 00:00:00,,ACTIVE,COVID19MEXICO,2026-08-24
MUNICIPALITY,42000000-0000-0000-0000-000000000015,Tijuana,MEASLES,Measles,CONFIRMED,3,2026-06-08 00:00:00,,ACTIVE,EFES_ABIERTO,2026-08-18
MUNICIPALITY,42000000-0000-0000-0000-000000000015,Tijuana,MEASLES,Measles,SUSPECTED,47,2026-08-18 00:00:00,,ACTIVE,EFES_ABIERTO,2026-08-18
MUNICIPALITY,42000000-0000-0000-0000-000000000015,Tijuana,RUBELLA,Rubella,SUSPECTED,47,2026-08-18 00:00:00,,ACTIVE,EFES_ABIERTO,2026-08-18
MUNICIPALITY,42000000-0000-0000-0000-000000000179,Tila,MEASLES,Measles,SUSPECTED,1,2026-08-18 00:00:00,,ACTIVE,EFES_ABIERTO,2026-08-18
MUNICIPALITY,42000000-0000-0000-0000-000000000179,Tila,RUBELLA,Rubella,SUSPECTED,1,2026-08-18 00:00:00,,ACTIVE,EFES_ABIERTO,2026-08-18
MUNICIPALITY,42000000-0000-0000-0000-000000001761,Tilapa,COVID-19,COVID-19,SUSPECTED,4,2026-06-15 00:00:00,,ACTIVE,COVID19MEXICO,2026-08-24
MUNICIPALITY,42000000-0000-0000-0000-000000001761,Tilapa,INFLUENZA,Influenza,SUSPECTED,4,2026-06-15 00:00:00,,ACTIVE,COVID19MEXICO,2026-08-24
MUNICIPALITY,42000000-0000-0000-0000-000000001761,Tilapa,MEASLES,Measles,SUSPECTED,1,2026-08-18 00:00:00,,ACTIVE,EFES_ABIERTO,2026-08-18
MUNICIPALITY,42000000-0000-0000-0000-000000001761,Tilapa,RUBELLA,Rubella,SUSPECTED,1,2026-08-18 00:00:00,,ACTIVE,EFES_ABIERTO,2026-08-18
MUNICIPALITY,42000000-0000-0000-0000-000000002404,Timucuy,COVID-19,COVID-19,SUSPECTED,1,2026-06-17 00:00:00,,ACTIVE,COVID19MEXICO,2026-08-24
MUNICIPALITY,42000000-0000-0000-0000-000000002404,Timucuy,INFLUENZA,Influenza,SUSPECTED,1,2026-06-17 00:00:00,,ACTIVE,COVID19MEXICO,2026-08-24
MUNICIPALITY,42000000-0000-0000-0000-000000002405,Tinum,COVID-19,COVID-19,CONFIRMED,1,2026-08-13 00:00:00,,ACTIVE,COVID19MEXICO,2026-08-24
MUNICIPALITY,42000000-0000-0000-0000-000000002405,Tinum,COVID-19,COVID-19,SUSPECTED,8,2026-06-14 00:00:00,,ACTIVE,COVID19MEXICO,2026-08-24
MUNICIPALITY,42000000-0000-0000-0000-000000002405,Tinum,INFLUENZA,Influenza,CONFIRMED,1,2026-07-20 00:00:00,,ACTIVE,COVID19MEXICO,2026-08-24
MUNICIPALITY,42000000-0000-0000-0000-000000002405,Tinum,INFLUENZA,Influenza,SUSPECTED,8,2026-06-14 00:00:00,,ACTIVE,COVID19MEXICO,2026-08-24
MUNICIPALITY,42000000-0000-0000-0000-000000000887,Tiquicheo de Nicolas Romero,COVID-19,COVID-19,SUSPECTED,1,2026-06-06 00:00:00,,ACTIVE,COVID19MEXICO,2026-08-24
MUNICIPALITY,42000000-0000-0000-0000-000000000887,Tiquicheo de Nicolas Romero,INFLUENZA,Influenza,SUSPECTED,1,2026-06-06 00:00:00,,ACTIVE,COVID19MEXICO,2026-08-24
MUNICIPALITY,42000000-0000-0000-0000-000000002406,Tixcacalcupul,INFLUENZA,Influenza,CONFIRMED,1,2026-07-01 00:00:00,,ACTIVE,COVID19MEXICO,2026-08-24
MUNICIPALITY,42000000-0000-0000-0000-000000002407,Tixkokob,COVID-19,COVID-19,CONFIRMED,1,2026-07-30 00:00:00,,ACTIVE,COVID19MEXICO,2026-08-24
MUNICIPALITY,42000000-0000-0000-0000-000000002407,Tixkokob,INFLUENZA,Influenza,CONFIRMED,1,2026-06-06 00:00:00,,ACTIVE,COVID19MEXICO,2026-08-24
MUNICIPALITY,42000000-0000-0000-0000-000000002407,Tixkokob,MEASLES,Measles,SUSPECTED,1,2026-08-18 00:00:00,,ACTIVE,EFES_ABIERTO,2026-08-18
MUNICIPALITY,42000000-0000-0000-0000-000000002407,Tixkokob,RUBELLA,Rubella,SUSPECTED,1,2026-08-18 00:00:00,,ACTIVE,EFES_ABIERTO,2026-08-18
MUNICIPALITY,42000000-0000-0000-0000-000000000437,Tixtla de Guerrero,COVID-19,COVID-19,SUSPECTED,4,2026-06-09 00:00:00,,ACTIVE,COVID19MEXICO,2026-08-24
MUNICIPALITY,42000000-0000-0000-0000-000000000437,Tixtla de Guerrero,INFLUENZA,Influenza,SUSPECTED,4,2026-06-09 00:00:00,,ACTIVE,COVID19MEXICO,2026-08-24
MUNICIPALITY,42000000-0000-0000-0000-000000000530,Tizayuca,COVID-19,COVID-19,CONFIRMED,2,2026-06-01 00:00:00,,ACTIVE,COVID19MEXICO,2026-08-24
MUNICIPALITY,42000000-0000-0000-0000-000000000530,Tizayuca,COVID-19,COVID-19,SUSPECTED,16,2026-06-01 00:00:00,,ACTIVE,COVID19MEXICO,2026-08-24
MUNICIPALITY,42000000-0000-0000-0000-000000000530,Tizayuca,INFLUENZA,Influenza,SUSPECTED,16,2026-06-01 00:00:00,,ACTIVE,COVID19MEXICO,2026-08-24
MUNICIPALITY,42000000-0000-0000-0000-000000002410,Tizimin,COVID-19,COVID-19,CONFIRMED,5,2026-07-17 00:00:00,,ACTIVE,COVID19MEXICO,2026-08-24
MUNICIPALITY,42000000-0000-0000-0000-000000002410,Tizimin,COVID-19,COVID-19,SUSPECTED,122,2026-06-01 00:00:00,,ACTIVE,COVID19MEXICO,2026-08-24
MUNICIPALITY,42000000-0000-0000-0000-000000002410,Tizimin,INFLUENZA,Influenza,CONFIRMED,7,2026-06-05 00:00:00,,ACTIVE,COVID19MEXICO,2026-08-24
MUNICIPALITY,42000000-0000-0000-0000-000000002410,Tizimin,INFLUENZA,Influenza,SUSPECTED,122,2026-06-01 00:00:00,,ACTIVE,COVID19MEXICO,2026-08-24
MUNICIPALITY,42000000-0000-0000-0000-000000001764,Tlachichuca,COVID-19,COVID-19,SUSPECTED,2,2026-06-08 00:00:00,,ACTIVE,COVID19MEXICO,2026-08-24
MUNICIPALITY,42000000-0000-0000-0000-000000001764,Tlachichuca,INFLUENZA,Influenza,SUSPECTED,2,2026-06-08 00:00:00,,ACTIVE,COVID19MEXICO,2026-08-24
MUNICIPALITY,42000000-0000-0000-0000-000000000438,Tlacoachistlahuaca,MEASLES,Measles,CONFIRMED,1,2026-06-08 00:00:00,,ACTIVE,EFES_ABIERTO,2026-08-18
MUNICIPALITY,42000000-0000-0000-0000-000000002278,Tlacojalpan,MEASLES,Measles,SUSPECTED,1,2026-08-18 00:00:00,,ACTIVE,EFES_ABIERTO,2026-08-18
MUNICIPALITY,42000000-0000-0000-0000-000000002278,Tlacojalpan,RUBELLA,Rubella,SUSPECTED,1,2026-08-18 00:00:00,,ACTIVE,EFES_ABIERTO,2026-08-18
MUNICIPALITY,42000000-0000-0000-0000-000000001566,Tlacolula de Matamoros,COVID-19,COVID-19,SUSPECTED,5,2026-06-18 00:00:00,,ACTIVE,COVID19MEXICO,2026-08-24
MUNICIPALITY,42000000-0000-0000-0000-000000001566,Tlacolula de Matamoros,INFLUENZA,Influenza,SUSPECTED,5,2026-06-18 00:00:00,,ACTIVE,COVID19MEXICO,2026-08-24
MUNICIPALITY,42000000-0000-0000-0000-000000001566,Tlacolula de Matamoros,MEASLES,Measles,SUSPECTED,1,2026-08-18 00:00:00,,ACTIVE,EFES_ABIERTO,2026-08-18
MUNICIPALITY,42000000-0000-0000-0000-000000001566,Tlacolula de Matamoros,RUBELLA,Rubella,SUSPECTED,1,2026-08-18 00:00:00,,ACTIVE,EFES_ABIERTO,2026-08-18
MUNICIPALITY,42000000-0000-0000-0000-000000002280,Tlacotalpan,COVID-19,COVID-19,SUSPECTED,1,2026-07-17 00:00:00,,ACTIVE,COVID19MEXICO,2026-08-24
MUNICIPALITY,42000000-0000-0000-0000-000000002280,Tlacotalpan,DENGUE,Dengue fever,SUSPECTED,1,2026-07-18 00:00:00,,ACTIVE,DENGUE_ABIERTO,2026-08-20
MUNICIPALITY,42000000-0000-0000-0000-000000002280,Tlacotalpan,INFLUENZA,Influenza,SUSPECTED,1,2026-07-17 00:00:00,,ACTIVE,COVID19MEXICO,2026-08-24
MUNICIPALITY,42000000-0000-0000-0000-000000001762,Tlacotepec de Benito Juarez,COVID-19,COVID-19,SUSPECTED,2,2026-07-06 00:00:00,,ACTIVE,COVID19MEXICO,2026-08-24
MUNICIPALITY,42000000-0000-0000-0000-000000001762,Tlacotepec de Benito Juarez,INFLUENZA,Influenza,SUSPECTED,2,2026-07-06 00:00:00,,ACTIVE,COVID19MEXICO,2026-08-24
MUNICIPALITY,42000000-0000-0000-0000-000000001763,Tlacuilotepec,COVID-19,COVID-19,SUSPECTED,2,2026-07-18 00:00:00,,ACTIVE,COVID19MEXICO,2026-08-24
MUNICIPALITY,42000000-0000-0000-0000-000000001763,Tlacuilotepec,INFLUENZA,Influenza,SUSPECTED,2,2026-07-18 00:00:00,,ACTIVE,COVID19MEXICO,2026-08-24
MUNICIPALITY,42000000-0000-0000-0000-000000000285,Tlahuac,COVID-19,COVID-19,CONFIRMED,24,2026-06-02 00:00:00,,ACTIVE,COVID19MEXICO,2026-08-24
MUNICIPALITY,42000000-0000-0000-0000-000000000285,Tlahuac,COVID-19,COVID-19,SUSPECTED,15,2026-06-02 00:00:00,,ACTIVE,COVID19MEXICO,2026-08-24
MUNICIPALITY,42000000-0000-0000-0000-000000000285,Tlahuac,DENGUE,Dengue fever,SUSPECTED,1,2026-07-05 00:00:00,,ACTIVE,DENGUE_ABIERTO,2026-08-20
MUNICIPALITY,42000000-0000-0000-0000-000000000285,Tlahuac,INFLUENZA,Influenza,CONFIRMED,1,2026-08-10 00:00:00,,ACTIVE,COVID19MEXICO,2026-08-24
MUNICIPALITY,42000000-0000-0000-0000-000000000285,Tlahuac,INFLUENZA,Influenza,SUSPECTED,15,2026-06-02 00:00:00,,ACTIVE,COVID19MEXICO,2026-08-24
MUNICIPALITY,42000000-0000-0000-0000-000000000285,Tlahuac,MEASLES,Measles,SUSPECTED,1,2026-08-18 00:00:00,,ACTIVE,EFES_ABIERTO,2026-08-18
MUNICIPALITY,42000000-0000-0000-0000-000000000285,Tlahuac,RUBELLA,Rubella,SUSPECTED,1,2026-08-18 00:00:00,,ACTIVE,EFES_ABIERTO,2026-08-18
MUNICIPALITY,42000000-0000-0000-0000-000000000642,Tlajomulco de Zuniga,COVID-19,COVID-19,CONFIRMED,4,2026-06-03 00:00:00,,ACTIVE,COVID19MEXICO,2026-08-24
MUNICIPALITY,42000000-0000-0000-0000-000000000642,Tlajomulco de Zuniga,COVID-19,COVID-19,SUSPECTED,16,2026-06-07 00:00:00,,ACTIVE,COVID19MEXICO,2026-08-24
MUNICIPALITY,42000000-0000-0000-0000-000000000642,Tlajomulco de Zuniga,DENGUE,Dengue fever,SUSPECTED,1,2026-06-21 00:00:00,,ACTIVE,DENGUE_ABIERTO,2026-08-20
MUNICIPALITY,42000000-0000-0000-0000-000000000642,Tlajomulco de Zuniga,INFLUENZA,Influenza,SUSPECTED,16,2026-06-07 00:00:00,,ACTIVE,COVID19MEXICO,2026-08-24
MUNICIPALITY,42000000-0000-0000-0000-000000000642,Tlajomulco de Zuniga,MEASLES,Measles,CONFIRMED,46,2026-06-01 00:00:00,,ACTIVE,EFES_ABIERTO,2026-08-18
MUNICIPALITY,42000000-0000-0000-0000-000000000642,Tlajomulco de Zuniga,MEASLES,Measles,SUSPECTED,78,2026-08-18 00:00:00,,ACTIVE,EFES_ABIERTO,2026-08-18
MUNICIPALITY,42000000-0000-0000-0000-000000000642,Tlajomulco de Zuniga,RUBELLA,Rubella,SUSPECTED,78,2026-08-18 00:00:00,,ACTIVE,EFES_ABIERTO,2026-08-18
MUNICIPALITY,42000000-0000-0000-0000-000000002283,Tlalixcoyan,COVID-19,COVID-19,SUSPECTED,2,2026-08-01 00:00:00,,ACTIVE,COVID19MEXICO,2026-08-24
MUNICIPALITY,42000000-0000-0000-0000-000000002283,Tlalixcoyan,INFLUENZA,Influenza,SUSPECTED,2,2026-08-01 00:00:00,,ACTIVE,COVID19MEXICO,2026-08-24
MUNICIPALITY,42000000-0000-0000-0000-000000001568,Tlalixtac de Cabrera,COVID-19,COVID-19,CONFIRMED,3,2026-06-29 00:00:00,,ACTIVE,COVID19MEXICO,2026-08-24
MUNICIPALITY,42000000-0000-0000-0000-000000001568,Tlalixtac de Cabrera,COVID-19,COVID-19,SUSPECTED,1,2026-06-12 00:00:00,,ACTIVE,COVID19MEXICO,2026-08-24
MUNICIPALITY,42000000-0000-0000-0000-000000001568,Tlalixtac de Cabrera,INFLUENZA,Influenza,SUSPECTED,1,2026-06-12 00:00:00,,ACTIVE,COVID19MEXICO,2026-08-24
MUNICIPALITY,42000000-0000-0000-0000-000000000773,Tlalmanalco,COVID-19,COVID-19,CONFIRMED,2,2026-06-04 00:00:00,,ACTIVE,COVID19MEXICO,2026-08-24
MUNICIPALITY,42000000-0000-0000-0000-000000000773,Tlalmanalco,COVID-19,COVID-19,SUSPECTED,1,2026-06-24 00:00:00,,ACTIVE,COVID19MEXICO,2026-08-24
MUNICIPALITY,42000000-0000-0000-0000-000000000773,Tlalmanalco,INFLUENZA,Influenza,SUSPECTED,1,2026-06-24 00:00:00,,ACTIVE,COVID19MEXICO,2026-08-24
MUNICIPALITY,42000000-0000-0000-0000-000000000773,Tlalmanalco,MEASLES,Measles,SUSPECTED,2,2026-08-18 00:00:00,,ACTIVE,EFES_ABIERTO,2026-08-18
MUNICIPALITY,42000000-0000-0000-0000-000000000773,Tlalmanalco,RUBELLA,Rubella,SUSPECTED,2,2026-08-18 00:00:00,,ACTIVE,EFES_ABIERTO,2026-08-18
MUNICIPALITY,42000000-0000-0000-0000-000000002284,Tlalnelhuayocan,COVID-19,COVID-19,SUSPECTED,1,2026-08-01 00:00:00,,ACTIVE,COVID19MEXICO,2026-08-24
MUNICIPALITY,42000000-0000-0000-0000-000000002284,Tlalnelhuayocan,INFLUENZA,Influenza,SUSPECTED,1,2026-08-01 00:00:00,,ACTIVE,COVID19MEXICO,2026-08-24
MUNICIPALITY,42000000-0000-0000-0000-000000000774,Tlalnepantla de Baz,COVID-19,COVID-19,CONFIRMED,9,2026-06-05 00:00:00,,ACTIVE,COVID19MEXICO,2026-08-24
MUNICIPALITY,42000000-0000-0000-0000-000000000774,Tlalnepantla de Baz,COVID-19,COVID-19,SUSPECTED,84,2026-06-03 00:00:00,,ACTIVE,COVID19MEXICO,2026-08-24
MUNICIPALITY,42000000-0000-0000-0000-000000000774,Tlalnepantla de Baz,INFLUENZA,Influenza,CONFIRMED,3,2026-07-10 00:00:00,,ACTIVE,COVID19MEXICO,2026-08-24
MUNICIPALITY,42000000-0000-0000-0000-000000000774,Tlalnepantla de Baz,INFLUENZA,Influenza,SUSPECTED,84,2026-06-03 00:00:00,,ACTIVE,COVID19MEXICO,2026-08-24
MUNICIPALITY,42000000-0000-0000-0000-000000000774,Tlalnepantla de Baz,MEASLES,Measles,SUSPECTED,8,2026-08-18 00:00:00,,ACTIVE,EFES_ABIERTO,2026-08-18
MUNICIPALITY,42000000-0000-0000-0000-000000000774,Tlalnepantla de Baz,RUBELLA,Rubella,SUSPECTED,8,2026-08-18 00:00:00,,ACTIVE,EFES_ABIERTO,2026-08-18
MUNICIPALITY,42000000-0000-0000-0000-000000000286,Tlalpan,COVID-19,COVID-19,CONFIRMED,117,2026-06-01 00:00:00,,ACTIVE,COVID19MEXICO,2026-08-24
MUNICIPALITY,42000000-0000-0000-0000-000000000286,Tlalpan,COVID-19,COVID-19,SUSPECTED,201,2026-06-03 00:00:00,,ACTIVE,COVID19MEXICO,2026-08-24
MUNICIPALITY,42000000-0000-0000-0000-000000000286,Tlalpan,INFLUENZA,Influenza,CONFIRMED,2,2026-07-20 00:00:00,,ACTIVE,COVID19MEXICO,2026-08-24
MUNICIPALITY,42000000-0000-0000-0000-000000000286,Tlalpan,INFLUENZA,Influenza,SUSPECTED,201,2026-06-03 00:00:00,,ACTIVE,COVID19MEXICO,2026-08-24
MUNICIPALITY,42000000-0000-0000-0000-000000001766,Tlaltenango,COVID-19,COVID-19,CONFIRMED,2,2026-07-29 00:00:00,,ACTIVE,COVID19MEXICO,2026-08-24
MUNICIPALITY,42000000-0000-0000-0000-000000002468,Tlaltenango de Sanchez Roman,COVID-19,COVID-19,SUSPECTED,3,2026-06-09 00:00:00,,ACTIVE,COVID19MEXICO,2026-08-24
MUNICIPALITY,42000000-0000-0000-0000-000000002468,Tlaltenango de Sanchez Roman,INFLUENZA,Influenza,SUSPECTED,3,2026-06-09 00:00:00,,ACTIVE,COVID19MEXICO,2026-08-24
MUNICIPALITY,42000000-0000-0000-0000-000000002126,Tlaltetela,MEASLES,Measles,SUSPECTED,1,2026-08-18 00:00:00,,ACTIVE,EFES_ABIERTO,2026-08-18
MUNICIPALITY,42000000-0000-0000-0000-000000002126,Tlaltetela,RUBELLA,Rubella,SUSPECTED,1,2026-08-18 00:00:00,,ACTIVE,EFES_ABIERTO,2026-08-18
MUNICIPALITY,42000000-0000-0000-0000-000000000932,Tlaltizapan de Zapata,COVID-19,COVID-19,SUSPECTED,2,2026-07-14 00:00:00,,ACTIVE,COVID19MEXICO,2026-08-24
MUNICIPALITY,42000000-0000-0000-0000-000000000932,Tlaltizapan de Zapata,INFLUENZA,Influenza,SUSPECTED,2,2026-07-14 00:00:00,,ACTIVE,COVID19MEXICO,2026-08-24
MUNICIPALITY,42000000-0000-0000-0000-000000000932,Tlaltizapan de Zapata,MEASLES,Measles,SUSPECTED,1,2026-08-18 00:00:00,,ACTIVE,EFES_ABIERTO,2026-08-18
MUNICIPALITY,42000000-0000-0000-0000-000000000932,Tlaltizapan de Zapata,RUBELLA,Rubella,SUSPECTED,1,2026-08-18 00:00:00,,ACTIVE,EFES_ABIERTO,2026-08-18
MUNICIPALITY,42000000-0000-0000-0000-000000000534,Tlanchinol,COVID-19,COVID-19,CONFIRMED,1,2026-07-22 00:00:00,,ACTIVE,COVID19MEXICO,2026-08-24
MUNICIPALITY,42000000-0000-0000-0000-000000000534,Tlanchinol,COVID-19,COVID-19,SUSPECTED,2,2026-08-16 00:00:00,,ACTIVE,COVID19MEXICO,2026-08-24
MUNICIPALITY,42000000-0000-0000-0000-000000000534,Tlanchinol,INFLUENZA,Influenza,CONFIRMED,1,2026-08-02 00:00:00,,ACTIVE,COVID19MEXICO,2026-08-24
MUNICIPALITY,42000000-0000-0000-0000-000000000534,Tlanchinol,INFLUENZA,Influenza,SUSPECTED,2,2026-08-16 00:00:00,,ACTIVE,COVID19MEXICO,2026-08-24
MUNICIPALITY,42000000-0000-0000-0000-000000001768,Tlaola,COVID-19,COVID-19,CONFIRMED,1,2026-06-30 00:00:00,,ACTIVE,COVID19MEXICO,2026-08-24
MUNICIPALITY,42000000-0000-0000-0000-000000000442,Tlapa de Comonfort,COVID-19,COVID-19,SUSPECTED,3,2026-07-19 00:00:00,,ACTIVE,COVID19MEXICO,2026-08-24
MUNICIPALITY,42000000-0000-0000-0000-000000000442,Tlapa de Comonfort,INFLUENZA,Influenza,SUSPECTED,3,2026-07-19 00:00:00,,ACTIVE,COVID19MEXICO,2026-08-24
MUNICIPALITY,42000000-0000-0000-0000-000000001769,Tlapacoya,MEASLES,Measles,SUSPECTED,1,2026-08-18 00:00:00,,ACTIVE,EFES_ABIERTO,2026-08-18
MUNICIPALITY,42000000-0000-0000-0000-000000001769,Tlapacoya,RUBELLA,Rubella,SUSPECTED,1,2026-08-18 00:00:00,,ACTIVE,EFES_ABIERTO,2026-08-18
MUNICIPALITY,42000000-0000-0000-0000-000000002285,Tlapacoyan,COVID-19,COVID-19,SUSPECTED,5,2026-07-22 00:00:00,,ACTIVE,COVID19MEXICO,2026-08-24
MUNICIPALITY,42000000-0000-0000-0000-000000002285,Tlapacoyan,INFLUENZA,Influenza,SUSPECTED,5,2026-07-22 00:00:00,,ACTIVE,COVID19MEXICO,2026-08-24
MUNICIPALITY,42000000-0000-0000-0000-000000002285,Tlapacoyan,MEASLES,Measles,SUSPECTED,2,2026-08-18 00:00:00,,ACTIVE,EFES_ABIERTO,2026-08-18
MUNICIPALITY,42000000-0000-0000-0000-000000002285,Tlapacoyan,RUBELLA,Rubella,SUSPECTED,2,2026-08-18 00:00:00,,ACTIVE,EFES_ABIERTO,2026-08-18
MUNICIPALITY,42000000-0000-0000-0000-000000001770,Tlapanala,COVID-19,COVID-19,SUSPECTED,2,2026-07-07 00:00:00,,ACTIVE,COVID19MEXICO,2026-08-24
MUNICIPALITY,42000000-0000-0000-0000-000000001770,Tlapanala,INFLUENZA,Influenza,SUSPECTED,2,2026-07-07 00:00:00,,ACTIVE,COVID19MEXICO,2026-08-24
MUNICIPALITY,42000000-0000-0000-0000-000000000933,Tlaquiltenango,COVID-19,COVID-19,CONFIRMED,3,2026-07-03 00:00:00,,ACTIVE,COVID19MEXICO,2026-08-24
MUNICIPALITY,42000000-0000-0000-0000-000000000933,Tlaquiltenango,COVID-19,COVID-19,SUSPECTED,3,2026-07-05 00:00:00,,ACTIVE,COVID19MEXICO,2026-08-24
MUNICIPALITY,42000000-0000-0000-0000-000000000933,Tlaquiltenango,INFLUENZA,Influenza,SUSPECTED,3,2026-07-05 00:00:00,,ACTIVE,COVID19MEXICO,2026-08-24
MUNICIPALITY,42000000-0000-0000-0000-000000000933,Tlaquiltenango,MEASLES,Measles,SUSPECTED,3,2026-08-18 00:00:00,,ACTIVE,EFES_ABIERTO,2026-08-18
MUNICIPALITY,42000000-0000-0000-0000-000000000933,Tlaquiltenango,RUBELLA,Rubella,SUSPECTED,3,2026-08-18 00:00:00,,ACTIVE,EFES_ABIERTO,2026-08-18
MUNICIPALITY,42000000-0000-0000-0000-000000001771,Tlatlauquitepec,COVID-19,COVID-19,CONFIRMED,2,2026-07-22 00:00:00,,ACTIVE,COVID19MEXICO,2026-08-24
MUNICIPALITY,42000000-0000-0000-0000-000000001771,Tlatlauquitepec,COVID-19,COVID-19,SUSPECTED,2,2026-06-22 00:00:00,,ACTIVE,COVID19MEXICO,2026-08-24
MUNICIPALITY,42000000-0000-0000-0000-000000001771,Tlatlauquitepec,INFLUENZA,Influenza,SUSPECTED,2,2026-06-22 00:00:00,,ACTIVE,COVID19MEXICO,2026-08-24
MUNICIPALITY,42000000-0000-0000-0000-000000001771,Tlatlauquitepec,MEASLES,Measles,SUSPECTED,1,2026-08-18 00:00:00,,ACTIVE,EFES_ABIERTO,2026-08-18
MUNICIPALITY,42000000-0000-0000-0000-000000001771,Tlatlauquitepec,RUBELLA,Rubella,SUSPECTED,1,2026-08-18 00:00:00,,ACTIVE,EFES_ABIERTO,2026-08-18
MUNICIPALITY,42000000-0000-0000-0000-000000000775,Tlatlaya,COVID-19,COVID-19,SUSPECTED,2,2026-08-17 00:00:00,,ACTIVE,COVID19MEXICO,2026-08-24
MUNICIPALITY,42000000-0000-0000-0000-000000000775,Tlatlaya,INFLUENZA,Influenza,SUSPECTED,2,2026-08-17 00:00:00,,ACTIVE,COVID19MEXICO,2026-08-24
MUNICIPALITY,42000000-0000-0000-0000-000000002075,Tlaxcala,COVID-19,COVID-19,CONFIRMED,4,2026-06-15 00:00:00,,ACTIVE,COVID19MEXICO,2026-08-24
MUNICIPALITY,42000000-0000-0000-0000-000000002075,Tlaxcala,COVID-19,COVID-19,SUSPECTED,232,2026-06-01 00:00:00,,ACTIVE,COVID19MEXICO,2026-08-24
MUNICIPALITY,42000000-0000-0000-0000-000000002075,Tlaxcala,INFLUENZA,Influenza,SUSPECTED,232,2026-06-01 00:00:00,,ACTIVE,COVID19MEXICO,2026-08-24
MUNICIPALITY,42000000-0000-0000-0000-000000002075,Tlaxcala,MEASLES,Measles,SUSPECTED,2,2026-08-18 00:00:00,,ACTIVE,EFES_ABIERTO,2026-08-18
MUNICIPALITY,42000000-0000-0000-0000-000000002075,Tlaxcala,RUBELLA,Rubella,SUSPECTED,2,2026-08-18 00:00:00,,ACTIVE,EFES_ABIERTO,2026-08-18
MUNICIPALITY,42000000-0000-0000-0000-000000002076,Tlaxco,COVID-19,COVID-19,CONFIRMED,1,2026-08-01 00:00:00,,ACTIVE,COVID19MEXICO,2026-08-24
MUNICIPALITY,42000000-0000-0000-0000-000000002076,Tlaxco,MEASLES,Measles,SUSPECTED,1,2026-08-18 00:00:00,,ACTIVE,EFES_ABIERTO,2026-08-18
MUNICIPALITY,42000000-0000-0000-0000-000000002076,Tlaxco,RUBELLA,Rubella,SUSPECTED,1,2026-08-18 00:00:00,,ACTIVE,EFES_ABIERTO,2026-08-18
MUNICIPALITY,42000000-0000-0000-0000-000000000535,Tlaxcoapan,COVID-19,COVID-19,CONFIRMED,1,2026-07-20 00:00:00,,ACTIVE,COVID19MEXICO,2026-08-24
MUNICIPALITY,42000000-0000-0000-0000-000000002077,Tocatlan,COVID-19,COVID-19,SUSPECTED,1,2026-08-13 00:00:00,,ACTIVE,COVID19MEXICO,2026-08-24
MUNICIPALITY,42000000-0000-0000-0000-000000002077,Tocatlan,INFLUENZA,Influenza,SUSPECTED,1,2026-08-13 00:00:00,,ACTIVE,COVID19MEXICO,2026-08-24
MUNICIPALITY,42000000-0000-0000-0000-000000000536,Tolcayuca,COVID-19,COVID-19,CONFIRMED,1,2026-08-05 00:00:00,,ACTIVE,COVID19MEXICO,2026-08-24
MUNICIPALITY,42000000-0000-0000-0000-000000000536,Tolcayuca,COVID-19,COVID-19,SUSPECTED,2,2026-06-08 00:00:00,,ACTIVE,COVID19MEXICO,2026-08-24
MUNICIPALITY,42000000-0000-0000-0000-000000000536,Tolcayuca,INFLUENZA,Influenza,SUSPECTED,2,2026-06-08 00:00:00,,ACTIVE,COVID19MEXICO,2026-08-24
MUNICIPALITY,42000000-0000-0000-0000-000000000776,Toluca,COVID-19,COVID-19,CONFIRMED,13,2026-06-08 00:00:00,,ACTIVE,COVID19MEXICO,2026-08-24
MUNICIPALITY,42000000-0000-0000-0000-000000000776,Toluca,COVID-19,COVID-19,SUSPECTED,51,2026-06-02 00:00:00,,ACTIVE,COVID19MEXICO,2026-08-24
MUNICIPALITY,42000000-0000-0000-0000-000000000776,Toluca,INFLUENZA,Influenza,CONFIRMED,1,2026-07-12 00:00:00,,ACTIVE,COVID19MEXICO,2026-08-24
MUNICIPALITY,42000000-0000-0000-0000-000000000776,Toluca,INFLUENZA,Influenza,SUSPECTED,51,2026-06-02 00:00:00,,ACTIVE,COVID19MEXICO,2026-08-24
MUNICIPALITY,42000000-0000-0000-0000-000000000776,Toluca,MEASLES,Measles,SUSPECTED,17,2026-08-18 00:00:00,,ACTIVE,EFES_ABIERTO,2026-08-18
MUNICIPALITY,42000000-0000-0000-0000-000000000776,Toluca,RUBELLA,Rubella,SUSPECTED,17,2026-08-18 00:00:00,,ACTIVE,EFES_ABIERTO,2026-08-18
MUNICIPALITY,42000000-0000-0000-0000-000000000180,Tonala,COVID-19,COVID-19,CONFIRMED,3,2026-06-28 00:00:00,,ACTIVE,COVID19MEXICO,2026-08-24
MUNICIPALITY,42000000-0000-0000-0000-000000000646,Tonala,COVID-19,COVID-19,CONFIRMED,3,2026-06-26 00:00:00,,ACTIVE,COVID19MEXICO,2026-08-24
MUNICIPALITY,42000000-0000-0000-0000-000000000180,Tonala,COVID-19,COVID-19,SUSPECTED,10,2026-06-03 00:00:00,,ACTIVE,COVID19MEXICO,2026-08-24
MUNICIPALITY,42000000-0000-0000-0000-000000000646,Tonala,COVID-19,COVID-19,SUSPECTED,3,2026-06-22 00:00:00,,ACTIVE,COVID19MEXICO,2026-08-24
MUNICIPALITY,42000000-0000-0000-0000-000000000180,Tonala,INFLUENZA,Influenza,SUSPECTED,10,2026-06-03 00:00:00,,ACTIVE,COVID19MEXICO,2026-08-24
MUNICIPALITY,42000000-0000-0000-0000-000000000646,Tonala,INFLUENZA,Influenza,SUSPECTED,3,2026-06-22 00:00:00,,ACTIVE,COVID19MEXICO,2026-08-24
MUNICIPALITY,42000000-0000-0000-0000-000000000180,Tonala,MEASLES,Measles,CONFIRMED,1,2026-07-04 00:00:00,,ACTIVE,EFES_ABIERTO,2026-08-18
MUNICIPALITY,42000000-0000-0000-0000-000000000646,Tonala,MEASLES,Measles,CONFIRMED,18,2026-06-09 00:00:00,,ACTIVE,EFES_ABIERTO,2026-08-18
MUNICIPALITY,42000000-0000-0000-0000-000000000180,Tonala,MEASLES,Measles,SUSPECTED,7,2026-08-18 00:00:00,,ACTIVE,EFES_ABIERTO,2026-08-18
MUNICIPALITY,42000000-0000-0000-0000-000000000646,Tonala,MEASLES,Measles,SUSPECTED,315,2026-08-18 00:00:00,,ACTIVE,EFES_ABIERTO,2026-08-18
MUNICIPALITY,42000000-0000-0000-0000-000000000180,Tonala,RUBELLA,Rubella,SUSPECTED,7,2026-08-18 00:00:00,,ACTIVE,EFES_ABIERTO,2026-08-18
MUNICIPALITY,42000000-0000-0000-0000-000000000646,Tonala,RUBELLA,Rubella,SUSPECTED,315,2026-08-18 00:00:00,,ACTIVE,EFES_ABIERTO,2026-08-18
MUNICIPALITY,42000000-0000-0000-0000-000000000777,Tonatico,COVID-19,COVID-19,SUSPECTED,1,2026-07-15 00:00:00,,ACTIVE,COVID19MEXICO,2026-08-24
MUNICIPALITY,42000000-0000-0000-0000-000000000777,Tonatico,INFLUENZA,Influenza,SUSPECTED,1,2026-07-15 00:00:00,,ACTIVE,COVID19MEXICO,2026-08-24
MUNICIPALITY,42000000-0000-0000-0000-000000000071,Torreon,COVID-19,COVID-19,CONFIRMED,3,2026-07-20 00:00:00,,ACTIVE,COVID19MEXICO,2026-08-24
MUNICIPALITY,42000000-0000-0000-0000-000000000071,Torreon,COVID-19,COVID-19,SUSPECTED,20,2026-06-01 00:00:00,,ACTIVE,COVID19MEXICO,2026-08-24
MUNICIPALITY,42000000-0000-0000-0000-000000000071,Torreon,DENGUE,Dengue fever,SUSPECTED,3,2026-06-04 00:00:00,,ACTIVE,DENGUE_ABIERTO,2026-08-20
MUNICIPALITY,42000000-0000-0000-0000-000000000071,Torreon,INFLUENZA,Influenza,SUSPECTED,20,2026-06-01 00:00:00,,ACTIVE,COVID19MEXICO,2026-08-24
MUNICIPALITY,42000000-0000-0000-0000-000000000071,Torreon,MEASLES,Measles,SUSPECTED,1,2026-08-18 00:00:00,,ACTIVE,EFES_ABIERTO,2026-08-18
MUNICIPALITY,42000000-0000-0000-0000-000000000071,Torreon,RUBELLA,Rubella,SUSPECTED,1,2026-08-18 00:00:00,,ACTIVE,EFES_ABIERTO,2026-08-18
MUNICIPALITY,42000000-0000-0000-0000-000000000649,Totatiche,COVID-19,COVID-19,SUSPECTED,1,2026-08-08 00:00:00,,ACTIVE,COVID19MEXICO,2026-08-24
MUNICIPALITY,42000000-0000-0000-0000-000000000649,Totatiche,INFLUENZA,Influenza,SUSPECTED,1,2026-08-08 00:00:00,,ACTIVE,COVID19MEXICO,2026-08-24
MUNICIPALITY,42000000-0000-0000-0000-000000000649,Totatiche,MEASLES,Measles,SUSPECTED,1,2026-08-18 00:00:00,,ACTIVE,EFES_ABIERTO,2026-08-18
MUNICIPALITY,42000000-0000-0000-0000-000000000649,Totatiche,RUBELLA,Rubella,SUSPECTED,1,2026-08-18 00:00:00,,ACTIVE,EFES_ABIERTO,2026-08-18
MUNICIPALITY,42000000-0000-0000-0000-000000002078,Totolac,COVID-19,COVID-19,CONFIRMED,4,2026-07-04 00:00:00,,ACTIVE,COVID19MEXICO,2026-08-24
MUNICIPALITY,42000000-0000-0000-0000-000000002078,Totolac,COVID-19,COVID-19,SUSPECTED,23,2026-06-08 00:00:00,,ACTIVE,COVID19MEXICO,2026-08-24
MUNICIPALITY,42000000-0000-0000-0000-000000002078,Totolac,INFLUENZA,Influenza,SUSPECTED,23,2026-06-08 00:00:00,,ACTIVE,COVID19MEXICO,2026-08-24
MUNICIPALITY,42000000-0000-0000-0000-000000000935,Totolapan,COVID-19,COVID-19,SUSPECTED,1,2026-07-17 00:00:00,,ACTIVE,COVID19MEXICO,2026-08-24
MUNICIPALITY,42000000-0000-0000-0000-000000000935,Totolapan,INFLUENZA,Influenza,SUSPECTED,1,2026-07-17 00:00:00,,ACTIVE,COVID19MEXICO,2026-08-24
MUNICIPALITY,42000000-0000-0000-0000-000000002477,Trancoso,COVID-19,COVID-19,SUSPECTED,3,2026-06-09 00:00:00,,ACTIVE,COVID19MEXICO,2026-08-24
MUNICIPALITY,42000000-0000-0000-0000-000000002477,Trancoso,INFLUENZA,Influenza,SUSPECTED,3,2026-06-09 00:00:00,,ACTIVE,COVID19MEXICO,2026-08-24
MUNICIPALITY,42000000-0000-0000-0000-000000002309,Tres Valles,COVID-19,COVID-19,SUSPECTED,1,2026-07-24 00:00:00,,ACTIVE,COVID19MEXICO,2026-08-24
MUNICIPALITY,42000000-0000-0000-0000-000000002309,Tres Valles,INFLUENZA,Influenza,SUSPECTED,1,2026-07-24 00:00:00,,ACTIVE,COVID19MEXICO,2026-08-24
MUNICIPALITY,42000000-0000-0000-0000-000000002431,Trinidad Garcia de la Cadena,COVID-19,COVID-19,SUSPECTED,1,2026-08-05 00:00:00,,ACTIVE,COVID19MEXICO,2026-08-24
MUNICIPALITY,42000000-0000-0000-0000-000000002431,Trinidad Garcia de la Cadena,INFLUENZA,Influenza,SUSPECTED,1,2026-08-05 00:00:00,,ACTIVE,COVID19MEXICO,2026-08-24
MUNICIPALITY,42000000-0000-0000-0000-000000000537,Tula de Allende,COVID-19,COVID-19,CONFIRMED,9,2026-06-09 00:00:00,,ACTIVE,COVID19MEXICO,2026-08-24
MUNICIPALITY,42000000-0000-0000-0000-000000000537,Tula de Allende,COVID-19,COVID-19,SUSPECTED,7,2026-06-19 00:00:00,,ACTIVE,COVID19MEXICO,2026-08-24
MUNICIPALITY,42000000-0000-0000-0000-000000000537,Tula de Allende,INFLUENZA,Influenza,SUSPECTED,7,2026-06-19 00:00:00,,ACTIVE,COVID19MEXICO,2026-08-24
MUNICIPALITY,42000000-0000-0000-0000-000000000537,Tula de Allende,MEASLES,Measles,SUSPECTED,1,2026-08-18 00:00:00,,ACTIVE,EFES_ABIERTO,2026-08-18
MUNICIPALITY,42000000-0000-0000-0000-000000000537,Tula de Allende,RUBELLA,Rubella,SUSPECTED,1,2026-08-18 00:00:00,,ACTIVE,EFES_ABIERTO,2026-08-18
MUNICIPALITY,42000000-0000-0000-0000-000000000538,Tulancingo de Bravo,COVID-19,COVID-19,CONFIRMED,8,2026-06-04 00:00:00,,ACTIVE,COVID19MEXICO,2026-08-24
MUNICIPALITY,42000000-0000-0000-0000-000000000538,Tulancingo de Bravo,COVID-19,COVID-19,SUSPECTED,38,2026-06-03 00:00:00,,ACTIVE,COVID19MEXICO,2026-08-24
MUNICIPALITY,42000000-0000-0000-0000-000000000538,Tulancingo de Bravo,INFLUENZA,Influenza,CONFIRMED,2,2026-07-25 00:00:00,,ACTIVE,COVID19MEXICO,2026-08-24
MUNICIPALITY,42000000-0000-0000-0000-000000000538,Tulancingo de Bravo,INFLUENZA,Influenza,SUSPECTED,38,2026-06-03 00:00:00,,ACTIVE,COVID19MEXICO,2026-08-24
MUNICIPALITY,42000000-0000-0000-0000-000000000538,Tulancingo de Bravo,MEASLES,Measles,SUSPECTED,2,2026-08-18 00:00:00,,ACTIVE,EFES_ABIERTO,2026-08-18
MUNICIPALITY,42000000-0000-0000-0000-000000000538,Tulancingo de Bravo,RUBELLA,Rubella,SUSPECTED,2,2026-08-18 00:00:00,,ACTIVE,EFES_ABIERTO,2026-08-18
MUNICIPALITY,42000000-0000-0000-0000-000000000778,Tultepec,COVID-19,COVID-19,CONFIRMED,4,2026-06-15 00:00:00,,ACTIVE,COVID19MEXICO,2026-08-24
MUNICIPALITY,42000000-0000-0000-0000-000000000778,Tultepec,COVID-19,COVID-19,SUSPECTED,8,2026-06-29 00:00:00,,ACTIVE,COVID19MEXICO,2026-08-24
MUNICIPALITY,42000000-0000-0000-0000-000000000778,Tultepec,INFLUENZA,Influenza,SUSPECTED,8,2026-06-29 00:00:00,,ACTIVE,COVID19MEXICO,2026-08-24
MUNICIPALITY,42000000-0000-0000-0000-000000000778,Tultepec,MEASLES,Measles,SUSPECTED,1,2026-08-18 00:00:00,,ACTIVE,EFES_ABIERTO,2026-08-18
MUNICIPALITY,42000000-0000-0000-0000-000000000778,Tultepec,RUBELLA,Rubella,SUSPECTED,1,2026-08-18 00:00:00,,ACTIVE,EFES_ABIERTO,2026-08-18
MUNICIPALITY,42000000-0000-0000-0000-000000000779,Tultitlan,COVID-19,COVID-19,CONFIRMED,3,2026-06-09 00:00:00,,ACTIVE,COVID19MEXICO,2026-08-24
MUNICIPALITY,42000000-0000-0000-0000-000000000779,Tultitlan,COVID-19,COVID-19,SUSPECTED,31,2026-06-04 00:00:00,,ACTIVE,COVID19MEXICO,2026-08-24
MUNICIPALITY,42000000-0000-0000-0000-000000000779,Tultitlan,INFLUENZA,Influenza,SUSPECTED,31,2026-06-04 00:00:00,,ACTIVE,COVID19MEXICO,2026-08-24
MUNICIPALITY,42000000-0000-0000-0000-000000000779,Tultitlan,MEASLES,Measles,SUSPECTED,5,2026-08-18 00:00:00,,ACTIVE,EFES_ABIERTO,2026-08-18
MUNICIPALITY,42000000-0000-0000-0000-000000000779,Tultitlan,RUBELLA,Rubella,SUSPECTED,5,2026-08-18 00:00:00,,ACTIVE,EFES_ABIERTO,2026-08-18
MUNICIPALITY,42000000-0000-0000-0000-000000001829,Tulum,COVID-19,COVID-19,SUSPECTED,12,2026-06-05 00:00:00,,ACTIVE,COVID19MEXICO,2026-08-24
MUNICIPALITY,42000000-0000-0000-0000-000000001829,Tulum,INFLUENZA,Influenza,SUSPECTED,12,2026-06-05 00:00:00,,ACTIVE,COVID19MEXICO,2026-08-24
MUNICIPALITY,42000000-0000-0000-0000-000000001829,Tulum,MEASLES,Measles,CONFIRMED,6,2026-06-29 00:00:00,,ACTIVE,EFES_ABIERTO,2026-08-18
MUNICIPALITY,42000000-0000-0000-0000-000000001829,Tulum,MEASLES,Measles,SUSPECTED,1,2026-08-18 00:00:00,,ACTIVE,EFES_ABIERTO,2026-08-18
MUNICIPALITY,42000000-0000-0000-0000-000000001829,Tulum,RUBELLA,Rubella,SUSPECTED,1,2026-08-18 00:00:00,,ACTIVE,EFES_ABIERTO,2026-08-18
MUNICIPALITY,42000000-0000-0000-0000-000000002411,Tunkas,COVID-19,COVID-19,SUSPECTED,1,2026-08-13 00:00:00,,ACTIVE,COVID19MEXICO,2026-08-24
MUNICIPALITY,42000000-0000-0000-0000-000000002411,Tunkas,INFLUENZA,Influenza,SUSPECTED,1,2026-08-13 00:00:00,,ACTIVE,COVID19MEXICO,2026-08-24
MUNICIPALITY,42000000-0000-0000-0000-000000000892,Turicato,MEASLES,Measles,SUSPECTED,1,2026-08-18 00:00:00,,ACTIVE,EFES_ABIERTO,2026-08-18
MUNICIPALITY,42000000-0000-0000-0000-000000000892,Turicato,RUBELLA,Rubella,SUSPECTED,1,2026-08-18 00:00:00,,ACTIVE,EFES_ABIERTO,2026-08-18
MUNICIPALITY,42000000-0000-0000-0000-000000002291,Tuxpan,COVID-19,COVID-19,SUSPECTED,3,2026-06-19 00:00:00,,ACTIVE,COVID19MEXICO,2026-08-24
MUNICIPALITY,42000000-0000-0000-0000-000000000653,Tuxpan,DENGUE,Dengue fever,SUSPECTED,1,2026-07-11 00:00:00,,ACTIVE,DENGUE_ABIERTO,2026-08-20
MUNICIPALITY,42000000-0000-0000-0000-000000002291,Tuxpan,INFLUENZA,Influenza,SUSPECTED,3,2026-06-19 00:00:00,,ACTIVE,COVID19MEXICO,2026-08-24
MUNICIPALITY,42000000-0000-0000-0000-000000002291,Tuxpan,MEASLES,Measles,CONFIRMED,1,2026-06-15 00:00:00,,ACTIVE,EFES_ABIERTO,2026-08-18
MUNICIPALITY,42000000-0000-0000-0000-000000000653,Tuxpan,MEASLES,Measles,SUSPECTED,2,2026-08-18 00:00:00,,ACTIVE,EFES_ABIERTO,2026-08-18
MUNICIPALITY,42000000-0000-0000-0000-000000002291,Tuxpan,MEASLES,Measles,SUSPECTED,1,2026-08-18 00:00:00,,ACTIVE,EFES_ABIERTO,2026-08-18
MUNICIPALITY,42000000-0000-0000-0000-000000000653,Tuxpan,RUBELLA,Rubella,SUSPECTED,2,2026-08-18 00:00:00,,ACTIVE,EFES_ABIERTO,2026-08-18
MUNICIPALITY,42000000-0000-0000-0000-000000002291,Tuxpan,RUBELLA,Rubella,SUSPECTED,1,2026-08-18 00:00:00,,ACTIVE,EFES_ABIERTO,2026-08-18
MUNICIPALITY,42000000-0000-0000-0000-000000000185,Tuxtla Chico,COVID-19,COVID-19,SUSPECTED,1,2026-07-30 00:00:00,,ACTIVE,COVID19MEXICO,2026-08-24
MUNICIPALITY,42000000-0000-0000-0000-000000000185,Tuxtla Chico,INFLUENZA,Influenza,SUSPECTED,1,2026-07-30 00:00:00,,ACTIVE,COVID19MEXICO,2026-08-24
MUNICIPALITY,42000000-0000-0000-0000-000000000185,Tuxtla Chico,MEASLES,Measles,CONFIRMED,1,2026-08-13 00:00:00,,ACTIVE,EFES_ABIERTO,2026-08-18
MUNICIPALITY,42000000-0000-0000-0000-000000000184,Tuxtla Gutierrez,COVID-19,COVID-19,CONFIRMED,5,2026-07-12 00:00:00,,ACTIVE,COVID19MEXICO,2026-08-24
MUNICIPALITY,42000000-0000-0000-0000-000000000184,Tuxtla Gutierrez,COVID-19,COVID-19,SUSPECTED,39,2026-06-02 00:00:00,,ACTIVE,COVID19MEXICO,2026-08-24
MUNICIPALITY,42000000-0000-0000-0000-000000000184,Tuxtla Gutierrez,INFLUENZA,Influenza,CONFIRMED,2,2026-07-13 00:00:00,,ACTIVE,COVID19MEXICO,2026-08-24
MUNICIPALITY,42000000-0000-0000-0000-000000000184,Tuxtla Gutierrez,INFLUENZA,Influenza,SUSPECTED,39,2026-06-02 00:00:00,,ACTIVE,COVID19MEXICO,2026-08-24
MUNICIPALITY,42000000-0000-0000-0000-000000000184,Tuxtla Gutierrez,MEASLES,Measles,CONFIRMED,2,2026-06-04 00:00:00,,ACTIVE,EFES_ABIERTO,2026-08-18
MUNICIPALITY,42000000-0000-0000-0000-000000000184,Tuxtla Gutierrez,MEASLES,Measles,SUSPECTED,82,2026-08-18 00:00:00,,ACTIVE,EFES_ABIERTO,2026-08-18
MUNICIPALITY,42000000-0000-0000-0000-000000000184,Tuxtla Gutierrez,RUBELLA,Rubella,SUSPECTED,82,2026-08-18 00:00:00,,ACTIVE,EFES_ABIERTO,2026-08-18
MUNICIPALITY,42000000-0000-0000-0000-000000002412,Tzucacab,COVID-19,COVID-19,SUSPECTED,1,2026-06-07 00:00:00,,ACTIVE,COVID19MEXICO,2026-08-24
MUNICIPALITY,42000000-0000-0000-0000-000000002412,Tzucacab,INFLUENZA,Influenza,CONFIRMED,1,2026-08-10 00:00:00,,ACTIVE,COVID19MEXICO,2026-08-24
MUNICIPALITY,42000000-0000-0000-0000-000000002412,Tzucacab,INFLUENZA,Influenza,SUSPECTED,1,2026-06-07 00:00:00,,ACTIVE,COVID19MEXICO,2026-08-24
MUNICIPALITY,42000000-0000-0000-0000-000000002412,Tzucacab,MEASLES,Measles,SUSPECTED,1,2026-08-18 00:00:00,,ACTIVE,EFES_ABIERTO,2026-08-18
MUNICIPALITY,42000000-0000-0000-0000-000000002412,Tzucacab,RUBELLA,Rubella,SUSPECTED,1,2026-08-18 00:00:00,,ACTIVE,EFES_ABIERTO,2026-08-18
MUNICIPALITY,42000000-0000-0000-0000-000000002414,Ucu,COVID-19,COVID-19,SUSPECTED,1,2026-08-15 00:00:00,,ACTIVE,COVID19MEXICO,2026-08-24
MUNICIPALITY,42000000-0000-0000-0000-000000002414,Ucu,INFLUENZA,Influenza,SUSPECTED,1,2026-08-15 00:00:00,,ACTIVE,COVID19MEXICO,2026-08-24
MUNICIPALITY,42000000-0000-0000-0000-000000002415,Uman,COVID-19,COVID-19,CONFIRMED,1,2026-08-13 00:00:00,,ACTIVE,COVID19MEXICO,2026-08-24
MUNICIPALITY,42000000-0000-0000-0000-000000002415,Uman,COVID-19,COVID-19,SUSPECTED,1,2026-08-03 00:00:00,,ACTIVE,COVID19MEXICO,2026-08-24
MUNICIPALITY,42000000-0000-0000-0000-000000002415,Uman,INFLUENZA,Influenza,CONFIRMED,1,2026-07-22 00:00:00,,ACTIVE,COVID19MEXICO,2026-08-24
MUNICIPALITY,42000000-0000-0000-0000-000000002415,Uman,INFLUENZA,Influenza,SUSPECTED,1,2026-08-03 00:00:00,,ACTIVE,COVID19MEXICO,2026-08-24
MUNICIPALITY,42000000-0000-0000-0000-000000000654,Union de San Antonio,MEASLES,Measles,SUSPECTED,1,2026-08-18 00:00:00,,ACTIVE,EFES_ABIERTO,2026-08-18
MUNICIPALITY,42000000-0000-0000-0000-000000000654,Union de San Antonio,RUBELLA,Rubella,SUSPECTED,1,2026-08-18 00:00:00,,ACTIVE,EFES_ABIERTO,2026-08-18
MUNICIPALITY,42000000-0000-0000-0000-000000000655,Union de Tula,DENGUE,Dengue fever,SUSPECTED,1,2026-06-04 00:00:00,,ACTIVE,DENGUE_ABIERTO,2026-08-20
MUNICIPALITY,42000000-0000-0000-0000-000000000273,Urique,COVID-19,COVID-19,SUSPECTED,1,2026-08-19 00:00:00,,ACTIVE,COVID19MEXICO,2026-08-24
MUNICIPALITY,42000000-0000-0000-0000-000000000273,Urique,INFLUENZA,Influenza,SUSPECTED,1,2026-08-19 00:00:00,,ACTIVE,COVID19MEXICO,2026-08-24
MUNICIPALITY,42000000-0000-0000-0000-000000000273,Urique,MEASLES,Measles,CONFIRMED,1,2026-06-17 00:00:00,,ACTIVE,EFES_ABIERTO,2026-08-18
MUNICIPALITY,42000000-0000-0000-0000-000000002293,Ursulo Galvan,COVID-19,COVID-19,SUSPECTED,1,2026-06-27 00:00:00,,ACTIVE,COVID19MEXICO,2026-08-24
MUNICIPALITY,42000000-0000-0000-0000-000000002293,Ursulo Galvan,INFLUENZA,Influenza,SUSPECTED,1,2026-06-27 00:00:00,,ACTIVE,COVID19MEXICO,2026-08-24
MUNICIPALITY,42000000-0000-0000-0000-000000002293,Ursulo Galvan,MEASLES,Measles,SUSPECTED,1,2026-08-18 00:00:00,,ACTIVE,EFES_ABIERTO,2026-08-18
MUNICIPALITY,42000000-0000-0000-0000-000000002293,Ursulo Galvan,RUBELLA,Rubella,SUSPECTED,1,2026-08-18 00:00:00,,ACTIVE,EFES_ABIERTO,2026-08-18
MUNICIPALITY,42000000-0000-0000-0000-000000000897,Uruapan,COVID-19,COVID-19,CONFIRMED,5,2026-07-04 00:00:00,,ACTIVE,COVID19MEXICO,2026-08-24
MUNICIPALITY,42000000-0000-0000-0000-000000000897,Uruapan,COVID-19,COVID-19,SUSPECTED,34,2026-06-12 00:00:00,,ACTIVE,COVID19MEXICO,2026-08-24
MUNICIPALITY,42000000-0000-0000-0000-000000000897,Uruapan,INFLUENZA,Influenza,SUSPECTED,34,2026-06-12 00:00:00,,ACTIVE,COVID19MEXICO,2026-08-24
MUNICIPALITY,42000000-0000-0000-0000-000000000897,Uruapan,MEASLES,Measles,CONFIRMED,2,2026-06-06 00:00:00,,ACTIVE,EFES_ABIERTO,2026-08-18
MUNICIPALITY,42000000-0000-0000-0000-000000000897,Uruapan,MEASLES,Measles,SUSPECTED,12,2026-08-18 00:00:00,,ACTIVE,EFES_ABIERTO,2026-08-18
MUNICIPALITY,42000000-0000-0000-0000-000000000897,Uruapan,RUBELLA,Rubella,SUSPECTED,12,2026-08-18 00:00:00,,ACTIVE,EFES_ABIERTO,2026-08-18
MUNICIPALITY,42000000-0000-0000-0000-000000002312,Uxpanapa,COVID-19,COVID-19,SUSPECTED,1,2026-06-30 00:00:00,,ACTIVE,COVID19MEXICO,2026-08-24
MUNICIPALITY,42000000-0000-0000-0000-000000002312,Uxpanapa,INFLUENZA,Influenza,SUSPECTED,1,2026-06-30 00:00:00,,ACTIVE,COVID19MEXICO,2026-08-24
MUNICIPALITY,42000000-0000-0000-0000-000000002416,Valladolid,COVID-19,COVID-19,CONFIRMED,2,2026-07-15 00:00:00,,ACTIVE,COVID19MEXICO,2026-08-24
MUNICIPALITY,42000000-0000-0000-0000-000000002416,Valladolid,COVID-19,COVID-19,SUSPECTED,45,2026-06-04 00:00:00,,ACTIVE,COVID19MEXICO,2026-08-24
MUNICIPALITY,42000000-0000-0000-0000-000000002416,Valladolid,DENGUE,Dengue fever,SUSPECTED,1,2026-06-27 00:00:00,,ACTIVE,DENGUE_ABIERTO,2026-08-20
MUNICIPALITY,42000000-0000-0000-0000-000000002416,Valladolid,INFLUENZA,Influenza,CONFIRMED,3,2026-07-12 00:00:00,,ACTIVE,COVID19MEXICO,2026-08-24
MUNICIPALITY,42000000-0000-0000-0000-000000002416,Valladolid,INFLUENZA,Influenza,SUSPECTED,45,2026-06-04 00:00:00,,ACTIVE,COVID19MEXICO,2026-08-24
MUNICIPALITY,42000000-0000-0000-0000-000000002416,Valladolid,MEASLES,Measles,SUSPECTED,1,2026-08-18 00:00:00,,ACTIVE,EFES_ABIERTO,2026-08-18
MUNICIPALITY,42000000-0000-0000-0000-000000002416,Valladolid,RUBELLA,Rubella,SUSPECTED,1,2026-08-18 00:00:00,,ACTIVE,EFES_ABIERTO,2026-08-18
MUNICIPALITY,42000000-0000-0000-0000-000000000780,Valle de Bravo,COVID-19,COVID-19,SUSPECTED,2,2026-07-14 00:00:00,,ACTIVE,COVID19MEXICO,2026-08-24
MUNICIPALITY,42000000-0000-0000-0000-000000000780,Valle de Bravo,INFLUENZA,Influenza,SUSPECTED,2,2026-07-14 00:00:00,,ACTIVE,COVID19MEXICO,2026-08-24
MUNICIPALITY,42000000-0000-0000-0000-000000000780,Valle de Bravo,MEASLES,Measles,SUSPECTED,6,2026-08-18 00:00:00,,ACTIVE,EFES_ABIERTO,2026-08-18
MUNICIPALITY,42000000-0000-0000-0000-000000000780,Valle de Bravo,RUBELLA,Rubella,SUSPECTED,6,2026-08-18 00:00:00,,ACTIVE,EFES_ABIERTO,2026-08-18
MUNICIPALITY,42000000-0000-0000-0000-000000000792,Valle de Chalco Solidaridad,COVID-19,COVID-19,CONFIRMED,3,2026-06-26 00:00:00,,ACTIVE,COVID19MEXICO,2026-08-24
MUNICIPALITY,42000000-0000-0000-0000-000000000792,Valle de Chalco Solidaridad,COVID-19,COVID-19,SUSPECTED,11,2026-06-05 00:00:00,,ACTIVE,COVID19MEXICO,2026-08-24
MUNICIPALITY,42000000-0000-0000-0000-000000000792,Valle de Chalco Solidaridad,INFLUENZA,Influenza,SUSPECTED,11,2026-06-05 00:00:00,,ACTIVE,COVID19MEXICO,2026-08-24
MUNICIPALITY,42000000-0000-0000-0000-000000000792,Valle de Chalco Solidaridad,MEASLES,Measles,CONFIRMED,6,2026-06-14 00:00:00,,ACTIVE,EFES_ABIERTO,2026-08-18
MUNICIPALITY,42000000-0000-0000-0000-000000000792,Valle de Chalco Solidaridad,MEASLES,Measles,SUSPECTED,7,2026-08-18 00:00:00,,ACTIVE,EFES_ABIERTO,2026-08-18
MUNICIPALITY,42000000-0000-0000-0000-000000000792,Valle de Chalco Solidaridad,RUBELLA,Rubella,SUSPECTED,7,2026-08-18 00:00:00,,ACTIVE,EFES_ABIERTO,2026-08-18
MUNICIPALITY,42000000-0000-0000-0000-000000000372,Valle de Santiago,COVID-19,COVID-19,SUSPECTED,16,2026-06-02 00:00:00,,ACTIVE,COVID19MEXICO,2026-08-24
MUNICIPALITY,42000000-0000-0000-0000-000000000372,Valle de Santiago,INFLUENZA,Influenza,CONFIRMED,1,2026-06-16 00:00:00,,ACTIVE,COVID19MEXICO,2026-08-24
MUNICIPALITY,42000000-0000-0000-0000-000000000372,Valle de Santiago,INFLUENZA,Influenza,SUSPECTED,16,2026-06-02 00:00:00,,ACTIVE,COVID19MEXICO,2026-08-24
MUNICIPALITY,42000000-0000-0000-0000-000000002469,Valparaiso,MEASLES,Measles,CONFIRMED,2,2026-08-01 00:00:00,,ACTIVE,EFES_ABIERTO,2026-08-18
MUNICIPALITY,42000000-0000-0000-0000-000000000189,Venustiano Carranza,COVID-19,COVID-19,CONFIRMED,1,2026-07-16 00:00:00,,ACTIVE,COVID19MEXICO,2026-08-24
MUNICIPALITY,42000000-0000-0000-0000-000000000291,Venustiano Carranza,COVID-19,COVID-19,CONFIRMED,13,2026-06-08 00:00:00,,ACTIVE,COVID19MEXICO,2026-08-24
MUNICIPALITY,42000000-0000-0000-0000-000000000291,Venustiano Carranza,COVID-19,COVID-19,SUSPECTED,31,2026-06-01 00:00:00,,ACTIVE,COVID19MEXICO,2026-08-24
MUNICIPALITY,42000000-0000-0000-0000-000000001779,Venustiano Carranza,COVID-19,COVID-19,SUSPECTED,2,2026-06-26 00:00:00,,ACTIVE,COVID19MEXICO,2026-08-24
MUNICIPALITY,42000000-0000-0000-0000-000000000291,Venustiano Carranza,INFLUENZA,Influenza,SUSPECTED,31,2026-06-01 00:00:00,,ACTIVE,COVID19MEXICO,2026-08-24
MUNICIPALITY,42000000-0000-0000-0000-000000001779,Venustiano Carranza,INFLUENZA,Influenza,SUSPECTED,2,2026-06-26 00:00:00,,ACTIVE,COVID19MEXICO,2026-08-24
MUNICIPALITY,42000000-0000-0000-0000-000000000291,Venustiano Carranza,MEASLES,Measles,CONFIRMED,1,2026-06-26 00:00:00,,ACTIVE,EFES_ABIERTO,2026-08-18
MUNICIPALITY,42000000-0000-0000-0000-000000000189,Venustiano Carranza,MEASLES,Measles,SUSPECTED,8,2026-08-18 00:00:00,,ACTIVE,EFES_ABIERTO,2026-08-18
MUNICIPALITY,42000000-0000-0000-0000-000000000291,Venustiano Carranza,MEASLES,Measles,SUSPECTED,1,2026-08-18 00:00:00,,ACTIVE,EFES_ABIERTO,2026-08-18
MUNICIPALITY,42000000-0000-0000-0000-000000000189,Venustiano Carranza,RUBELLA,Rubella,SUSPECTED,8,2026-08-18 00:00:00,,ACTIVE,EFES_ABIERTO,2026-08-18
MUNICIPALITY,42000000-0000-0000-0000-000000000291,Venustiano Carranza,RUBELLA,Rubella,SUSPECTED,1,2026-08-18 00:00:00,,ACTIVE,EFES_ABIERTO,2026-08-18
MUNICIPALITY,42000000-0000-0000-0000-000000002295,Veracruz,COVID-19,COVID-19,CONFIRMED,3,2026-06-17 00:00:00,,ACTIVE,COVID19MEXICO,2026-08-24
MUNICIPALITY,42000000-0000-0000-0000-000000002295,Veracruz,COVID-19,COVID-19,SUSPECTED,68,2026-06-08 00:00:00,,ACTIVE,COVID19MEXICO,2026-08-24
MUNICIPALITY,42000000-0000-0000-0000-000000002295,Veracruz,INFLUENZA,Influenza,CONFIRMED,2,2026-06-15 00:00:00,,ACTIVE,COVID19MEXICO,2026-08-24
MUNICIPALITY,42000000-0000-0000-0000-000000002295,Veracruz,INFLUENZA,Influenza,SUSPECTED,68,2026-06-08 00:00:00,,ACTIVE,COVID19MEXICO,2026-08-24
MUNICIPALITY,42000000-0000-0000-0000-000000002295,Veracruz,MEASLES,Measles,SUSPECTED,3,2026-08-18 00:00:00,,ACTIVE,EFES_ABIERTO,2026-08-18
MUNICIPALITY,42000000-0000-0000-0000-000000002295,Veracruz,RUBELLA,Rubella,SUSPECTED,3,2026-08-18 00:00:00,,ACTIVE,EFES_ABIERTO,2026-08-18
MUNICIPALITY,42000000-0000-0000-0000-000000001780,Vicente Guerrero,COVID-19,COVID-19,SUSPECTED,1,2026-06-09 00:00:00,,ACTIVE,COVID19MEXICO,2026-08-24
MUNICIPALITY,42000000-0000-0000-0000-000000001780,Vicente Guerrero,INFLUENZA,Influenza,SUSPECTED,1,2026-06-09 00:00:00,,ACTIVE,COVID19MEXICO,2026-08-24
MUNICIPALITY,42000000-0000-0000-0000-000000000329,Vicente Guerrero,MEASLES,Measles,SUSPECTED,2,2026-08-18 00:00:00,,ACTIVE,EFES_ABIERTO,2026-08-18
MUNICIPALITY,42000000-0000-0000-0000-000000000329,Vicente Guerrero,RUBELLA,Rubella,SUSPECTED,2,2026-08-18 00:00:00,,ACTIVE,EFES_ABIERTO,2026-08-18
MUNICIPALITY,42000000-0000-0000-0000-000000002040,Victoria,COVID-19,COVID-19,CONFIRMED,1,2026-08-17 00:00:00,,ACTIVE,COVID19MEXICO,2026-08-24
MUNICIPALITY,42000000-0000-0000-0000-000000000373,Victoria,COVID-19,COVID-19,SUSPECTED,3,2026-06-03 00:00:00,,ACTIVE,COVID19MEXICO,2026-08-24
MUNICIPALITY,42000000-0000-0000-0000-000000002040,Victoria,COVID-19,COVID-19,SUSPECTED,40,2026-06-13 00:00:00,,ACTIVE,COVID19MEXICO,2026-08-24
MUNICIPALITY,42000000-0000-0000-0000-000000000373,Victoria,INFLUENZA,Influenza,SUSPECTED,3,2026-06-03 00:00:00,,ACTIVE,COVID19MEXICO,2026-08-24
MUNICIPALITY,42000000-0000-0000-0000-000000002040,Victoria,INFLUENZA,Influenza,SUSPECTED,40,2026-06-13 00:00:00,,ACTIVE,COVID19MEXICO,2026-08-24
MUNICIPALITY,42000000-0000-0000-0000-000000002040,Victoria,MEASLES,Measles,SUSPECTED,2,2026-08-18 00:00:00,,ACTIVE,EFES_ABIERTO,2026-08-18
MUNICIPALITY,42000000-0000-0000-0000-000000002040,Victoria,RUBELLA,Rubella,SUSPECTED,2,2026-08-18 00:00:00,,ACTIVE,EFES_ABIERTO,2026-08-18
MUNICIPALITY,42000000-0000-0000-0000-000000000155,Villa Comaltitlan,MEASLES,Measles,SUSPECTED,1,2026-08-18 00:00:00,,ACTIVE,EFES_ABIERTO,2026-08-18
MUNICIPALITY,42000000-0000-0000-0000-000000000155,Villa Comaltitlan,RUBELLA,Rubella,SUSPECTED,1,2026-08-18 00:00:00,,ACTIVE,EFES_ABIERTO,2026-08-18
MUNICIPALITY,42000000-0000-0000-0000-000000000659,Villa Corona,COVID-19,COVID-19,SUSPECTED,1,2026-07-26 00:00:00,,ACTIVE,COVID19MEXICO,2026-08-24
MUNICIPALITY,42000000-0000-0000-0000-000000000659,Villa Corona,INFLUENZA,Influenza,SUSPECTED,1,2026-07-26 00:00:00,,ACTIVE,COVID19MEXICO,2026-08-24
MUNICIPALITY,42000000-0000-0000-0000-000000000659,Villa Corona,MEASLES,Measles,SUSPECTED,1,2026-08-18 00:00:00,,ACTIVE,EFES_ABIERTO,2026-08-18
MUNICIPALITY,42000000-0000-0000-0000-000000000659,Villa Corona,RUBELLA,Rubella,SUSPECTED,1,2026-08-18 00:00:00,,ACTIVE,EFES_ABIERTO,2026-08-18
MUNICIPALITY,42000000-0000-0000-0000-000000000190,Villa Corzo,MEASLES,Measles,SUSPECTED,2,2026-08-18 00:00:00,,ACTIVE,EFES_ABIERTO,2026-08-18
MUNICIPALITY,42000000-0000-0000-0000-000000000190,Villa Corzo,RUBELLA,Rubella,SUSPECTED,2,2026-08-18 00:00:00,,ACTIVE,EFES_ABIERTO,2026-08-18
MUNICIPALITY,42000000-0000-0000-0000-000000000783,Villa Guerrero,COVID-19,COVID-19,SUSPECTED,9,2026-07-01 00:00:00,,ACTIVE,COVID19MEXICO,2026-08-24
MUNICIPALITY,42000000-0000-0000-0000-000000000783,Villa Guerrero,INFLUENZA,Influenza,SUSPECTED,9,2026-07-01 00:00:00,,ACTIVE,COVID19MEXICO,2026-08-24
MUNICIPALITY,42000000-0000-0000-0000-000000001292,Villa Sola de Vega,COVID-19,COVID-19,SUSPECTED,1,2026-07-17 00:00:00,,ACTIVE,COVID19MEXICO,2026-08-24
MUNICIPALITY,42000000-0000-0000-0000-000000001292,Villa Sola de Vega,INFLUENZA,Influenza,SUSPECTED,1,2026-07-17 00:00:00,,ACTIVE,COVID19MEXICO,2026-08-24
MUNICIPALITY,42000000-0000-0000-0000-000000001295,Villa Talea de Castro,COVID-19,COVID-19,SUSPECTED,1,2026-06-14 00:00:00,,ACTIVE,COVID19MEXICO,2026-08-24
MUNICIPALITY,42000000-0000-0000-0000-000000001295,Villa Talea de Castro,INFLUENZA,Influenza,SUSPECTED,1,2026-06-14 00:00:00,,ACTIVE,COVID19MEXICO,2026-08-24
MUNICIPALITY,42000000-0000-0000-0000-000000001501,Villa Tejupam de la Union,COVID-19,COVID-19,SUSPECTED,1,2026-07-11 00:00:00,,ACTIVE,COVID19MEXICO,2026-08-24
MUNICIPALITY,42000000-0000-0000-0000-000000001501,Villa Tejupam de la Union,INFLUENZA,Influenza,SUSPECTED,1,2026-07-11 00:00:00,,ACTIVE,COVID19MEXICO,2026-08-24
MUNICIPALITY,42000000-0000-0000-0000-000000000784,Villa Victoria,COVID-19,COVID-19,SUSPECTED,12,2026-06-01 00:00:00,,ACTIVE,COVID19MEXICO,2026-08-24
MUNICIPALITY,42000000-0000-0000-0000-000000000784,Villa Victoria,INFLUENZA,Influenza,SUSPECTED,12,2026-06-01 00:00:00,,ACTIVE,COVID19MEXICO,2026-08-24
MUNICIPALITY,42000000-0000-0000-0000-000000000784,Villa Victoria,MEASLES,Measles,SUSPECTED,1,2026-08-18 00:00:00,,ACTIVE,EFES_ABIERTO,2026-08-18
MUNICIPALITY,42000000-0000-0000-0000-000000000784,Villa Victoria,RUBELLA,Rubella,SUSPECTED,1,2026-08-18 00:00:00,,ACTIVE,EFES_ABIERTO,2026-08-18
MUNICIPALITY,42000000-0000-0000-0000-000000000781,Villa de Allende,COVID-19,COVID-19,SUSPECTED,1,2026-06-27 00:00:00,,ACTIVE,COVID19MEXICO,2026-08-24
MUNICIPALITY,42000000-0000-0000-0000-000000000781,Villa de Allende,INFLUENZA,Influenza,SUSPECTED,1,2026-06-27 00:00:00,,ACTIVE,COVID19MEXICO,2026-08-24
MUNICIPALITY,42000000-0000-0000-0000-000000000084,Villa de Alvarez,COVID-19,COVID-19,CONFIRMED,4,2026-07-05 00:00:00,,ACTIVE,COVID19MEXICO,2026-08-24
MUNICIPALITY,42000000-0000-0000-0000-000000000084,Villa de Alvarez,COVID-19,COVID-19,SUSPECTED,5,2026-06-17 00:00:00,,ACTIVE,COVID19MEXICO,2026-08-24
MUNICIPALITY,42000000-0000-0000-0000-000000000084,Villa de Alvarez,DENGUE,Dengue fever,SUSPECTED,1,2026-07-20 00:00:00,,ACTIVE,DENGUE_ABIERTO,2026-08-20
MUNICIPALITY,42000000-0000-0000-0000-000000000084,Villa de Alvarez,INFLUENZA,Influenza,CONFIRMED,1,2026-06-09 00:00:00,,ACTIVE,COVID19MEXICO,2026-08-24
MUNICIPALITY,42000000-0000-0000-0000-000000000084,Villa de Alvarez,INFLUENZA,Influenza,SUSPECTED,5,2026-06-17 00:00:00,,ACTIVE,COVID19MEXICO,2026-08-24
MUNICIPALITY,42000000-0000-0000-0000-000000001877,Villa de Arriaga,COVID-19,COVID-19,CONFIRMED,2,2026-07-16 00:00:00,,ACTIVE,COVID19MEXICO,2026-08-24
MUNICIPALITY,42000000-0000-0000-0000-000000002471,Villa de Cos,COVID-19,COVID-19,SUSPECTED,2,2026-08-18 00:00:00,,ACTIVE,COVID19MEXICO,2026-08-24
MUNICIPALITY,42000000-0000-0000-0000-000000002471,Villa de Cos,INFLUENZA,Influenza,SUSPECTED,2,2026-08-18 00:00:00,,ACTIVE,COVID19MEXICO,2026-08-24
MUNICIPALITY,42000000-0000-0000-0000-000000002471,Villa de Cos,MEASLES,Measles,CONFIRMED,30,2026-06-03 00:00:00,,ACTIVE,EFES_ABIERTO,2026-08-18
MUNICIPALITY,42000000-0000-0000-0000-000000002471,Villa de Cos,MEASLES,Measles,SUSPECTED,12,2026-08-18 00:00:00,,ACTIVE,EFES_ABIERTO,2026-08-18
MUNICIPALITY,42000000-0000-0000-0000-000000002471,Villa de Cos,RUBELLA,Rubella,SUSPECTED,12,2026-08-18 00:00:00,,ACTIVE,EFES_ABIERTO,2026-08-18
MUNICIPALITY,42000000-0000-0000-0000-000000001353,Villa de Etla,COVID-19,COVID-19,SUSPECTED,4,2026-07-04 00:00:00,,ACTIVE,COVID19MEXICO,2026-08-24
MUNICIPALITY,42000000-0000-0000-0000-000000001353,Villa de Etla,INFLUENZA,Influenza,SUSPECTED,4,2026-07-04 00:00:00,,ACTIVE,COVID19MEXICO,2026-08-24
MUNICIPALITY,42000000-0000-0000-0000-000000001880,Villa de Ramos,COVID-19,COVID-19,CONFIRMED,2,2026-06-25 00:00:00,,ACTIVE,COVID19MEXICO,2026-08-24
MUNICIPALITY,42000000-0000-0000-0000-000000001880,Villa de Ramos,COVID-19,COVID-19,SUSPECTED,1,2026-08-20 00:00:00,,ACTIVE,COVID19MEXICO,2026-08-24
MUNICIPALITY,42000000-0000-0000-0000-000000001880,Villa de Ramos,INFLUENZA,Influenza,SUSPECTED,1,2026-08-20 00:00:00,,ACTIVE,COVID19MEXICO,2026-08-24
MUNICIPALITY,42000000-0000-0000-0000-000000001880,Villa de Ramos,MEASLES,Measles,CONFIRMED,1,2026-06-03 00:00:00,,ACTIVE,EFES_ABIERTO,2026-08-18
MUNICIPALITY,42000000-0000-0000-0000-000000001881,Villa de Reyes,COVID-19,COVID-19,CONFIRMED,1,2026-07-17 00:00:00,,ACTIVE,COVID19MEXICO,2026-08-24
MUNICIPALITY,42000000-0000-0000-0000-000000001580,Villa de Zaachila,COVID-19,COVID-19,CONFIRMED,2,2026-06-14 00:00:00,,ACTIVE,COVID19MEXICO,2026-08-24
MUNICIPALITY,42000000-0000-0000-0000-000000001580,Villa de Zaachila,COVID-19,COVID-19,SUSPECTED,8,2026-06-01 00:00:00,,ACTIVE,COVID19MEXICO,2026-08-24
MUNICIPALITY,42000000-0000-0000-0000-000000001580,Villa de Zaachila,INFLUENZA,Influenza,SUSPECTED,8,2026-06-01 00:00:00,,ACTIVE,COVID19MEXICO,2026-08-24
MUNICIPALITY,42000000-0000-0000-0000-000000000782,Villa del Carbon,COVID-19,COVID-19,CONFIRMED,1,2026-08-19 00:00:00,,ACTIVE,COVID19MEXICO,2026-08-24
MUNICIPALITY,42000000-0000-0000-0000-000000000782,Villa del Carbon,COVID-19,COVID-19,SUSPECTED,1,2026-06-05 00:00:00,,ACTIVE,COVID19MEXICO,2026-08-24
MUNICIPALITY,42000000-0000-0000-0000-000000000782,Villa del Carbon,INFLUENZA,Influenza,SUSPECTED,1,2026-06-05 00:00:00,,ACTIVE,COVID19MEXICO,2026-08-24
MUNICIPALITY,42000000-0000-0000-0000-000000000191,Villaflores,COVID-19,COVID-19,CONFIRMED,1,2026-06-10 00:00:00,,ACTIVE,COVID19MEXICO,2026-08-24
MUNICIPALITY,42000000-0000-0000-0000-000000000191,Villaflores,MEASLES,Measles,CONFIRMED,1,2026-07-04 00:00:00,,ACTIVE,EFES_ABIERTO,2026-08-18
MUNICIPALITY,42000000-0000-0000-0000-000000000191,Villaflores,MEASLES,Measles,SUSPECTED,4,2026-08-18 00:00:00,,ACTIVE,EFES_ABIERTO,2026-08-18
MUNICIPALITY,42000000-0000-0000-0000-000000000191,Villaflores,RUBELLA,Rubella,SUSPECTED,4,2026-08-18 00:00:00,,ACTIVE,EFES_ABIERTO,2026-08-18
MUNICIPALITY,42000000-0000-0000-0000-000000002189,Xalapa,COVID-19,COVID-19,SUSPECTED,8,2026-07-19 00:00:00,,ACTIVE,COVID19MEXICO,2026-08-24
MUNICIPALITY,42000000-0000-0000-0000-000000002189,Xalapa,INFLUENZA,Influenza,SUSPECTED,8,2026-07-19 00:00:00,,ACTIVE,COVID19MEXICO,2026-08-24
MUNICIPALITY,42000000-0000-0000-0000-000000002189,Xalapa,MEASLES,Measles,CONFIRMED,3,2026-08-11 00:00:00,,ACTIVE,EFES_ABIERTO,2026-08-18
MUNICIPALITY,42000000-0000-0000-0000-000000002189,Xalapa,MEASLES,Measles,SUSPECTED,6,2026-08-18 00:00:00,,ACTIVE,EFES_ABIERTO,2026-08-18
MUNICIPALITY,42000000-0000-0000-0000-000000002189,Xalapa,RUBELLA,Rubella,SUSPECTED,6,2026-08-18 00:00:00,,ACTIVE,EFES_ABIERTO,2026-08-18
MUNICIPALITY,42000000-0000-0000-0000-000000000952,Xalisco,COVID-19,COVID-19,SUSPECTED,5,2026-07-04 00:00:00,,ACTIVE,COVID19MEXICO,2026-08-24
MUNICIPALITY,42000000-0000-0000-0000-000000000952,Xalisco,INFLUENZA,Influenza,SUSPECTED,5,2026-07-04 00:00:00,,ACTIVE,COVID19MEXICO,2026-08-24
MUNICIPALITY,42000000-0000-0000-0000-000000002081,Xaloztoc,COVID-19,COVID-19,SUSPECTED,1,2026-07-26 00:00:00,,ACTIVE,COVID19MEXICO,2026-08-24
MUNICIPALITY,42000000-0000-0000-0000-000000002081,Xaloztoc,INFLUENZA,Influenza,SUSPECTED,1,2026-07-26 00:00:00,,ACTIVE,COVID19MEXICO,2026-08-24
MUNICIPALITY,42000000-0000-0000-0000-000000002082,Xaltocan,COVID-19,COVID-19,CONFIRMED,2,2026-07-25 00:00:00,,ACTIVE,COVID19MEXICO,2026-08-24
MUNICIPALITY,42000000-0000-0000-0000-000000002084,Xicohtzinco,COVID-19,COVID-19,SUSPECTED,1,2026-07-27 00:00:00,,ACTIVE,COVID19MEXICO,2026-08-24
MUNICIPALITY,42000000-0000-0000-0000-000000002084,Xicohtzinco,INFLUENZA,Influenza,SUSPECTED,1,2026-07-27 00:00:00,,ACTIVE,COVID19MEXICO,2026-08-24
MUNICIPALITY,42000000-0000-0000-0000-000000002042,Xicotencatl,MEASLES,Measles,SUSPECTED,1,2026-08-18 00:00:00,,ACTIVE,EFES_ABIERTO,2026-08-18
MUNICIPALITY,42000000-0000-0000-0000-000000002042,Xicotencatl,RUBELLA,Rubella,SUSPECTED,1,2026-08-18 00:00:00,,ACTIVE,EFES_ABIERTO,2026-08-18
MUNICIPALITY,42000000-0000-0000-0000-000000001782,Xicotepec,COVID-19,COVID-19,CONFIRMED,2,2026-07-26 00:00:00,,ACTIVE,COVID19MEXICO,2026-08-24
MUNICIPALITY,42000000-0000-0000-0000-000000001782,Xicotepec,COVID-19,COVID-19,SUSPECTED,2,2026-07-25 00:00:00,,ACTIVE,COVID19MEXICO,2026-08-24
MUNICIPALITY,42000000-0000-0000-0000-000000001782,Xicotepec,INFLUENZA,Influenza,SUSPECTED,2,2026-07-25 00:00:00,,ACTIVE,COVID19MEXICO,2026-08-24
MUNICIPALITY,42000000-0000-0000-0000-000000001885,Xilitla,INFLUENZA,Influenza,CONFIRMED,1,2026-07-05 00:00:00,,ACTIVE,COVID19MEXICO,2026-08-24
MUNICIPALITY,42000000-0000-0000-0000-000000002417,Xocchel,COVID-19,COVID-19,CONFIRMED,1,2026-07-10 00:00:00,,ACTIVE,COVID19MEXICO,2026-08-24
MUNICIPALITY,42000000-0000-0000-0000-000000000540,Xochicoatlan,COVID-19,COVID-19,CONFIRMED,1,2026-07-29 00:00:00,,ACTIVE,COVID19MEXICO,2026-08-24
MUNICIPALITY,42000000-0000-0000-0000-000000001786,Xochiltepec,COVID-19,COVID-19,SUSPECTED,1,2026-06-22 00:00:00,,ACTIVE,COVID19MEXICO,2026-08-24
MUNICIPALITY,42000000-0000-0000-0000-000000001786,Xochiltepec,INFLUENZA,Influenza,SUSPECTED,1,2026-06-22 00:00:00,,ACTIVE,COVID19MEXICO,2026-08-24
MUNICIPALITY,42000000-0000-0000-0000-000000000287,Xochimilco,COVID-19,COVID-19,CONFIRMED,38,2026-06-03 00:00:00,,ACTIVE,COVID19MEXICO,2026-08-24
MUNICIPALITY,42000000-0000-0000-0000-000000000287,Xochimilco,COVID-19,COVID-19,SUSPECTED,37,2026-06-01 00:00:00,,ACTIVE,COVID19MEXICO,2026-08-24
MUNICIPALITY,42000000-0000-0000-0000-000000000287,Xochimilco,INFLUENZA,Influenza,CONFIRMED,3,2026-07-06 00:00:00,,ACTIVE,COVID19MEXICO,2026-08-24
MUNICIPALITY,42000000-0000-0000-0000-000000000287,Xochimilco,INFLUENZA,Influenza,SUSPECTED,37,2026-06-01 00:00:00,,ACTIVE,COVID19MEXICO,2026-08-24
MUNICIPALITY,42000000-0000-0000-0000-000000000287,Xochimilco,MEASLES,Measles,SUSPECTED,1,2026-08-18 00:00:00,,ACTIVE,EFES_ABIERTO,2026-08-18
MUNICIPALITY,42000000-0000-0000-0000-000000000287,Xochimilco,RUBELLA,Rubella,SUSPECTED,1,2026-08-18 00:00:00,,ACTIVE,EFES_ABIERTO,2026-08-18
MUNICIPALITY,42000000-0000-0000-0000-000000000447,Xochistlahuaca,DENGUE,Dengue fever,SUSPECTED,1,2026-07-09 00:00:00,,ACTIVE,DENGUE_ABIERTO,2026-08-20
MUNICIPALITY,42000000-0000-0000-0000-000000000936,Xochitepec,COVID-19,COVID-19,CONFIRMED,2,2026-06-10 00:00:00,,ACTIVE,COVID19MEXICO,2026-08-24
MUNICIPALITY,42000000-0000-0000-0000-000000000936,Xochitepec,COVID-19,COVID-19,SUSPECTED,1,2026-07-16 00:00:00,,ACTIVE,COVID19MEXICO,2026-08-24
MUNICIPALITY,42000000-0000-0000-0000-000000000936,Xochitepec,DENGUE,Dengue fever,SUSPECTED,1,2026-06-24 00:00:00,,ACTIVE,DENGUE_ABIERTO,2026-08-20
MUNICIPALITY,42000000-0000-0000-0000-000000000936,Xochitepec,INFLUENZA,Influenza,SUSPECTED,1,2026-07-16 00:00:00,,ACTIVE,COVID19MEXICO,2026-08-24
MUNICIPALITY,42000000-0000-0000-0000-000000000936,Xochitepec,MEASLES,Measles,SUSPECTED,1,2026-08-18 00:00:00,,ACTIVE,EFES_ABIERTO,2026-08-18
MUNICIPALITY,42000000-0000-0000-0000-000000000936,Xochitepec,RUBELLA,Rubella,SUSPECTED,1,2026-08-18 00:00:00,,ACTIVE,EFES_ABIERTO,2026-08-18
MUNICIPALITY,42000000-0000-0000-0000-000000000785,Xonacatlan,COVID-19,COVID-19,SUSPECTED,1,2026-06-28 00:00:00,,ACTIVE,COVID19MEXICO,2026-08-24
MUNICIPALITY,42000000-0000-0000-0000-000000000785,Xonacatlan,INFLUENZA,Influenza,SUSPECTED,1,2026-06-28 00:00:00,,ACTIVE,COVID19MEXICO,2026-08-24
MUNICIPALITY,42000000-0000-0000-0000-000000000943,Xoxocotla,COVID-19,COVID-19,CONFIRMED,1,2026-07-09 00:00:00,,ACTIVE,COVID19MEXICO,2026-08-24
MUNICIPALITY,42000000-0000-0000-0000-000000000663,Yahualica de Gonzalez Gallo,MEASLES,Measles,SUSPECTED,1,2026-08-18 00:00:00,,ACTIVE,EFES_ABIERTO,2026-08-18
MUNICIPALITY,42000000-0000-0000-0000-000000000663,Yahualica de Gonzalez Gallo,RUBELLA,Rubella,SUSPECTED,1,2026-08-18 00:00:00,,ACTIVE,EFES_ABIERTO,2026-08-18
MUNICIPALITY,42000000-0000-0000-0000-000000000192,Yajalon,MEASLES,Measles,SUSPECTED,2,2026-08-18 00:00:00,,ACTIVE,EFES_ABIERTO,2026-08-18
MUNICIPALITY,42000000-0000-0000-0000-000000000192,Yajalon,RUBELLA,Rubella,SUSPECTED,2,2026-08-18 00:00:00,,ACTIVE,EFES_ABIERTO,2026-08-18
MUNICIPALITY,42000000-0000-0000-0000-000000002298,Yanga,COVID-19,COVID-19,SUSPECTED,1,2026-08-07 00:00:00,,ACTIVE,COVID19MEXICO,2026-08-24
MUNICIPALITY,42000000-0000-0000-0000-000000002298,Yanga,INFLUENZA,Influenza,SUSPECTED,1,2026-08-07 00:00:00,,ACTIVE,COVID19MEXICO,2026-08-24
MUNICIPALITY,42000000-0000-0000-0000-000000002085,Yauhquemehcan,COVID-19,COVID-19,SUSPECTED,3,2026-07-01 00:00:00,,ACTIVE,COVID19MEXICO,2026-08-24
MUNICIPALITY,42000000-0000-0000-0000-000000002085,Yauhquemehcan,INFLUENZA,Influenza,SUSPECTED,3,2026-07-01 00:00:00,,ACTIVE,COVID19MEXICO,2026-08-24
MUNICIPALITY,42000000-0000-0000-0000-000000000937,Yautepec,COVID-19,COVID-19,SUSPECTED,5,2026-06-21 00:00:00,,ACTIVE,COVID19MEXICO,2026-08-24
MUNICIPALITY,42000000-0000-0000-0000-000000000937,Yautepec,INFLUENZA,Influenza,SUSPECTED,5,2026-06-21 00:00:00,,ACTIVE,COVID19MEXICO,2026-08-24
MUNICIPALITY,42000000-0000-0000-0000-000000002418,Yaxcaba,COVID-19,COVID-19,SUSPECTED,1,2026-07-22 00:00:00,,ACTIVE,COVID19MEXICO,2026-08-24
MUNICIPALITY,42000000-0000-0000-0000-000000002418,Yaxcaba,INFLUENZA,Influenza,SUSPECTED,1,2026-07-22 00:00:00,,ACTIVE,COVID19MEXICO,2026-08-24
MUNICIPALITY,42000000-0000-0000-0000-000000000938,Yecapixtla,COVID-19,COVID-19,CONFIRMED,1,2026-08-03 00:00:00,,ACTIVE,COVID19MEXICO,2026-08-24
MUNICIPALITY,42000000-0000-0000-0000-000000000938,Yecapixtla,COVID-19,COVID-19,SUSPECTED,3,2026-07-14 00:00:00,,ACTIVE,COVID19MEXICO,2026-08-24
MUNICIPALITY,42000000-0000-0000-0000-000000000938,Yecapixtla,INFLUENZA,Influenza,SUSPECTED,3,2026-07-14 00:00:00,,ACTIVE,COVID19MEXICO,2026-08-24
MUNICIPALITY,42000000-0000-0000-0000-000000000901,Yurecuaro,MEASLES,Measles,SUSPECTED,1,2026-08-18 00:00:00,,ACTIVE,EFES_ABIERTO,2026-08-18
MUNICIPALITY,42000000-0000-0000-0000-000000000901,Yurecuaro,RUBELLA,Rubella,SUSPECTED,1,2026-08-18 00:00:00,,ACTIVE,EFES_ABIERTO,2026-08-18
MUNICIPALITY,42000000-0000-0000-0000-000000000376,Yuriria,MEASLES,Measles,SUSPECTED,1,2026-08-18 00:00:00,,ACTIVE,EFES_ABIERTO,2026-08-18
MUNICIPALITY,42000000-0000-0000-0000-000000000376,Yuriria,RUBELLA,Rubella,SUSPECTED,1,2026-08-18 00:00:00,,ACTIVE,EFES_ABIERTO,2026-08-18
MUNICIPALITY,42000000-0000-0000-0000-000000001792,Zacapoaxtla,COVID-19,COVID-19,CONFIRMED,1,2026-07-20 00:00:00,,ACTIVE,COVID19MEXICO,2026-08-24
MUNICIPALITY,42000000-0000-0000-0000-000000001792,Zacapoaxtla,COVID-19,COVID-19,SUSPECTED,4,2026-06-10 00:00:00,,ACTIVE,COVID19MEXICO,2026-08-24
MUNICIPALITY,42000000-0000-0000-0000-000000001792,Zacapoaxtla,INFLUENZA,Influenza,SUSPECTED,4,2026-06-10 00:00:00,,ACTIVE,COVID19MEXICO,2026-08-24
MUNICIPALITY,42000000-0000-0000-0000-000000001792,Zacapoaxtla,MEASLES,Measles,SUSPECTED,1,2026-08-18 00:00:00,,ACTIVE,EFES_ABIERTO,2026-08-18
MUNICIPALITY,42000000-0000-0000-0000-000000001792,Zacapoaxtla,RUBELLA,Rubella,SUSPECTED,1,2026-08-18 00:00:00,,ACTIVE,EFES_ABIERTO,2026-08-18
MUNICIPALITY,42000000-0000-0000-0000-000000000902,Zacapu,MEASLES,Measles,SUSPECTED,2,2026-08-18 00:00:00,,ACTIVE,EFES_ABIERTO,2026-08-18
MUNICIPALITY,42000000-0000-0000-0000-000000000902,Zacapu,RUBELLA,Rubella,SUSPECTED,2,2026-08-18 00:00:00,,ACTIVE,EFES_ABIERTO,2026-08-18
MUNICIPALITY,42000000-0000-0000-0000-000000002476,Zacatecas,COVID-19,COVID-19,CONFIRMED,6,2026-06-21 00:00:00,,ACTIVE,COVID19MEXICO,2026-08-24
MUNICIPALITY,42000000-0000-0000-0000-000000002476,Zacatecas,COVID-19,COVID-19,SUSPECTED,12,2026-06-07 00:00:00,,ACTIVE,COVID19MEXICO,2026-08-24
MUNICIPALITY,42000000-0000-0000-0000-000000002476,Zacatecas,INFLUENZA,Influenza,CONFIRMED,1,2026-06-02 00:00:00,,ACTIVE,COVID19MEXICO,2026-08-24
MUNICIPALITY,42000000-0000-0000-0000-000000002476,Zacatecas,INFLUENZA,Influenza,SUSPECTED,12,2026-06-07 00:00:00,,ACTIVE,COVID19MEXICO,2026-08-24
MUNICIPALITY,42000000-0000-0000-0000-000000002476,Zacatecas,MEASLES,Measles,CONFIRMED,1,2026-07-01 00:00:00,,ACTIVE,EFES_ABIERTO,2026-08-18
MUNICIPALITY,42000000-0000-0000-0000-000000002476,Zacatecas,MEASLES,Measles,SUSPECTED,2,2026-08-18 00:00:00,,ACTIVE,EFES_ABIERTO,2026-08-18
MUNICIPALITY,42000000-0000-0000-0000-000000002476,Zacatecas,RUBELLA,Rubella,SUSPECTED,2,2026-08-18 00:00:00,,ACTIVE,EFES_ABIERTO,2026-08-18
MUNICIPALITY,42000000-0000-0000-0000-000000002086,Zacatelco,COVID-19,COVID-19,SUSPECTED,8,2026-06-07 00:00:00,,ACTIVE,COVID19MEXICO,2026-08-24
MUNICIPALITY,42000000-0000-0000-0000-000000002086,Zacatelco,INFLUENZA,Influenza,SUSPECTED,8,2026-06-07 00:00:00,,ACTIVE,COVID19MEXICO,2026-08-24
MUNICIPALITY,42000000-0000-0000-0000-000000000939,Zacatepec,COVID-19,COVID-19,CONFIRMED,1,2026-07-25 00:00:00,,ACTIVE,COVID19MEXICO,2026-08-24
MUNICIPALITY,42000000-0000-0000-0000-000000000939,Zacatepec,COVID-19,COVID-19,SUSPECTED,2,2026-07-09 00:00:00,,ACTIVE,COVID19MEXICO,2026-08-24
MUNICIPALITY,42000000-0000-0000-0000-000000000939,Zacatepec,INFLUENZA,Influenza,CONFIRMED,1,2026-08-11 00:00:00,,ACTIVE,COVID19MEXICO,2026-08-24
MUNICIPALITY,42000000-0000-0000-0000-000000000939,Zacatepec,INFLUENZA,Influenza,SUSPECTED,2,2026-07-09 00:00:00,,ACTIVE,COVID19MEXICO,2026-08-24
MUNICIPALITY,42000000-0000-0000-0000-000000001793,Zacatlan,COVID-19,COVID-19,CONFIRMED,3,2026-07-09 00:00:00,,ACTIVE,COVID19MEXICO,2026-08-24
MUNICIPALITY,42000000-0000-0000-0000-000000001793,Zacatlan,COVID-19,COVID-19,SUSPECTED,15,2026-06-01 00:00:00,,ACTIVE,COVID19MEXICO,2026-08-24
MUNICIPALITY,42000000-0000-0000-0000-000000001793,Zacatlan,INFLUENZA,Influenza,SUSPECTED,15,2026-06-01 00:00:00,,ACTIVE,COVID19MEXICO,2026-08-24
MUNICIPALITY,42000000-0000-0000-0000-000000001793,Zacatlan,MEASLES,Measles,SUSPECTED,1,2026-08-18 00:00:00,,ACTIVE,EFES_ABIERTO,2026-08-18
MUNICIPALITY,42000000-0000-0000-0000-000000001793,Zacatlan,RUBELLA,Rubella,SUSPECTED,1,2026-08-18 00:00:00,,ACTIVE,EFES_ABIERTO,2026-08-18
MUNICIPALITY,42000000-0000-0000-0000-000000000787,Zacualpan,COVID-19,COVID-19,SUSPECTED,1,2026-08-08 00:00:00,,ACTIVE,COVID19MEXICO,2026-08-24
MUNICIPALITY,42000000-0000-0000-0000-000000000787,Zacualpan,INFLUENZA,Influenza,SUSPECTED,1,2026-08-08 00:00:00,,ACTIVE,COVID19MEXICO,2026-08-24
MUNICIPALITY,42000000-0000-0000-0000-000000000542,Zacualtipan de Angeles,COVID-19,COVID-19,CONFIRMED,1,2026-06-30 00:00:00,,ACTIVE,COVID19MEXICO,2026-08-24
MUNICIPALITY,42000000-0000-0000-0000-000000000542,Zacualtipan de Angeles,COVID-19,COVID-19,SUSPECTED,6,2026-06-11 00:00:00,,ACTIVE,COVID19MEXICO,2026-08-24
MUNICIPALITY,42000000-0000-0000-0000-000000000542,Zacualtipan de Angeles,INFLUENZA,Influenza,SUSPECTED,6,2026-06-11 00:00:00,,ACTIVE,COVID19MEXICO,2026-08-24
MUNICIPALITY,42000000-0000-0000-0000-000000000903,Zamora,COVID-19,COVID-19,CONFIRMED,2,2026-07-13 00:00:00,,ACTIVE,COVID19MEXICO,2026-08-24
MUNICIPALITY,42000000-0000-0000-0000-000000000903,Zamora,COVID-19,COVID-19,SUSPECTED,6,2026-06-05 00:00:00,,ACTIVE,COVID19MEXICO,2026-08-24
MUNICIPALITY,42000000-0000-0000-0000-000000000903,Zamora,INFLUENZA,Influenza,SUSPECTED,6,2026-06-05 00:00:00,,ACTIVE,COVID19MEXICO,2026-08-24
MUNICIPALITY,42000000-0000-0000-0000-000000000903,Zamora,MEASLES,Measles,SUSPECTED,5,2026-08-18 00:00:00,,ACTIVE,EFES_ABIERTO,2026-08-18
MUNICIPALITY,42000000-0000-0000-0000-000000000903,Zamora,RUBELLA,Rubella,SUSPECTED,5,2026-08-18 00:00:00,,ACTIVE,EFES_ABIERTO,2026-08-18
MUNICIPALITY,42000000-0000-0000-0000-000000000665,Zapopan,COVID-19,COVID-19,CONFIRMED,9,2026-06-16 00:00:00,,ACTIVE,COVID19MEXICO,2026-08-24
MUNICIPALITY,42000000-0000-0000-0000-000000000665,Zapopan,COVID-19,COVID-19,SUSPECTED,11,2026-06-14 00:00:00,,ACTIVE,COVID19MEXICO,2026-08-24
MUNICIPALITY,42000000-0000-0000-0000-000000000665,Zapopan,DENGUE,Dengue fever,SUSPECTED,1,2026-07-31 00:00:00,,ACTIVE,DENGUE_ABIERTO,2026-08-20
MUNICIPALITY,42000000-0000-0000-0000-000000000665,Zapopan,INFLUENZA,Influenza,SUSPECTED,11,2026-06-14 00:00:00,,ACTIVE,COVID19MEXICO,2026-08-24
MUNICIPALITY,42000000-0000-0000-0000-000000000665,Zapopan,MEASLES,Measles,CONFIRMED,58,2026-06-01 00:00:00,,ACTIVE,EFES_ABIERTO,2026-08-18
MUNICIPALITY,42000000-0000-0000-0000-000000000665,Zapopan,MEASLES,Measles,SUSPECTED,227,2026-08-18 00:00:00,,ACTIVE,EFES_ABIERTO,2026-08-18
MUNICIPALITY,42000000-0000-0000-0000-000000000665,Zapopan,RUBELLA,Rubella,SUSPECTED,227,2026-08-18 00:00:00,,ACTIVE,EFES_ABIERTO,2026-08-18
MUNICIPALITY,42000000-0000-0000-0000-000000001794,Zapotitlan,COVID-19,COVID-19,SUSPECTED,1,2026-07-21 00:00:00,,ACTIVE,COVID19MEXICO,2026-08-24
MUNICIPALITY,42000000-0000-0000-0000-000000001794,Zapotitlan,INFLUENZA,Influenza,SUSPECTED,1,2026-07-21 00:00:00,,ACTIVE,COVID19MEXICO,2026-08-24
MUNICIPALITY,42000000-0000-0000-0000-000000001795,Zapotitlan de Mendez,COVID-19,COVID-19,SUSPECTED,1,2026-07-22 00:00:00,,ACTIVE,COVID19MEXICO,2026-08-24
MUNICIPALITY,42000000-0000-0000-0000-000000001795,Zapotitlan de Mendez,INFLUENZA,Influenza,SUSPECTED,1,2026-07-22 00:00:00,,ACTIVE,COVID19MEXICO,2026-08-24
MUNICIPALITY,42000000-0000-0000-0000-000000000667,Zapotitlan de Vadillo,MEASLES,Measles,SUSPECTED,1,2026-08-18 00:00:00,,ACTIVE,EFES_ABIERTO,2026-08-18
MUNICIPALITY,42000000-0000-0000-0000-000000000667,Zapotitlan de Vadillo,RUBELLA,Rubella,SUSPECTED,1,2026-08-18 00:00:00,,ACTIVE,EFES_ABIERTO,2026-08-18
MUNICIPALITY,42000000-0000-0000-0000-000000000543,Zapotlan de Juarez,COVID-19,COVID-19,CONFIRMED,2,2026-07-08 00:00:00,,ACTIVE,COVID19MEXICO,2026-08-24
MUNICIPALITY,42000000-0000-0000-0000-000000000568,Zapotlan el Grande,COVID-19,COVID-19,CONFIRMED,3,2026-07-21 00:00:00,,ACTIVE,COVID19MEXICO,2026-08-24
MUNICIPALITY,42000000-0000-0000-0000-000000000568,Zapotlan el Grande,MEASLES,Measles,SUSPECTED,5,2026-08-18 00:00:00,,ACTIVE,EFES_ABIERTO,2026-08-18
MUNICIPALITY,42000000-0000-0000-0000-000000000568,Zapotlan el Grande,RUBELLA,Rubella,SUSPECTED,5,2026-08-18 00:00:00,,ACTIVE,EFES_ABIERTO,2026-08-18
MUNICIPALITY,42000000-0000-0000-0000-000000000669,Zapotlanejo,COVID-19,COVID-19,CONFIRMED,1,2026-07-15 00:00:00,,ACTIVE,COVID19MEXICO,2026-08-24
MUNICIPALITY,42000000-0000-0000-0000-000000000669,Zapotlanejo,COVID-19,COVID-19,SUSPECTED,3,2026-06-09 00:00:00,,ACTIVE,COVID19MEXICO,2026-08-24
MUNICIPALITY,42000000-0000-0000-0000-000000000669,Zapotlanejo,INFLUENZA,Influenza,SUSPECTED,3,2026-06-09 00:00:00,,ACTIVE,COVID19MEXICO,2026-08-24
MUNICIPALITY,42000000-0000-0000-0000-000000000669,Zapotlanejo,MEASLES,Measles,CONFIRMED,2,2026-06-04 00:00:00,,ACTIVE,EFES_ABIERTO,2026-08-18
MUNICIPALITY,42000000-0000-0000-0000-000000000669,Zapotlanejo,MEASLES,Measles,SUSPECTED,12,2026-08-18 00:00:00,,ACTIVE,EFES_ABIERTO,2026-08-18
MUNICIPALITY,42000000-0000-0000-0000-000000000669,Zapotlanejo,RUBELLA,Rubella,SUSPECTED,12,2026-08-18 00:00:00,,ACTIVE,EFES_ABIERTO,2026-08-18
MUNICIPALITY,42000000-0000-0000-0000-000000001886,Zaragoza,COVID-19,COVID-19,CONFIRMED,1,2026-07-06 00:00:00,,ACTIVE,COVID19MEXICO,2026-08-24
MUNICIPALITY,42000000-0000-0000-0000-000000001796,Zaragoza,COVID-19,COVID-19,SUSPECTED,1,2026-06-02 00:00:00,,ACTIVE,COVID19MEXICO,2026-08-24
MUNICIPALITY,42000000-0000-0000-0000-000000001796,Zaragoza,INFLUENZA,Influenza,SUSPECTED,1,2026-06-02 00:00:00,,ACTIVE,COVID19MEXICO,2026-08-24
MUNICIPALITY,42000000-0000-0000-0000-000000001796,Zaragoza,MEASLES,Measles,SUSPECTED,1,2026-08-18 00:00:00,,ACTIVE,EFES_ABIERTO,2026-08-18
MUNICIPALITY,42000000-0000-0000-0000-000000001796,Zaragoza,RUBELLA,Rubella,SUSPECTED,1,2026-08-18 00:00:00,,ACTIVE,EFES_ABIERTO,2026-08-18
MUNICIPALITY,42000000-0000-0000-0000-000000001797,Zautla,COVID-19,COVID-19,SUSPECTED,1,2026-06-22 00:00:00,,ACTIVE,COVID19MEXICO,2026-08-24
MUNICIPALITY,42000000-0000-0000-0000-000000001797,Zautla,INFLUENZA,Influenza,SUSPECTED,1,2026-06-22 00:00:00,,ACTIVE,COVID19MEXICO,2026-08-24
MUNICIPALITY,42000000-0000-0000-0000-000000000544,Zempoala,COVID-19,COVID-19,CONFIRMED,1,2026-08-10 00:00:00,,ACTIVE,COVID19MEXICO,2026-08-24
MUNICIPALITY,42000000-0000-0000-0000-000000000544,Zempoala,COVID-19,COVID-19,SUSPECTED,5,2026-06-11 00:00:00,,ACTIVE,COVID19MEXICO,2026-08-24
MUNICIPALITY,42000000-0000-0000-0000-000000000544,Zempoala,INFLUENZA,Influenza,SUSPECTED,5,2026-06-11 00:00:00,,ACTIVE,COVID19MEXICO,2026-08-24
MUNICIPALITY,42000000-0000-0000-0000-000000000545,Zimapan,COVID-19,COVID-19,SUSPECTED,21,2026-06-13 00:00:00,,ACTIVE,COVID19MEXICO,2026-08-24
MUNICIPALITY,42000000-0000-0000-0000-000000000545,Zimapan,INFLUENZA,Influenza,SUSPECTED,21,2026-06-13 00:00:00,,ACTIVE,COVID19MEXICO,2026-08-24
MUNICIPALITY,42000000-0000-0000-0000-000000001585,Zimatlan de Alvarez,COVID-19,COVID-19,SUSPECTED,3,2026-06-14 00:00:00,,ACTIVE,COVID19MEXICO,2026-08-24
MUNICIPALITY,42000000-0000-0000-0000-000000001585,Zimatlan de Alvarez,INFLUENZA,Influenza,SUSPECTED,3,2026-06-14 00:00:00,,ACTIVE,COVID19MEXICO,2026-08-24
MUNICIPALITY,42000000-0000-0000-0000-000000000788,Zinacantepec,COVID-19,COVID-19,CONFIRMED,1,2026-07-29 00:00:00,,ACTIVE,COVID19MEXICO,2026-08-24
MUNICIPALITY,42000000-0000-0000-0000-000000000788,Zinacantepec,COVID-19,COVID-19,SUSPECTED,6,2026-06-05 00:00:00,,ACTIVE,COVID19MEXICO,2026-08-24
MUNICIPALITY,42000000-0000-0000-0000-000000000788,Zinacantepec,INFLUENZA,Influenza,SUSPECTED,6,2026-06-05 00:00:00,,ACTIVE,COVID19MEXICO,2026-08-24
MUNICIPALITY,42000000-0000-0000-0000-000000000788,Zinacantepec,MEASLES,Measles,SUSPECTED,2,2026-08-18 00:00:00,,ACTIVE,EFES_ABIERTO,2026-08-18
MUNICIPALITY,42000000-0000-0000-0000-000000000788,Zinacantepec,RUBELLA,Rubella,SUSPECTED,2,2026-08-18 00:00:00,,ACTIVE,EFES_ABIERTO,2026-08-18
MUNICIPALITY,42000000-0000-0000-0000-000000001799,Zinacatepec,COVID-19,COVID-19,SUSPECTED,4,2026-06-01 00:00:00,,ACTIVE,COVID19MEXICO,2026-08-24
MUNICIPALITY,42000000-0000-0000-0000-000000001799,Zinacatepec,INFLUENZA,Influenza,SUSPECTED,4,2026-06-01 00:00:00,,ACTIVE,COVID19MEXICO,2026-08-24
MUNICIPALITY,42000000-0000-0000-0000-000000000904,Zinaparo,MEASLES,Measles,SUSPECTED,1,2026-08-18 00:00:00,,ACTIVE,EFES_ABIERTO,2026-08-18
MUNICIPALITY,42000000-0000-0000-0000-000000000904,Zinaparo,RUBELLA,Rubella,SUSPECTED,1,2026-08-18 00:00:00,,ACTIVE,EFES_ABIERTO,2026-08-18
MUNICIPALITY,42000000-0000-0000-0000-000000000905,Zinapecuaro,COVID-19,COVID-19,SUSPECTED,2,2026-07-05 00:00:00,,ACTIVE,COVID19MEXICO,2026-08-24
MUNICIPALITY,42000000-0000-0000-0000-000000000905,Zinapecuaro,INFLUENZA,Influenza,SUSPECTED,2,2026-07-05 00:00:00,,ACTIVE,COVID19MEXICO,2026-08-24
MUNICIPALITY,42000000-0000-0000-0000-000000000906,Ziracuaretiro,COVID-19,COVID-19,SUSPECTED,1,2026-07-26 00:00:00,,ACTIVE,COVID19MEXICO,2026-08-24
MUNICIPALITY,42000000-0000-0000-0000-000000000906,Ziracuaretiro,INFLUENZA,Influenza,SUSPECTED,1,2026-07-26 00:00:00,,ACTIVE,COVID19MEXICO,2026-08-24
MUNICIPALITY,42000000-0000-0000-0000-000000000906,Ziracuaretiro,MEASLES,Measles,SUSPECTED,1,2026-08-18 00:00:00,,ACTIVE,EFES_ABIERTO,2026-08-18
MUNICIPALITY,42000000-0000-0000-0000-000000000906,Ziracuaretiro,RUBELLA,Rubella,SUSPECTED,1,2026-08-18 00:00:00,,ACTIVE,EFES_ABIERTO,2026-08-18
MUNICIPALITY,42000000-0000-0000-0000-000000000907,Zitacuaro,COVID-19,COVID-19,SUSPECTED,7,2026-06-05 00:00:00,,ACTIVE,COVID19MEXICO,2026-08-24
MUNICIPALITY,42000000-0000-0000-0000-000000000907,Zitacuaro,INFLUENZA,Influenza,SUSPECTED,7,2026-06-05 00:00:00,,ACTIVE,COVID19MEXICO,2026-08-24
MUNICIPALITY,42000000-0000-0000-0000-000000000907,Zitacuaro,MEASLES,Measles,SUSPECTED,3,2026-08-18 00:00:00,,ACTIVE,EFES_ABIERTO,2026-08-18
MUNICIPALITY,42000000-0000-0000-0000-000000000907,Zitacuaro,RUBELLA,Rubella,SUSPECTED,3,2026-08-18 00:00:00,,ACTIVE,EFES_ABIERTO,2026-08-18
MUNICIPALITY,42000000-0000-0000-0000-000000000450,Zitlala,COVID-19,COVID-19,SUSPECTED,1,2026-07-03 00:00:00,,ACTIVE,COVID19MEXICO,2026-08-24
MUNICIPALITY,42000000-0000-0000-0000-000000000450,Zitlala,INFLUENZA,Influenza,SUSPECTED,1,2026-07-03 00:00:00,,ACTIVE,COVID19MEXICO,2026-08-24
MUNICIPALITY,42000000-0000-0000-0000-000000000789,Zumpahuacan,COVID-19,COVID-19,SUSPECTED,4,2026-06-23 00:00:00,,ACTIVE,COVID19MEXICO,2026-08-24
MUNICIPALITY,42000000-0000-0000-0000-000000000789,Zumpahuacan,INFLUENZA,Influenza,SUSPECTED,4,2026-06-23 00:00:00,,ACTIVE,COVID19MEXICO,2026-08-24
MUNICIPALITY,42000000-0000-0000-0000-000000000789,Zumpahuacan,MEASLES,Measles,SUSPECTED,1,2026-08-18 00:00:00,,ACTIVE,EFES_ABIERTO,2026-08-18
MUNICIPALITY,42000000-0000-0000-0000-000000000789,Zumpahuacan,RUBELLA,Rubella,SUSPECTED,1,2026-08-18 00:00:00,,ACTIVE,EFES_ABIERTO,2026-08-18
MUNICIPALITY,42000000-0000-0000-0000-000000000790,Zumpango,COVID-19,COVID-19,CONFIRMED,4,2026-07-04 00:00:00,,ACTIVE,COVID19MEXICO,2026-08-24
MUNICIPALITY,42000000-0000-0000-0000-000000000790,Zumpango,COVID-19,COVID-19,SUSPECTED,3,2026-07-03 00:00:00,,ACTIVE,COVID19MEXICO,2026-08-24
MUNICIPALITY,42000000-0000-0000-0000-000000000790,Zumpango,INFLUENZA,Influenza,SUSPECTED,3,2026-07-03 00:00:00,,ACTIVE,COVID19MEXICO,2026-08-24
MUNICIPALITY,42000000-0000-0000-0000-000000000790,Zumpango,MEASLES,Measles,SUSPECTED,3,2026-08-18 00:00:00,,ACTIVE,EFES_ABIERTO,2026-08-18
MUNICIPALITY,42000000-0000-0000-0000-000000000790,Zumpango,RUBELLA,Rubella,SUSPECTED,3,2026-08-18 00:00:00,,ACTIVE,EFES_ABIERTO,2026-08-18
